User_ID,Posts_Per_Hour,Last_Videos_Per_Day,Followers_Gain_Overnight,Avg_Followers_Per_Day,Total_Followers,Total_Following,Avg_Post_Length,Avg_Views_Per_Day,Avg_Likes_Per_Day,Avg_Comments_Per_Day,Engagement_Rate,Has_Profile_Picture,Is_Verified,Is_Private,Is_Fake
user_0,114,5,24719,959,147661,42419,114,309611,25397,2579,0.215,1,1,0,Fake
user_1,25,10,11722,26,139813,5505,18,476915,21604,948,0.26,1,1,0,Fake
user_2,281,21,10197,931,43676,18583,476,837519,31643,3644,0.041,0,1,0,Fake
user_3,250,14,19125,623,478862,22726,496,716957,36138,4810,0.075,0,1,0,Fake
user_4,228,20,29006,772,235863,29613,193,704890,38188,18,0.025,1,0,0,Fake
user_5,142,20,17732,914,481703,41029,208,166652,12351,2537,0.172,1,0,0,Fake
user_6,104,41,25411,344,352220,35762,159,153868,37464,2554,0.171,0,1,0,Fake
user_7,558,18,4771,944,44457,33261,59,18968,4585,3689,0.158,1,1,0,Fake
user_8,89,45,4830,848,422300,30007,295,328769,9114,315,0.201,1,0,1,Fake
user_9,432,17,15385,929,349292,49228,143,236863,38681,4115,0.197,0,1,1,Fake
user_10,32,38,10114,268,478854,2346,402,629795,23100,2958,0.241,0,0,1,Fake
user_11,30,41,19769,829,167045,45565,299,948944,25983,3392,0.123,0,0,0,Fake
user_12,95,25,11236,771,451663,42915,108,493233,22997,11,0.188,1,1,1,Fake
user_13,223,17,9537,605,266753,28927,432,711060,6082,4690,0.071,0,1,0,Real
user_14,238,28,12085,221,469667,6007,234,7350,35021,2251,0.095,0,1,1,Fake
user_15,517,49,264,775,59519,23392,287,499173,34922,391,0.256,0,0,0,Fake
user_16,27,23,16963,28,12062,11733,350,500597,28927,3165,0.096,1,1,1,Fake
user_17,574,47,19216,349,425069,15419,442,998216,5261,3712,0.163,1,0,1,Fake
user_18,203,37,21550,743,67384,35649,469,285880,42486,819,0.188,0,1,1,Fake
user_19,558,33,22226,849,422694,26322,160,381008,7480,2424,0.297,1,0,1,Fake
user_20,429,28,4738,636,399540,29332,231,745713,20209,4123,0.274,0,0,0,Fake
user_21,225,26,1878,444,56124,25591,239,292045,34444,3758,0.25,0,1,0,Fake
user_22,459,10,7778,886,127381,31300,301,310657,28084,4313,0.213,1,0,1,Fake
user_23,284,11,16616,437,39014,12844,36,503576,2580,1742,0.15,1,1,0,Fake
user_24,6,1,26843,801,92855,35341,267,761695,3675,566,0.279,1,1,1,Fake
user_25,163,8,27367,746,195763,43039,399,732140,42695,178,0.27,0,1,0,Fake
user_26,432,46,18332,950,34057,12239,255,828332,23662,1621,0.123,0,1,0,Fake
user_27,348,15,28137,753,80743,1718,477,59459,2856,856,0.299,0,0,0,Fake
user_28,284,42,1789,770,299844,40342,379,905490,285,2151,0.056,0,1,1,Fake
user_29,159,16,13830,58,420194,29622,477,557656,47081,2897,0.147,0,1,0,Fake
user_30,220,47,11266,826,124227,18015,19,711874,39548,3192,0.177,1,0,0,Fake
user_31,344,44,6403,111,408355,24933,344,935028,12034,2226,0.215,1,1,1,Fake
user_32,104,47,6565,566,45815,5111,70,711890,17163,2578,0.234,0,1,0,Fake
user_33,94,5,20989,397,452822,40240,281,810104,17679,3881,0.039,0,0,1,Fake
user_34,389,13,29769,975,39537,4160,251,144270,38952,1025,0.061,1,0,0,Fake
user_35,99,10,6594,738,5056,47147,92,963152,46137,1249,0.029,0,1,0,Fake
user_36,367,25,25731,954,379116,41144,222,671688,41851,3749,0.121,1,1,0,Fake
user_37,352,6,2241,694,7050,43495,459,938894,11858,2687,0.276,1,1,0,Fake
user_38,270,6,11191,294,386139,30238,339,206240,34265,3869,0.223,0,0,0,Fake
user_39,44,4,6204,879,423093,32433,421,83810,29308,4912,0.152,0,1,1,Fake
user_40,470,30,21884,960,178852,40005,27,465350,36777,2201,0.291,1,1,1,Fake
user_41,549,35,15588,547,456214,34878,25,787181,32196,447,0.221,1,0,1,Fake
user_42,127,3,22766,474,476531,32274,67,66609,22910,3727,0.147,1,1,0,Fake
user_43,387,1,22670,434,323727,25196,333,303327,41907,2193,0.011,1,1,1,Fake
user_44,80,49,15315,586,36900,35518,394,409365,30346,223,0.045,0,1,0,Fake
user_45,565,25,19653,736,81916,9824,114,782130,3263,1822,0.181,1,1,0,Fake
user_46,300,33,22689,581,305531,40870,228,76995,41055,1759,0.159,0,1,0,Fake
user_47,370,48,10850,787,328270,37656,200,862846,15264,3684,0.105,1,1,1,Fake
user_48,591,5,27918,531,456838,28604,464,647586,42110,2175,0.27,0,0,1,Fake
user_49,196,6,18953,266,241572,33148,362,600094,1091,2115,0.196,1,1,0,Fake
user_50,71,16,18549,166,330827,32586,72,355423,9259,4756,0.25,0,1,1,Fake
user_51,46,39,10998,983,457913,47090,34,764616,38643,4302,0.089,0,0,0,Fake
user_52,233,9,20188,390,173487,10086,128,255727,12856,3684,0.25,0,1,1,Fake
user_53,296,5,9818,478,412159,8486,148,604586,1180,30,0.122,0,0,0,Real
user_54,81,41,13719,763,348619,20979,480,285526,8093,4950,0.185,0,0,0,Fake
user_55,238,24,10768,946,55486,33824,161,441685,6663,1881,0.006,0,1,0,Fake
user_56,103,19,5317,243,321160,37801,165,918971,47912,2022,0.254,0,1,1,Fake
user_57,389,14,3435,135,63951,12855,496,831177,9825,4984,0.142,1,1,0,Fake
user_58,284,15,14886,929,29447,32368,139,509521,22275,872,0.211,1,0,0,Fake
user_59,464,47,28708,15,369176,49136,77,842957,41524,1873,0.105,1,0,1,Fake
user_60,373,18,25860,287,72726,2502,317,406308,864,3220,0.186,0,1,0,Fake
user_61,166,28,29836,818,104606,42159,314,428001,4181,2366,0.029,1,0,0,Fake
user_62,379,40,1382,698,481297,34874,490,138695,42188,728,0.034,1,1,0,Fake
user_63,363,8,16250,973,391152,20857,32,915175,33238,1522,0.087,1,0,0,Fake
user_64,214,8,7189,280,485785,44666,211,427237,25652,3313,0.095,1,1,1,Real
user_65,273,33,121,87,42548,34366,257,188536,40996,2461,0.294,1,1,0,Fake
user_66,73,10,20931,255,97294,42,150,260253,2367,580,0.246,1,1,1,Fake
user_67,175,1,7308,789,48079,26122,350,342587,32335,35,0.013,0,0,1,Real
user_68,546,2,22715,555,376572,42175,185,737277,18037,3156,0.283,0,0,1,Fake
user_69,250,42,7545,302,498803,12205,498,795810,11201,138,0.002,0,1,1,Fake
user_70,167,22,15287,345,48017,44717,226,604208,37461,1836,0.145,0,1,1,Fake
user_71,473,20,20444,584,2013,40973,296,394187,49429,1374,0.219,0,1,0,Fake
user_72,388,30,6984,404,227000,15563,472,967677,1504,3494,0.223,1,0,0,Fake
user_73,276,29,7832,39,415022,24161,485,2910,26312,3693,0.11,0,0,0,Fake
user_74,570,34,15753,630,359452,3399,215,380949,43356,2872,0.066,0,0,1,Fake
user_75,224,17,24070,280,122198,45580,429,243363,42148,1914,0.128,1,1,1,Fake
user_76,332,35,25177,370,110215,17650,479,14270,39369,535,0.003,0,0,0,Fake
user_77,57,28,26694,275,26213,1959,201,144564,22585,4559,0.225,1,1,0,Fake
user_78,234,8,10863,675,375903,43487,94,785425,9780,372,0.269,0,0,1,Fake
user_79,32,44,26452,256,41634,23616,164,403038,11872,2848,0.294,1,1,0,Fake
user_80,323,34,24250,801,202847,49516,491,77251,10620,4005,0.033,0,0,0,Fake
user_81,410,11,12317,668,167984,25569,29,775802,14880,3248,0.165,0,0,0,Fake
user_82,274,37,6727,829,327916,24965,203,560590,12388,1977,0.137,1,0,0,Fake
user_83,67,38,13117,790,277523,47689,82,315838,26743,717,0.102,1,1,0,Fake
user_84,216,29,6037,622,100998,40602,413,17242,39631,296,0.281,1,1,1,Fake
user_85,580,40,27069,12,249584,21749,408,136042,13816,665,0.247,1,0,0,Fake
user_86,322,47,220,127,428632,44932,74,392136,7803,219,0.033,0,0,1,Fake
user_87,217,40,11888,314,103441,29926,69,509777,41549,4373,0.3,0,1,1,Fake
user_88,511,36,324,582,371320,37302,175,852444,36752,4936,0.072,1,0,1,Fake
user_89,405,27,2416,676,259680,2511,476,582509,1027,3326,0.25,0,0,1,Fake
user_90,469,33,11727,328,317434,2007,186,951284,25194,2722,0.013,0,0,1,Fake
user_91,146,40,983,856,370290,44106,322,470207,11019,2419,0.074,1,1,0,Fake
user_92,271,40,18176,270,97551,8180,315,6226,2742,3334,0.183,0,0,1,Fake
user_93,142,34,3774,867,246001,11004,233,226578,893,775,0.133,0,1,0,Fake
user_94,252,19,4666,183,151028,18323,456,950900,32668,1357,0.075,0,1,0,Fake
user_95,574,22,9521,454,383550,35505,254,407121,41873,2638,0.026,0,0,0,Fake
user_96,551,30,14431,473,354502,11528,80,542047,12816,1850,0.124,1,0,0,Fake
user_97,269,34,6370,17,310279,48920,171,420777,1298,3245,0.123,0,1,1,Fake
user_98,598,14,20687,450,453513,22454,487,50770,8919,306,0.119,1,0,0,Fake
user_99,438,5,19191,9,451358,24545,227,346705,17149,3182,0.013,1,1,0,Fake
user_100,597,28,29907,477,32121,17584,403,973211,11322,2364,0.066,1,1,0,Fake
user_101,408,19,25084,37,232006,16463,101,852073,25224,174,0.121,1,1,0,Fake
user_102,370,23,11793,989,96955,11963,104,54351,42677,503,0.271,0,0,1,Fake
user_103,224,26,1438,367,266120,34313,490,412479,46568,2301,0.29,1,0,1,Fake
user_104,141,16,972,491,3310,25767,447,247992,27752,3611,0.102,1,1,1,Real
user_105,521,9,6524,653,41711,30191,102,43547,9102,2380,0.007,1,0,1,Fake
user_106,505,19,6482,864,92196,38901,73,415473,17010,4268,0.229,1,1,0,Fake
user_107,93,0,9309,569,103662,25825,321,415036,45989,3276,0.075,1,0,0,Real
user_108,48,0,5706,223,138024,12852,14,250301,37631,3800,0.098,1,1,0,Real
user_109,112,33,7174,418,75441,9198,179,455053,29571,4910,0.102,0,0,1,Fake
user_110,156,48,29012,59,460417,23135,130,869515,23821,2460,0.126,0,0,1,Fake
user_111,163,8,8585,593,284163,40067,120,8769,15677,4599,0.282,0,0,1,Real
user_112,432,22,23554,961,301693,19278,487,388984,30773,3101,0.268,1,0,1,Fake
user_113,65,18,5710,81,99271,12169,335,46154,48154,4783,0.202,0,0,1,Real
user_114,394,30,11135,283,366984,41831,341,135544,41619,4250,0.122,0,1,1,Fake
user_115,390,34,27772,918,65017,16162,347,766439,18892,4840,0.267,0,0,0,Fake
user_116,479,0,18170,624,368505,41546,160,556690,1630,2225,0.224,1,0,1,Fake
user_117,541,44,8059,564,399332,8722,235,930191,45697,4167,0.043,1,1,1,Fake
user_118,257,31,5850,321,39730,44795,416,672211,21406,2067,0.217,1,1,1,Fake
user_119,566,48,6422,976,98670,34911,25,91991,32428,4233,0.034,0,1,0,Fake
user_120,11,30,704,65,98067,48454,142,678407,45244,568,0.002,0,0,0,Fake
user_121,117,19,5769,451,444919,37752,265,664049,6030,3828,0.288,1,1,1,Real
user_122,549,0,27619,184,168509,17645,167,449770,42074,99,0.271,0,0,1,Fake
user_123,273,49,8578,264,396511,25649,255,278902,49980,2018,0.254,0,0,1,Fake
user_124,348,27,29840,784,119388,14561,471,878098,18159,3320,0.275,1,1,1,Fake
user_125,114,18,3315,805,85156,12751,209,8403,19993,872,0.277,1,1,0,Fake
user_126,300,38,687,282,206919,35794,165,654148,25626,207,0.165,1,1,0,Fake
user_127,445,14,27244,265,333078,37525,287,571493,43472,438,0.013,0,1,1,Fake
user_128,161,50,22198,889,438325,6756,157,616319,39161,3735,0.174,0,1,1,Fake
user_129,464,0,4497,506,310540,22294,360,126545,24083,3838,0.096,1,1,1,Fake
user_130,3,35,12416,130,155566,26535,412,11480,26739,32,0.287,1,1,0,Fake
user_131,269,23,21458,232,315387,10775,176,901336,44452,588,0.232,1,1,1,Fake
user_132,512,12,25801,645,216154,17087,200,226865,32508,3641,0.291,0,1,0,Fake
user_133,182,26,29000,178,265632,5217,315,615138,16758,3983,0.025,1,0,1,Fake
user_134,519,35,3636,150,335856,44857,124,45929,3257,1817,0.157,1,0,1,Fake
user_135,108,27,11088,892,149633,44599,317,621139,47209,3936,0.255,1,0,1,Fake
user_136,305,25,6889,632,114430,21487,233,124010,24931,2565,0.136,1,0,0,Fake
user_137,519,15,9996,671,223621,12229,177,172919,35569,4703,0.206,0,1,1,Fake
user_138,203,10,14948,50,131569,34933,97,61553,32305,2539,0.061,1,0,1,Fake
user_139,156,45,7869,238,432258,49905,59,844621,13649,4878,0.054,0,1,1,Fake
user_140,382,47,12112,117,180753,22143,444,776764,23716,1616,0.072,0,1,1,Fake
user_141,165,41,26525,670,385584,47344,431,248782,42332,1654,0.24,1,0,1,Fake
user_142,552,24,12201,39,126233,31673,428,670139,19918,302,0.056,0,1,1,Fake
user_143,543,24,21656,188,278161,11658,128,30212,16590,3638,0.241,0,1,1,Fake
user_144,0,14,5615,700,3661,22501,283,150116,24423,4323,0.228,0,1,1,Real
user_145,331,16,17266,518,343325,25498,125,382558,14343,845,0.276,0,0,0,Fake
user_146,500,5,26182,881,466907,10989,170,141825,16671,906,0.005,1,1,1,Fake
user_147,19,27,20421,450,358367,37712,13,24437,21646,605,0.26,1,0,1,Fake
user_148,114,40,28890,593,131946,11262,260,637859,47484,3623,0.082,1,0,0,Fake
user_149,371,15,14212,324,147560,26453,435,275033,4298,873,0.085,0,1,1,Fake
user_150,314,33,28783,42,395468,38608,51,355432,18395,4700,0.175,1,0,0,Fake
user_151,245,48,23296,566,84548,14526,80,165758,24957,3466,0.096,1,0,1,Fake
user_152,59,39,2142,734,33896,45521,157,722007,42946,426,0.025,1,1,1,Fake
user_153,246,44,3882,233,32306,14566,180,209747,28123,299,0.261,1,1,1,Fake
user_154,580,43,4732,62,32916,22500,383,804669,35977,2277,0.099,1,0,1,Fake
user_155,80,17,28925,974,258957,34717,188,988553,35157,193,0.245,1,1,0,Fake
user_156,87,18,4285,731,180472,39841,121,482416,43428,1394,0.269,0,0,0,Real
user_157,497,41,26047,265,473271,44986,62,793747,27448,760,0.175,1,1,0,Fake
user_158,70,47,6214,998,384258,24251,95,389050,23195,2195,0.057,0,0,1,Fake
user_159,545,34,6281,263,31669,6699,369,596035,33692,2347,0.258,1,0,0,Fake
user_160,128,17,17450,16,324977,14650,434,490199,13017,2406,0.212,0,1,0,Fake
user_161,131,26,12392,694,396178,33061,451,729928,43663,705,0.068,0,1,1,Fake
user_162,486,12,22752,865,428712,6960,470,626477,48990,2921,0.044,1,1,1,Fake
user_163,562,4,12263,878,225493,36695,315,384479,17541,2737,0.053,1,0,0,Fake
user_164,169,11,10418,869,41917,46570,38,242499,33205,4848,0.205,1,0,0,Fake
user_165,271,8,19646,361,353388,25638,11,899120,12995,3464,0.124,0,1,0,Fake
user_166,540,18,14075,553,400783,24197,389,117559,19442,3667,0.158,0,1,0,Fake
user_167,433,7,20845,735,471146,23973,137,602383,36802,2288,0.1,0,1,0,Fake
user_168,216,40,8013,45,375447,1681,211,680806,48589,1863,0.279,1,1,1,Fake
user_169,552,29,1513,614,233796,42324,75,864424,14984,1903,0.099,1,1,1,Fake
user_170,205,39,25004,240,6290,32088,347,195740,43342,1911,0.033,0,0,1,Fake
user_171,319,28,20186,358,390211,34008,104,411485,23145,4251,0.007,0,0,1,Fake
user_172,408,17,19245,111,353632,17226,494,43683,42920,2482,0.216,1,1,0,Fake
user_173,382,44,6196,79,46258,25315,56,51945,35850,4625,0.091,0,0,0,Fake
user_174,448,39,27998,519,166932,36613,486,653557,28112,3335,0.257,0,0,1,Fake
user_175,529,31,17546,454,308354,21258,454,751417,41286,2805,0.196,1,1,1,Fake
user_176,462,12,9639,115,404428,1024,44,559358,10487,3064,0.019,1,1,1,Fake
user_177,123,20,25873,523,480422,39969,485,451289,27295,1325,0.213,0,1,0,Fake
user_178,253,1,4868,79,479449,21000,377,45086,32409,1874,0.163,1,1,1,Real
user_179,230,9,10737,242,189519,49544,408,139510,14144,4649,0.01,1,1,0,Fake
user_180,65,3,8099,208,365992,31966,251,904963,28454,892,0.095,1,1,1,Fake
user_181,346,34,1745,333,357082,44571,131,485981,25666,3932,0.015,0,1,1,Fake
user_182,21,1,20626,584,317459,18828,482,365761,19642,217,0.066,1,1,0,Fake
user_183,567,11,26070,380,355569,17151,408,961786,33920,1729,0.085,0,0,0,Fake
user_184,235,6,9177,849,34539,14693,337,854303,20525,1918,0.232,1,1,1,Fake
user_185,225,18,28601,842,298425,498,83,993549,15750,2950,0.217,1,0,0,Fake
user_186,7,17,4143,697,137592,12724,334,516944,10109,1997,0.067,1,1,0,Real
user_187,72,8,27902,425,381235,20094,247,979836,1920,10,0.125,1,0,1,Fake
user_188,60,45,16654,73,440257,41164,263,309619,43450,453,0.229,1,1,0,Fake
user_189,234,28,19139,657,167281,40840,90,693723,30193,2548,0.002,0,0,0,Fake
user_190,69,46,29027,436,236342,7862,227,337306,30982,4797,0.145,1,1,0,Fake
user_191,32,0,16023,896,187754,44264,405,270311,23915,4780,0.232,0,0,1,Fake
user_192,338,14,6856,289,389122,33574,148,850730,34375,1475,0.21,0,0,0,Fake
user_193,72,5,23832,146,425179,37811,284,286632,30867,3151,0.058,0,0,0,Fake
user_194,526,9,2667,25,251893,4883,338,660775,299,3311,0.21,0,1,1,Fake
user_195,243,0,25711,334,194219,7418,289,619221,33285,2850,0.016,0,1,1,Fake
user_196,285,31,15422,621,261984,31537,384,998054,39908,1756,0.173,0,1,0,Fake
user_197,497,13,25919,807,157415,39256,136,143720,19053,3161,0.162,0,1,0,Fake
user_198,219,21,21741,368,400248,31735,326,45974,15971,914,0.085,0,0,0,Fake
user_199,552,26,20148,343,256422,10801,187,334519,10424,3912,0.122,1,0,1,Fake
user_200,135,19,2125,998,164351,3072,294,299714,42627,3738,0.297,0,1,0,Fake
user_201,584,50,5486,417,286217,13051,174,783460,26772,1928,0.07,1,1,0,Fake
user_202,590,31,16666,918,390578,34179,374,583885,39982,850,0.279,1,0,1,Fake
user_203,484,23,12717,667,99764,46182,355,634362,36756,3722,0.01,0,1,1,Fake
user_204,248,29,24618,383,119596,21863,174,295190,14315,1773,0.194,1,0,0,Fake
user_205,484,44,28915,481,307877,38140,293,727172,43049,4652,0.029,0,1,1,Fake
user_206,416,50,21137,965,89418,15467,176,299172,42521,2485,0.139,1,0,1,Fake
user_207,194,2,24613,996,22386,17637,97,970697,16503,3502,0.249,0,0,0,Fake
user_208,96,21,16684,301,362212,2470,102,345377,19711,1267,0.224,1,1,1,Fake
user_209,99,5,12263,636,185018,5636,309,236064,15981,2236,0.132,1,0,0,Fake
user_210,441,48,16337,31,214817,23869,352,538752,47762,4149,0.033,1,1,0,Fake
user_211,362,9,17003,164,243764,13774,166,94962,28221,4057,0.055,1,1,1,Fake
user_212,433,3,15213,377,461360,25855,97,130396,39129,1247,0.211,0,1,0,Fake
user_213,420,17,5865,45,242032,20157,358,584516,45253,1606,0.262,1,1,0,Fake
user_214,478,49,10545,297,170062,5780,440,17081,22099,4588,0.051,0,0,0,Fake
user_215,55,25,23346,952,484151,21315,187,661254,35099,2858,0.27,1,0,1,Fake
user_216,100,4,12251,153,417465,19244,81,588313,2075,4309,0.25,1,1,1,Fake
user_217,62,34,17218,933,443800,29732,374,126642,23332,3081,0.067,0,0,0,Fake
user_218,412,30,22757,605,495563,7046,449,753261,1558,2699,0.064,0,0,0,Fake
user_219,347,11,15836,26,211414,21415,170,574644,47451,1995,0.273,0,1,1,Fake
user_220,111,12,23450,108,243072,21480,61,624157,20027,1256,0.246,0,0,0,Fake
user_221,254,16,16213,623,455439,13257,217,408199,20914,3925,0.223,1,0,0,Fake
user_222,196,24,15524,216,471381,7026,69,364758,3904,3178,0.028,1,0,0,Fake
user_223,194,0,8792,827,243475,14194,267,659816,23670,4533,0.193,1,0,1,Fake
user_224,549,7,19044,320,237070,47771,177,367411,47233,3712,0.254,0,0,0,Fake
user_225,459,49,13138,523,80050,11371,260,555108,2089,757,0.112,1,1,1,Fake
user_226,143,45,20909,732,74492,23993,198,221628,39051,2136,0.159,0,1,1,Fake
user_227,432,15,25907,799,386850,40591,324,297159,11460,640,0.136,0,0,1,Fake
user_228,187,24,19135,759,393505,14055,53,929368,34865,1977,0.182,1,0,0,Fake
user_229,285,49,21290,520,202146,27491,239,879721,17638,2240,0.112,1,0,1,Fake
user_230,473,28,1199,802,219989,31185,44,886327,26272,4722,0.106,1,0,0,Fake
user_231,255,15,6789,595,497881,47699,38,296736,30374,1644,0.028,1,0,0,Real
user_232,77,47,7193,729,12834,34375,182,799108,10825,1018,0.286,1,1,0,Fake
user_233,453,2,29323,352,457893,6381,479,346209,48025,3945,0.071,0,1,1,Fake
user_234,563,12,6651,962,73102,15607,36,417476,536,4988,0.207,1,1,1,Fake
user_235,100,29,14813,220,413278,27934,280,425873,3351,3199,0.169,0,1,0,Fake
user_236,51,47,28284,387,166054,29316,446,164521,30007,3607,0.009,0,0,0,Fake
user_237,553,49,7680,850,199993,20795,336,909069,12915,273,0.21,1,0,1,Fake
user_238,15,6,12972,596,456261,3001,34,176028,18373,3526,0.294,0,1,0,Fake
user_239,95,33,7162,33,331451,1052,195,626123,11286,48,0.206,1,0,0,Fake
user_240,242,42,10026,672,78320,40682,167,832781,49686,2992,0.216,0,1,0,Fake
user_241,170,13,13927,743,209410,17416,316,719143,39551,2980,0.268,1,1,1,Fake
user_242,416,30,29121,153,191737,9809,57,389016,49708,4581,0.177,0,1,0,Fake
user_243,497,24,12356,390,7313,45686,142,156665,12854,829,0.232,1,1,0,Fake
user_244,492,43,18722,780,227740,42160,239,129339,37168,3913,0.182,0,0,1,Fake
user_245,218,19,5151,664,414908,7150,242,517287,2993,1875,0.164,0,0,0,Real
user_246,410,20,27604,80,428555,18578,167,646479,45674,2616,0.074,0,0,1,Fake
user_247,60,10,12258,978,346959,5710,147,519088,30634,3788,0.195,1,1,0,Fake
user_248,168,40,8340,79,474670,2306,251,54875,29283,4976,0.146,0,0,0,Fake
user_249,388,46,18040,981,90586,23190,127,330193,14894,1026,0.064,0,1,1,Fake
user_250,2,2,2777,957,79187,11621,401,733385,48385,970,0.267,1,1,1,Fake
user_251,399,47,4401,229,310869,29925,197,427191,32114,994,0.086,0,1,0,Fake
user_252,271,35,24629,578,495998,25095,336,398339,9298,3183,0.15,1,0,0,Fake
user_253,465,33,2753,515,96421,40351,119,12658,38685,1116,0.156,1,1,1,Fake
user_254,292,7,9668,588,113767,34682,192,246136,20626,2777,0.214,1,0,1,Real
user_255,433,16,14565,645,49726,7996,405,851042,17671,200,0.077,1,1,0,Fake
user_256,569,30,17000,561,8592,45618,82,428226,41611,3221,0.09,1,0,1,Fake
user_257,498,40,11520,751,205149,38779,162,107530,22633,4812,0.116,1,0,0,Fake
user_258,158,19,7542,428,247615,34322,234,850248,43709,4565,0.211,1,1,0,Fake
user_259,194,12,19135,551,78590,30991,457,440400,41214,1539,0.24,0,0,1,Fake
user_260,303,23,1348,750,142024,36797,280,881177,44933,3039,0.089,1,0,1,Fake
user_261,222,3,15245,124,176850,3941,384,146318,313,2154,0.298,0,1,0,Fake
user_262,59,42,16785,867,103681,39653,390,324635,15839,3220,0.106,1,1,1,Fake
user_263,593,13,20353,899,11366,48005,446,568077,36846,2476,0.045,1,1,0,Fake
user_264,555,7,11022,540,260740,8626,384,443607,1872,3282,0.222,1,1,0,Fake
user_265,62,15,13962,817,205642,49660,161,31964,4157,1709,0.171,1,1,1,Fake
user_266,321,40,14783,52,83003,31327,67,469389,27637,4854,0.279,0,1,0,Fake
user_267,58,27,15320,621,159133,440,436,10994,9024,4383,0.111,0,1,0,Fake
user_268,51,20,14172,483,435042,17804,414,310727,21959,4882,0.006,0,0,0,Fake
user_269,598,0,13400,675,447644,23657,442,470715,36640,3668,0.149,0,0,1,Fake
user_270,488,10,12042,537,288006,8504,246,905647,23013,127,0.282,1,0,0,Fake
user_271,514,50,26362,532,145578,15401,70,671452,7204,832,0.115,1,1,1,Fake
user_272,543,17,16303,451,119400,33702,192,161756,23222,2424,0.111,0,1,0,Fake
user_273,161,37,10388,324,99586,34523,307,794578,2519,2684,0.173,1,1,0,Fake
user_274,58,7,8946,275,255084,36556,163,442078,44340,2954,0.118,0,0,0,Real
user_275,520,25,12529,199,318151,22827,369,945603,8693,3981,0.261,1,1,0,Fake
user_276,82,50,809,856,379442,26358,422,966268,45162,40,0.141,1,0,1,Fake
user_277,190,15,5884,589,261691,10668,302,425831,45691,1890,0.264,0,1,0,Real
user_278,70,0,14473,300,226941,8968,245,16814,41682,4909,0.096,0,1,0,Fake
user_279,69,2,7660,932,228121,21685,112,137449,318,1944,0.044,0,1,1,Fake
user_280,240,37,8703,249,496674,36530,143,206297,19654,2052,0.283,1,1,0,Fake
user_281,413,50,21146,336,446482,28059,158,370482,22511,1083,0.055,0,1,0,Fake
user_282,122,44,2486,248,83792,27268,443,838626,1517,3894,0.033,0,0,0,Fake
user_283,583,30,11766,818,255507,3825,471,65942,43118,811,0.198,1,0,1,Fake
user_284,252,44,29539,786,349065,21263,318,383749,12123,4431,0.048,1,0,0,Fake
user_285,592,38,2700,1000,31331,38244,114,528448,36852,3236,0.008,1,1,0,Fake
user_286,40,9,9650,370,185267,33190,28,382904,6174,3256,0.039,1,1,1,Real
user_287,83,23,27610,236,55580,27231,180,28493,20424,4777,0.28,1,1,0,Fake
user_288,429,49,16441,466,35078,49433,128,74455,13744,1236,0.189,1,0,1,Fake
user_289,597,5,16803,322,499620,29476,260,392648,22506,2966,0.115,1,0,1,Fake
user_290,578,15,17912,766,169493,35318,271,208716,14875,2639,0.222,1,1,1,Fake
user_291,535,10,21091,995,370159,28980,283,713970,4242,1033,0.288,0,1,0,Fake
user_292,323,31,2561,118,249928,18319,25,4580,9127,4950,0.036,0,0,0,Fake
user_293,267,5,25751,709,318671,19572,123,71147,30408,448,0.131,1,0,1,Fake
user_294,209,43,9057,246,151687,10983,109,462651,39100,2697,0.258,0,1,0,Fake
user_295,321,39,7462,455,74175,9058,73,241591,17355,195,0.006,0,1,0,Fake
user_296,244,21,3224,750,123287,32290,281,712392,44812,1422,0.035,1,1,0,Fake
user_297,271,48,3885,980,271981,46275,121,761093,45001,3190,0.297,0,1,0,Fake
user_298,405,40,2337,901,494580,22143,225,665644,44062,439,0.266,1,0,1,Fake
user_299,134,3,11804,419,259119,33437,52,997329,44862,58,0.236,1,0,1,Fake
user_300,307,3,1254,370,421329,22104,457,94546,15239,392,0.131,1,1,1,Fake
user_301,468,22,17892,81,113457,48549,413,443715,14666,657,0.001,0,1,0,Fake
user_302,323,41,6563,360,218284,43864,45,521195,49191,910,0.195,0,1,0,Fake
user_303,74,9,10936,573,257166,18324,362,848259,32209,453,0.177,0,1,0,Fake
user_304,9,44,6443,517,6798,35477,112,98450,40661,681,0.253,0,1,1,Fake
user_305,469,34,22121,78,161484,41430,132,331385,49704,2676,0.001,1,1,0,Fake
user_306,576,50,10788,936,331092,22251,432,443806,21666,3474,0.167,0,0,0,Fake
user_307,102,6,8192,370,83153,48030,339,56590,12326,604,0.196,1,1,1,Real
user_308,75,8,9919,669,177513,38556,276,363710,5155,3401,0.015,1,1,0,Real
user_309,550,31,24419,495,330542,27653,480,552137,47287,576,0.262,0,0,1,Fake
user_310,218,14,26724,619,162850,23836,317,461412,47505,4795,0.298,1,0,1,Fake
user_311,518,20,25181,235,358643,20796,103,599871,6590,3765,0.15,1,1,1,Fake
user_312,271,35,22398,459,324261,46705,228,64842,7318,1577,0.122,1,0,0,Fake
user_313,135,50,27703,805,224918,40216,489,391558,9321,4602,0.05,1,0,0,Fake
user_314,357,41,8993,428,320668,18876,29,135212,15663,2112,0.007,1,1,1,Fake
user_315,70,48,6246,235,63883,11650,272,187949,43045,2067,0.279,0,0,1,Fake
user_316,250,22,23122,583,314109,32901,252,268079,23107,4212,0.241,1,1,0,Fake
user_317,378,28,19792,847,67857,8447,269,316902,37755,670,0.2,0,0,1,Fake
user_318,291,46,4517,846,277682,19958,283,78699,1913,1141,0.157,1,1,0,Fake
user_319,161,12,28016,128,147795,40264,465,219350,18007,718,0.139,0,1,0,Fake
user_320,448,1,24654,947,178833,7776,99,257210,10935,1892,0.147,0,1,0,Fake
user_321,556,44,23467,550,379981,5438,425,619425,26286,9,0.149,1,1,0,Fake
user_322,309,24,24242,250,195745,45428,477,342252,23459,384,0.015,0,1,1,Fake
user_323,541,22,17797,795,423165,28056,295,322532,12101,4555,0.083,0,0,1,Fake
user_324,8,46,29896,931,360979,21777,44,463824,30193,4194,0.177,1,1,1,Fake
user_325,567,8,8556,417,453035,1664,190,594718,17314,1146,0.04,1,0,0,Fake
user_326,306,16,279,690,67178,8921,416,278237,9764,1582,0.116,1,1,1,Fake
user_327,106,2,25233,598,193759,410,99,59364,36133,4348,0.039,1,0,1,Fake
user_328,137,31,9813,681,296394,2582,255,744127,28451,2481,0.288,1,1,1,Fake
user_329,270,45,9235,141,248262,2809,288,393610,44279,3075,0.032,0,1,0,Fake
user_330,118,28,26945,620,33095,10219,253,277048,24923,4693,0.101,0,1,0,Fake
user_331,109,35,11358,266,9285,20109,110,767476,12004,419,0.194,1,1,0,Fake
user_332,566,18,25661,814,234397,24412,14,781543,43767,4593,0.232,0,0,0,Fake
user_333,159,34,13232,293,193991,41888,156,383114,22540,3316,0.18,1,1,1,Fake
user_334,278,44,13295,349,218628,15045,433,224179,7275,3916,0.12,0,1,1,Fake
user_335,288,31,26930,321,129032,38425,294,101789,45344,1047,0.13,1,0,1,Fake
user_336,215,12,19003,120,109815,42424,232,713041,3349,1610,0.289,0,0,0,Fake
user_337,351,36,24831,83,495230,15210,104,851077,34312,1786,0.135,0,1,0,Fake
user_338,208,11,21473,418,171023,4767,171,335412,23820,602,0.191,1,1,1,Fake
user_339,270,34,389,431,360857,15494,360,728127,32499,502,0.289,0,1,1,Fake
user_340,517,22,15466,517,122388,8593,42,984580,14643,2160,0.109,1,0,1,Fake
user_341,500,20,21433,151,477178,42116,170,962488,34637,2149,0.209,1,1,0,Fake
user_342,257,46,16798,589,457112,7584,102,490249,12611,4335,0.169,1,1,0,Fake
user_343,52,29,24941,506,473198,21363,72,611869,36307,1022,0.034,1,0,0,Fake
user_344,94,17,4891,647,163859,20799,237,57057,46852,4045,0.178,1,1,0,Real
user_345,433,38,28359,902,332331,4537,364,334829,44361,3819,0.05,0,1,0,Fake
user_346,283,35,13025,791,480110,13654,166,757786,22943,2007,0.011,0,0,1,Fake
user_347,45,10,7457,202,472823,365,219,482591,22843,3380,0.26,1,0,0,Real
user_348,3,4,7435,921,249659,21232,177,129088,19172,2972,0.27,0,0,1,Fake
user_349,341,33,23702,184,412513,22277,435,600487,22427,2596,0.036,1,1,1,Fake
user_350,133,9,24547,897,147079,31491,348,978925,5259,3432,0.061,1,1,1,Fake
user_351,268,28,6877,464,290977,2214,118,771059,17009,575,0.12,1,0,0,Fake
user_352,165,18,15546,15,178654,34195,484,83835,41413,4963,0.257,0,0,0,Fake
user_353,452,16,7658,170,302629,13375,177,795314,49584,1134,0.219,0,1,0,Fake
user_354,564,34,16902,123,416189,41511,383,674219,28271,1035,0.171,0,0,0,Fake
user_355,437,23,19234,428,173571,41484,125,977698,2685,588,0.222,1,0,0,Fake
user_356,574,29,25754,269,366125,27897,257,550201,39559,4344,0.138,0,0,1,Fake
user_357,9,0,18108,783,101909,36408,425,668178,41013,4480,0.085,1,1,1,Fake
user_358,114,49,24825,567,472832,48375,422,603538,5296,1115,0.159,0,1,1,Fake
user_359,77,40,15359,728,66654,11937,411,557336,38312,1144,0.201,0,0,1,Fake
user_360,152,32,23675,952,168733,44695,272,417186,15214,171,0.052,0,0,1,Fake
user_361,558,24,26686,481,409780,6577,35,455844,21245,3364,0.013,1,1,0,Fake
user_362,36,46,15119,760,331707,18606,61,779715,6145,1747,0.149,0,1,1,Fake
user_363,378,11,11162,103,300036,19874,272,982231,5137,668,0.032,1,1,0,Fake
user_364,596,1,25949,129,477826,18636,299,314933,31236,4311,0.14,1,1,1,Fake
user_365,565,39,2813,890,120023,34066,452,888786,43618,3257,0.08,0,0,1,Fake
user_366,151,23,10258,34,371250,34392,64,753406,19951,2354,0.243,1,1,0,Fake
user_367,440,49,27715,853,310816,40429,192,424270,22545,995,0.157,1,1,1,Fake
user_368,130,39,6155,441,319494,25104,227,608946,23427,3937,0.192,0,0,1,Fake
user_369,42,15,14050,24,124265,25285,361,225242,20490,3149,0.057,1,0,0,Fake
user_370,315,20,25235,706,426414,38432,254,450557,49532,517,0.162,0,0,1,Fake
user_371,373,46,22870,170,429736,40629,106,346132,44843,1829,0.165,0,0,0,Fake
user_372,40,4,13686,74,130599,46972,159,407207,14412,238,0.219,0,0,0,Fake
user_373,366,42,6867,135,256160,32153,152,928172,45130,1274,0.147,1,1,0,Fake
user_374,215,34,14374,527,295330,9441,455,129032,29737,1553,0.149,0,1,0,Fake
user_375,255,24,14744,887,246285,32740,205,580626,45779,3387,0.153,1,1,0,Fake
user_376,105,12,27949,542,466908,45243,264,246469,2048,2144,0.283,0,1,0,Fake
user_377,362,33,18299,940,10169,14554,54,204271,27386,953,0.085,1,1,0,Fake
user_378,573,43,986,397,164343,27726,386,923907,8894,3574,0.135,1,1,0,Fake
user_379,416,31,12278,925,267890,29425,255,337923,31057,4977,0.072,0,0,1,Fake
user_380,158,49,4553,432,461755,41767,236,748141,12220,1955,0.259,1,0,0,Fake
user_381,242,35,18923,362,50112,28905,390,636772,35639,3469,0.184,0,1,1,Fake
user_382,166,9,28631,130,201401,47144,203,518936,7055,4151,0.187,1,1,0,Fake
user_383,181,39,4205,411,393316,19180,487,276659,27245,1550,0.203,1,0,1,Fake
user_384,422,18,10012,713,77780,42149,93,657668,29860,2595,0.1,1,1,0,Fake
user_385,25,20,24176,570,326949,27084,313,703125,13093,4992,0.165,1,0,0,Fake
user_386,183,26,317,247,168639,9811,424,586747,16216,4841,0.065,1,1,0,Fake
user_387,340,41,16377,729,42628,48948,213,482351,28984,541,0.071,0,1,0,Fake
user_388,421,20,26555,300,277471,417,311,415223,16395,3390,0.116,1,1,0,Fake
user_389,254,7,21589,121,257394,8502,487,573506,25249,3788,0.174,1,1,0,Fake
user_390,273,6,27338,344,242582,24005,43,7251,6256,3559,0.141,1,0,0,Fake
user_391,163,33,11621,918,315935,33771,168,392435,9201,2243,0.037,0,1,0,Fake
user_392,110,42,11135,844,472084,48414,124,720020,5693,122,0.105,1,0,1,Fake
user_393,391,4,7388,919,467093,46116,117,491475,43764,1997,0.232,0,0,0,Fake
user_394,39,2,13734,344,496576,10990,426,51564,20805,1207,0.253,0,1,0,Fake
user_395,481,8,13949,605,381590,24171,212,809497,31170,1845,0.183,1,0,1,Fake
user_396,227,11,22471,623,139464,18868,79,194757,24546,4730,0.018,0,0,0,Fake
user_397,204,2,24662,631,35088,13706,310,254685,27733,554,0.114,1,0,1,Fake
user_398,471,12,13217,110,235659,4560,319,782334,47129,4682,0.076,1,0,0,Fake
user_399,358,6,24996,739,204250,34460,304,727779,47311,1868,0.192,0,0,1,Fake
user_400,312,31,25514,46,407598,14315,141,501501,49970,1471,0.037,1,0,1,Fake
user_401,233,12,22626,75,101282,11329,464,888736,48966,2812,0.114,0,1,1,Fake
user_402,228,6,17616,756,414859,46371,202,497075,10930,1146,0.147,0,0,0,Fake
user_403,24,2,9818,942,403673,35609,332,840212,49876,4371,0.173,0,1,1,Fake
user_404,197,36,10684,363,144813,6937,416,766547,27879,1222,0.171,0,1,0,Fake
user_405,408,41,19233,972,373244,48303,230,93010,16864,3295,0.289,0,1,0,Fake
user_406,336,24,761,459,75016,8763,144,568392,6652,3720,0.173,0,0,0,Fake
user_407,285,42,18598,932,190726,12479,473,278249,11390,833,0.063,0,1,1,Fake
user_408,71,31,25734,418,444477,4123,184,256230,49365,1432,0.072,0,1,1,Fake
user_409,285,33,1055,645,407769,8276,36,897097,27807,3117,0.011,1,1,1,Fake
user_410,359,39,4559,460,30944,13119,322,6269,1883,4935,0.188,0,1,1,Fake
user_411,521,44,5036,758,248379,39752,310,844848,33665,1969,0.074,1,1,1,Fake
user_412,409,37,10821,854,129281,9385,304,673593,16878,3777,0.167,1,1,1,Fake
user_413,549,16,18618,446,117090,42280,309,105131,34453,4777,0.167,1,1,1,Fake
user_414,339,3,20638,296,331910,464,414,591042,7767,2130,0.012,0,0,0,Fake
user_415,28,23,26186,775,1600,41085,24,194624,33499,4956,0.192,0,1,0,Fake
user_416,118,14,19759,488,171554,19979,363,171906,42926,4650,0.159,0,0,1,Fake
user_417,267,38,29941,716,186735,40898,28,26773,28971,2628,0.155,0,1,0,Fake
user_418,182,45,19917,137,432452,6068,67,632784,25706,1355,0.221,1,1,1,Fake
user_419,594,4,18804,751,325400,3865,34,377362,10471,1527,0.235,1,1,1,Fake
user_420,271,0,28408,187,252996,24717,282,453495,925,2564,0.112,0,0,1,Fake
user_421,39,13,12808,741,294585,48384,314,512616,38610,1515,0.071,1,1,0,Fake
user_422,111,41,12495,784,76609,531,293,253645,40726,3395,0.253,1,1,0,Fake
user_423,444,31,6691,603,410876,5888,184,227555,3880,2107,0.053,1,1,1,Fake
user_424,353,5,12800,938,143003,34051,255,198866,27780,2114,0.207,0,0,1,Fake
user_425,321,29,2087,839,167790,16039,126,891613,37422,2468,0.016,0,0,0,Fake
user_426,446,40,17514,959,254121,27221,305,857084,15338,4261,0.179,0,0,1,Fake
user_427,523,3,12662,521,164714,17196,18,150634,5494,2280,0.083,1,1,1,Fake
user_428,118,23,6171,85,317074,32082,282,723730,39551,2034,0.165,0,1,0,Fake
user_429,394,35,15557,155,463058,10495,473,740785,28277,3516,0.147,1,0,0,Fake
user_430,590,47,3559,917,281180,13366,129,633029,15761,4441,0.144,0,0,1,Fake
user_431,194,26,10775,7,104888,47025,436,732538,1322,3563,0.037,1,0,0,Fake
user_432,260,23,18661,607,432084,36224,486,502328,15392,4155,0.056,1,0,1,Fake
user_433,45,50,14795,607,425055,30355,360,223033,40531,925,0.047,0,0,1,Fake
user_434,446,45,20938,378,338606,22610,372,824321,39171,951,0.177,1,0,1,Fake
user_435,1,3,29318,690,98668,1587,184,715770,22021,609,0.199,1,1,1,Fake
user_436,532,39,9982,664,484289,34898,93,139734,4833,2532,0.059,1,0,1,Fake
user_437,551,17,3055,464,313307,10817,58,220550,28562,1823,0.224,1,0,0,Fake
user_438,201,33,5617,388,317236,30910,370,592993,48806,1808,0.037,0,0,0,Fake
user_439,372,2,3418,328,63104,26478,53,902416,32379,379,0.069,0,0,1,Fake
user_440,441,46,22114,449,154989,33992,286,424539,3887,3490,0.292,0,0,1,Fake
user_441,71,4,18117,180,384523,46279,314,303138,20366,2109,0.24,1,1,1,Fake
user_442,338,19,5820,520,31752,5707,219,271661,21993,199,0.041,1,0,0,Fake
user_443,321,4,1050,739,385611,43591,349,41857,2129,4956,0.066,0,1,1,Fake
user_444,127,13,27081,602,463875,29886,277,195080,46679,4257,0.132,1,1,1,Fake
user_445,307,33,22577,286,102206,11596,158,910769,21622,200,0.138,1,0,1,Fake
user_446,519,6,19771,967,274465,11840,473,587906,47258,2625,0.129,0,1,0,Fake
user_447,316,6,16010,791,418826,22943,157,966325,40340,4603,0.272,1,1,1,Fake
user_448,418,46,879,99,264308,31462,97,139850,38677,4093,0.002,0,1,1,Fake
user_449,334,14,6117,237,148088,30425,343,337809,35379,3923,0.073,0,1,1,Fake
user_450,412,34,6520,304,130142,21027,160,251734,9361,697,0.195,0,1,0,Fake
user_451,302,24,2277,505,414559,17061,209,800154,8194,2735,0.206,0,0,0,Fake
user_452,567,12,29862,349,197136,48944,151,171825,44379,2599,0.243,0,0,1,Fake
user_453,130,12,12644,49,221769,23801,386,855089,46130,2848,0.132,0,0,0,Fake
user_454,196,33,9300,577,367340,36833,490,413960,47420,4864,0.251,0,0,0,Fake
user_455,430,42,6746,530,429175,41139,273,980178,27444,457,0.193,1,0,1,Fake
user_456,388,15,7636,918,447060,17408,407,842944,28882,3183,0.017,0,0,1,Fake
user_457,178,36,9538,537,5722,31708,274,939282,14913,1367,0.098,1,0,1,Fake
user_458,582,40,21612,593,156330,8891,162,482543,44348,3944,0.145,1,1,0,Fake
user_459,308,11,17183,520,136832,24832,327,394329,6550,4347,0.198,0,0,1,Fake
user_460,415,35,2293,864,107080,10142,394,647298,11353,3923,0.217,1,1,1,Fake
user_461,561,47,14898,950,75528,37435,490,901215,49845,4995,0.234,0,0,1,Fake
user_462,0,35,1882,436,155243,2142,471,622580,14110,427,0.169,1,1,0,Fake
user_463,311,26,12079,292,13255,21327,439,684448,18376,1406,0.138,1,0,1,Fake
user_464,293,47,16991,330,15110,9335,353,195907,15017,2919,0.061,1,1,1,Fake
user_465,215,6,361,393,341644,40541,324,270833,34800,4727,0.274,1,1,0,Real
user_466,440,49,5630,326,337635,5913,380,173369,36441,802,0.201,0,1,1,Fake
user_467,593,40,10707,775,399703,33484,244,460635,34772,1244,0.064,1,1,0,Fake
user_468,329,36,28170,182,220947,43894,308,496393,2521,129,0.192,1,0,1,Fake
user_469,476,22,29812,976,41266,48621,199,963060,20222,2182,0.062,1,1,0,Fake
user_470,452,43,13463,146,193269,29725,234,248257,32904,3196,0.074,1,1,0,Fake
user_471,452,29,12815,42,243762,25061,97,652161,22554,1928,0.277,1,1,1,Fake
user_472,218,44,5145,833,406741,43101,297,978375,5927,3833,0.023,1,0,1,Fake
user_473,523,42,3628,967,477000,36293,476,743554,43094,1378,0.207,1,0,0,Fake
user_474,484,27,4231,752,77392,15800,458,167199,19120,952,0.148,1,1,0,Fake
user_475,173,6,17578,903,234191,47812,199,234707,42612,3378,0.009,0,1,0,Fake
user_476,86,10,13710,748,328146,6701,431,755949,9978,1462,0.176,1,0,1,Fake
user_477,290,50,15671,215,200288,25722,406,560901,3747,3250,0.27,0,0,0,Fake
user_478,527,11,24351,440,291118,3479,465,909604,9519,3238,0.138,0,0,0,Fake
user_479,343,35,2253,531,82301,36003,261,354573,24202,184,0.015,0,0,1,Fake
user_480,95,25,12746,284,311345,11904,178,683362,39833,1772,0.082,0,1,1,Fake
user_481,240,32,29608,588,232856,47073,335,147525,15878,1194,0.01,0,1,1,Fake
user_482,317,21,28367,900,397652,28805,373,49004,26262,1558,0.236,1,1,0,Fake
user_483,230,42,6765,630,164672,7925,302,143299,19515,2654,0.114,0,0,1,Fake
user_484,203,10,4257,321,56489,42298,188,249874,24003,4167,0.211,0,0,0,Real
user_485,150,34,28522,101,491206,30721,396,719334,3027,2432,0.112,1,0,0,Fake
user_486,25,38,6739,355,143420,11504,276,191219,44533,593,0.193,1,1,0,Fake
user_487,47,28,10150,291,239045,4149,74,22744,9486,4384,0.298,1,1,1,Fake
user_488,250,22,14162,169,144676,29960,494,603174,36239,54,0.056,1,1,1,Fake
user_489,486,20,26800,121,103694,45054,275,98483,11514,1435,0.184,1,1,0,Fake
user_490,74,35,23254,294,370302,14094,389,263572,47340,2617,0.059,0,1,1,Fake
user_491,466,20,21783,280,318002,12997,66,722196,15567,2823,0.173,1,1,0,Fake
user_492,424,23,15557,498,237677,29025,441,139,7016,4828,0.122,0,0,0,Fake
user_493,589,26,5202,449,149297,47002,313,68428,16142,4651,0.113,0,1,1,Fake
user_494,199,48,19782,229,85407,47730,36,443841,16734,4011,0.248,1,0,0,Fake
user_495,393,40,18844,906,307484,14239,101,646811,8684,3837,0.138,0,1,1,Fake
user_496,506,27,10168,173,67389,36994,83,198074,30892,1862,0.001,0,0,0,Fake
user_497,409,46,19250,295,169242,42952,46,239026,23711,3730,0.156,0,1,1,Fake
user_498,249,20,6651,961,8889,38178,235,798118,24319,4679,0.095,1,1,0,Fake
user_499,151,38,16465,939,64967,12199,391,837158,28938,1602,0.005,1,0,1,Fake
user_500,5,15,23487,265,27485,1918,308,183697,24811,4928,0.172,1,0,0,Fake
user_501,109,36,22440,620,454944,21353,246,541343,30576,2940,0.082,1,0,0,Fake
user_502,435,34,15039,771,171199,11913,384,292448,12111,4004,0.232,1,0,1,Fake
user_503,224,13,9025,108,289708,11307,285,307584,39739,4742,0.174,1,1,1,Real
user_504,180,24,6609,946,250138,10170,321,145018,39952,2587,0.275,1,0,1,Fake
user_505,530,49,243,237,193368,37791,348,222736,4189,2836,0.08,0,1,0,Fake
user_506,475,35,4675,682,74319,37150,469,311345,7222,552,0.032,0,0,1,Fake
user_507,51,47,14605,285,165291,40292,349,518671,47076,4622,0.236,1,0,1,Fake
user_508,570,16,2096,144,436105,14031,443,691895,21707,1196,0.02,1,1,1,Fake
user_509,255,23,27019,98,377750,48561,333,74031,19189,2087,0.09,1,1,1,Fake
user_510,124,28,13082,211,196623,26996,439,634021,38697,3698,0.257,0,0,1,Fake
user_511,467,28,19819,565,288425,11219,47,619697,1591,2207,0.234,1,0,1,Fake
user_512,136,25,26462,858,13351,6606,429,550786,49052,699,0.178,1,1,1,Fake
user_513,475,0,8088,520,329719,48025,80,156605,18693,602,0.078,1,1,1,Fake
user_514,543,46,17231,772,227677,27990,163,932664,41203,527,0.058,1,1,1,Fake
user_515,572,2,10777,172,338862,21427,280,637647,16958,3927,0.084,0,1,0,Fake
user_516,324,18,29828,28,169808,43073,286,9534,12719,1774,0.175,0,1,1,Fake
user_517,453,38,18652,612,207375,38350,106,838541,5575,3207,0.034,0,1,1,Fake
user_518,516,1,28810,924,93322,4938,337,705343,34166,3735,0.287,1,0,0,Fake
user_519,436,33,16087,40,171237,41966,321,506746,46350,97,0.032,1,0,0,Fake
user_520,561,8,15079,982,321431,19870,474,347497,13311,1789,0.157,1,0,1,Fake
user_521,456,19,15161,912,438343,15484,450,859704,42395,4322,0.021,1,0,0,Fake
user_522,162,0,18878,552,398737,36250,241,336679,19605,3487,0.164,1,1,1,Fake
user_523,486,19,1280,550,18105,36087,470,903891,16300,1215,0.192,0,1,0,Fake
user_524,460,14,24159,818,337442,9428,51,88189,28565,2909,0.125,0,1,1,Fake
user_525,265,13,2985,199,148325,15496,246,344201,40307,3219,0.268,1,0,1,Real
user_526,253,20,9434,6,169876,10915,17,883678,24412,3793,0.187,0,1,1,Fake
user_527,283,1,21177,500,296546,21305,484,281782,14747,3531,0.034,0,1,1,Fake
user_528,533,49,28868,852,396619,42815,178,723563,5541,852,0.288,1,1,1,Fake
user_529,496,44,14952,842,298073,23834,394,358714,2499,847,0.229,0,0,1,Fake
user_530,244,17,11363,26,20647,46037,307,132998,44936,1313,0.259,0,0,0,Fake
user_531,281,35,22947,378,463082,16024,280,940257,42806,2988,0.176,0,0,1,Fake
user_532,450,32,27611,208,268282,37853,163,407900,10274,4551,0.111,1,0,1,Fake
user_533,79,35,23319,288,29286,35400,478,60375,43546,2389,0.291,0,1,1,Fake
user_534,292,36,25963,964,378943,13316,144,959277,38355,1313,0.096,0,0,0,Fake
user_535,240,36,9746,970,376056,20984,483,970961,31706,1681,0.159,0,1,1,Fake
user_536,278,9,12815,584,374165,36434,178,464063,31696,1703,0.239,1,0,0,Fake
user_537,343,6,20087,436,69136,20189,425,339327,7779,250,0.266,1,1,0,Fake
user_538,327,2,26982,749,260401,17483,60,457616,44446,118,0.023,0,1,0,Fake
user_539,553,29,26541,455,33490,27385,414,596004,42107,4448,0.027,1,0,1,Fake
user_540,82,22,27847,533,485988,8005,146,723230,7025,351,0.215,0,1,0,Fake
user_541,141,9,5738,129,35596,32053,416,638951,21016,2961,0.011,1,1,1,Real
user_542,154,8,13600,850,73353,47499,484,652566,1035,3259,0.057,1,0,1,Fake
user_543,236,16,8163,464,79466,42244,115,72813,26738,2041,0.137,0,1,1,Real
user_544,392,23,5884,302,53610,30344,227,211539,9638,262,0.119,1,0,1,Fake
user_545,156,37,29490,940,274087,48307,264,577885,44782,4162,0.193,0,1,0,Fake
user_546,219,15,20241,112,85659,48736,399,231879,38308,1197,0.261,0,0,0,Fake
user_547,65,14,24026,733,492895,32315,457,130355,7516,4735,0.251,1,0,0,Fake
user_548,424,16,14158,723,374264,14343,91,30885,44115,1360,0.086,0,1,0,Fake
user_549,417,19,15002,941,123214,10588,277,3963,30651,2070,0.28,1,1,1,Fake
user_550,338,5,12604,865,48160,25761,210,751431,39646,4576,0.206,0,1,1,Fake
user_551,555,36,29846,122,395658,18995,277,872769,8290,1141,0.115,1,0,1,Fake
user_552,477,25,21596,455,188909,16196,63,412454,25547,4188,0.091,1,0,0,Fake
user_553,425,36,6011,910,187213,1281,52,826909,22264,3820,0.282,0,1,0,Fake
user_554,63,13,22889,442,177292,37423,103,298158,4209,1828,0.273,1,0,1,Fake
user_555,211,46,18632,505,42550,21798,381,257797,29616,1403,0.085,0,1,1,Fake
user_556,430,4,3130,269,216343,17107,121,223812,14000,906,0.297,1,1,0,Fake
user_557,398,46,12895,88,180131,16639,336,706147,10598,322,0.001,1,0,0,Fake
user_558,598,20,22893,885,393662,37854,25,162241,33373,3864,0.053,0,1,1,Fake
user_559,20,50,1430,140,36478,32644,117,193257,7310,4273,0.037,0,0,0,Fake
user_560,589,30,7854,285,258188,40056,280,811028,28007,4298,0.069,1,1,0,Fake
user_561,389,11,29017,749,210008,46890,267,795206,9257,1660,0.213,1,0,0,Fake
user_562,488,31,28525,684,285795,47515,184,453504,44912,681,0.238,1,1,0,Fake
user_563,6,44,5175,119,32584,7633,395,655797,40264,1407,0.187,1,0,1,Fake
user_564,360,44,8971,991,275083,11826,232,759909,5464,3615,0.209,0,1,1,Fake
user_565,305,36,28919,362,218288,29283,444,816927,48735,1880,0.043,1,1,0,Fake
user_566,399,6,20581,822,336497,39558,284,157860,3511,3496,0.075,1,1,1,Fake
user_567,429,38,17620,80,414045,38159,68,957990,47916,2892,0.085,0,1,0,Fake
user_568,551,41,9564,762,207612,28756,406,134512,32992,2380,0.147,1,1,1,Fake
user_569,559,19,21845,812,364163,176,51,516699,32058,4462,0.258,0,0,1,Fake
user_570,225,2,2187,227,81256,12241,305,471230,14980,2858,0.225,0,0,1,Real
user_571,499,46,22873,744,287360,37423,135,490145,40537,1223,0.074,1,0,0,Fake
user_572,224,36,23807,76,431408,11424,322,489540,10198,1506,0.089,1,1,1,Fake
user_573,279,24,23671,334,46909,28845,261,228950,10271,21,0.083,1,0,0,Fake
user_574,446,5,29564,160,426961,4579,437,213649,6419,3866,0.115,0,1,0,Fake
user_575,497,49,7119,519,108661,10622,285,984857,38908,1095,0.019,1,0,0,Fake
user_576,29,3,29777,343,235142,3633,50,79096,36041,53,0.286,1,0,0,Fake
user_577,398,49,16170,282,83393,21699,150,434286,16134,524,0.187,1,1,1,Fake
user_578,344,21,13476,464,60423,16153,493,929775,26022,3679,0.102,0,1,0,Fake
user_579,414,22,24964,645,399908,43694,479,761241,37172,184,0.278,1,0,0,Fake
user_580,169,27,18114,753,477848,39052,182,530822,4949,4508,0.142,1,1,0,Fake
user_581,478,26,3972,525,455430,30704,305,733839,21119,2416,0.015,1,0,0,Fake
user_582,130,7,12082,688,136710,49790,15,35410,29009,1128,0.199,1,1,1,Fake
user_583,546,49,2507,795,119221,34537,464,417779,14275,4462,0.125,1,0,1,Fake
user_584,27,14,24752,75,125443,32617,430,421327,44524,3849,0.239,1,0,1,Fake
user_585,403,47,3447,723,29629,47104,21,973686,30179,2075,0.075,1,0,1,Fake
user_586,577,41,16528,704,338039,7373,387,313249,28517,568,0.171,0,0,0,Fake
user_587,27,38,25117,322,358362,14040,417,765579,31722,3578,0.256,0,1,1,Fake
user_588,85,0,25543,913,292387,32134,326,501368,7465,1312,0.023,0,1,0,Fake
user_589,438,40,10682,946,12700,46394,346,29650,1763,4014,0.132,1,1,1,Fake
user_590,138,49,13438,39,27516,21422,479,970470,23526,3521,0.299,1,1,0,Fake
user_591,472,40,14776,443,337066,9062,453,841644,8972,1714,0.107,1,0,0,Fake
user_592,186,24,5401,102,441918,37983,441,464466,37019,3240,0.117,1,1,0,Fake
user_593,51,3,8282,954,365579,36589,378,3616,33675,2672,0.101,0,1,1,Fake
user_594,266,19,6795,722,118237,34009,303,217406,44724,542,0.022,1,0,1,Real
user_595,388,33,16582,813,250973,15927,332,585641,29571,1286,0.19,0,0,1,Fake
user_596,335,2,1462,533,22227,8563,443,379066,31937,2680,0.221,1,1,0,Fake
user_597,216,20,15144,325,22112,9780,95,54903,64,2895,0.222,0,1,1,Fake
user_598,465,34,875,194,114819,1840,436,249603,28971,2719,0.0,1,0,0,Fake
user_599,334,36,2398,861,397686,44251,63,396835,42170,748,0.051,1,0,0,Fake
user_600,345,9,20934,571,121983,49332,237,836313,19137,159,0.087,1,0,1,Fake
user_601,388,20,22756,676,498055,6458,249,36231,22692,150,0.032,1,0,0,Fake
user_602,284,32,22138,857,80022,8828,305,351333,38984,2977,0.101,1,0,0,Fake
user_603,431,44,24567,898,456383,23875,34,644205,48528,661,0.02,1,1,0,Fake
user_604,258,14,15135,641,72180,26026,199,328405,40550,265,0.154,1,0,1,Fake
user_605,83,9,12489,36,262450,47789,171,177697,47775,4204,0.272,0,1,0,Fake
user_606,481,3,11260,971,167488,47586,85,654211,5306,940,0.101,1,1,0,Fake
user_607,19,43,24443,649,169318,3557,296,527877,24455,2486,0.076,0,0,0,Fake
user_608,552,46,13085,642,203174,35912,451,834822,12877,4405,0.249,0,0,0,Fake
user_609,53,25,28041,8,396342,12349,227,319014,3701,2096,0.159,0,1,1,Fake
user_610,358,28,6370,251,332571,11355,483,141843,16665,1055,0.286,0,0,0,Fake
user_611,229,48,12998,140,351410,2467,226,660785,17967,1055,0.101,1,0,1,Fake
user_612,70,38,1237,600,207517,2914,309,301637,20827,3516,0.037,1,0,0,Fake
user_613,41,36,351,385,10095,17387,116,88934,3350,1416,0.065,1,0,1,Fake
user_614,31,32,8211,893,267516,49872,123,763285,678,1703,0.059,1,1,1,Fake
user_615,253,5,3757,965,401361,36320,431,864122,11637,390,0.118,1,0,1,Fake
user_616,204,14,23235,225,151854,32043,414,39419,385,105,0.219,0,0,0,Fake
user_617,20,27,4472,689,258068,39752,201,671417,8580,1718,0.004,0,0,1,Fake
user_618,156,18,10718,200,12327,44958,55,495889,42349,3427,0.155,1,1,1,Fake
user_619,244,50,21964,271,351085,30513,331,829513,24725,87,0.294,1,0,0,Fake
user_620,129,25,24532,481,374730,33988,434,742454,48654,3701,0.179,1,0,1,Fake
user_621,484,9,15212,155,365494,32994,346,311963,34127,1102,0.276,1,1,0,Fake
user_622,117,8,15884,496,217547,33155,170,763284,15993,1056,0.099,0,1,0,Fake
user_623,577,21,15117,833,288374,37284,391,56251,36730,1971,0.129,0,1,1,Fake
user_624,223,5,2235,191,35631,28729,268,138701,32398,2639,0.228,0,1,0,Real
user_625,476,30,2704,751,21039,22892,285,941418,36369,313,0.096,0,1,1,Fake
user_626,262,36,17970,508,104922,44800,394,520155,40168,1257,0.035,0,0,1,Fake
user_627,377,47,21529,289,309156,13800,20,283376,2242,4333,0.194,0,1,0,Fake
user_628,171,3,7939,134,18877,45437,396,19401,13962,1891,0.03,1,1,1,Real
user_629,117,35,23382,203,109490,48495,379,708205,48809,23,0.112,0,1,1,Fake
user_630,167,25,14343,650,120327,47319,247,679481,20295,1559,0.142,1,1,1,Fake
user_631,318,16,4595,896,305523,46199,393,910732,41808,2225,0.051,1,1,0,Fake
user_632,110,5,15426,90,257669,24392,16,455426,22689,1166,0.018,1,1,0,Fake
user_633,592,25,26883,973,3749,43735,403,496231,3623,2249,0.099,0,0,0,Fake
user_634,26,32,9146,528,183176,33707,438,819463,11147,1617,0.221,1,0,0,Fake
user_635,319,27,27576,877,367958,23420,352,795461,38957,3742,0.091,0,0,1,Fake
user_636,589,49,5287,740,42271,12101,173,384642,20723,2710,0.053,1,1,1,Fake
user_637,384,44,5589,767,304917,15518,109,530935,32964,1676,0.026,1,0,1,Fake
user_638,406,8,27475,219,462236,41774,74,175116,26199,4704,0.175,1,0,1,Fake
user_639,203,48,591,3,192999,35061,354,448819,29660,939,0.035,1,0,0,Fake
user_640,77,8,19889,444,266940,25843,212,475469,49888,3561,0.206,0,1,0,Fake
user_641,248,30,3293,68,471114,3989,20,440661,25991,4695,0.195,1,0,1,Fake
user_642,104,35,5807,502,434653,49191,392,144409,3095,1159,0.048,0,1,0,Fake
user_643,308,12,9638,571,86077,2650,391,389284,15580,4589,0.175,0,1,0,Fake
user_644,123,31,4068,625,208237,13237,72,596822,42504,246,0.182,1,1,0,Fake
user_645,579,25,17519,213,111557,1136,72,970985,3114,4965,0.151,1,0,0,Fake
user_646,42,41,24295,727,79825,18227,304,2537,17838,916,0.087,0,0,1,Fake
user_647,355,36,12807,182,281138,19798,133,882751,557,3404,0.085,1,1,1,Fake
user_648,545,12,5519,39,3853,15485,413,970925,39622,3247,0.225,1,1,1,Fake
user_649,438,35,2542,428,479828,25418,309,450573,47109,1811,0.065,0,0,0,Fake
user_650,379,39,22000,704,329084,42297,50,870744,13481,1015,0.154,1,0,0,Fake
user_651,70,47,25021,269,390203,5374,15,167668,17900,3457,0.109,0,1,1,Fake
user_652,518,33,367,628,326522,37530,137,14463,26744,3492,0.211,0,0,0,Fake
user_653,349,15,22196,389,147543,37607,500,883708,44881,3158,0.27,0,0,0,Fake
user_654,12,15,8953,646,139275,21019,449,41953,45205,4572,0.174,0,0,1,Real
user_655,430,4,5029,597,291641,7174,282,257016,30096,3860,0.174,0,1,0,Fake
user_656,501,17,14439,240,196241,30160,74,740911,44526,2503,0.085,0,1,1,Fake
user_657,108,49,11733,653,267848,4352,446,424503,22805,75,0.051,1,1,0,Fake
user_658,443,27,5830,357,203643,22733,303,200183,19503,2037,0.096,1,1,0,Fake
user_659,370,20,7099,495,83814,10682,252,843946,40988,1690,0.002,0,0,1,Fake
user_660,470,43,23409,543,437687,13765,167,533050,4509,11,0.036,0,1,0,Fake
user_661,156,36,1128,672,105689,47707,78,694534,35158,2082,0.049,1,1,0,Fake
user_662,445,5,29251,977,395403,37389,340,374163,46595,3062,0.213,0,1,0,Fake
user_663,180,7,22119,184,318567,6132,453,665104,47421,2281,0.032,1,1,0,Fake
user_664,534,42,17442,898,134363,1496,171,888090,9581,2070,0.091,1,0,0,Fake
user_665,276,26,7083,307,175366,9778,188,832422,15734,526,0.013,1,1,0,Fake
user_666,551,27,14485,860,102641,42133,72,848898,27784,154,0.015,0,1,0,Fake
user_667,495,23,22830,237,171472,37826,134,989684,35501,3191,0.271,1,1,0,Fake
user_668,476,22,1564,896,470772,10975,380,423142,33094,815,0.194,0,0,0,Fake
user_669,446,12,27410,299,136494,47825,228,925932,6308,3570,0.211,0,0,1,Fake
user_670,274,20,20800,684,205852,38461,31,834103,2926,3202,0.131,0,0,0,Fake
user_671,330,22,26591,496,62478,49104,303,275117,4949,2161,0.294,1,1,0,Fake
user_672,251,38,17133,501,341029,22822,40,991810,15963,4753,0.154,0,0,1,Fake
user_673,88,41,21004,815,149622,43516,363,431618,36009,3803,0.156,1,1,0,Fake
user_674,285,1,21710,645,236794,1574,281,764336,43583,35,0.121,1,1,0,Fake
user_675,461,49,23475,401,15108,6060,177,74421,8661,250,0.187,1,1,0,Fake
user_676,249,19,21628,612,233593,19843,433,296458,29255,4477,0.163,1,1,0,Fake
user_677,475,10,29393,365,316338,13031,283,601543,11306,2354,0.207,0,0,0,Fake
user_678,583,22,3368,556,341525,31324,418,469569,4697,2376,0.044,1,0,1,Fake
user_679,388,39,12799,492,352240,18165,61,280248,3176,2713,0.056,0,0,0,Fake
user_680,344,28,22621,302,268333,42844,448,330365,49174,4524,0.24,1,0,1,Fake
user_681,29,39,10103,98,403710,48163,267,623915,20550,225,0.037,1,1,0,Fake
user_682,506,9,14548,224,212698,33513,377,509294,6562,817,0.199,0,1,0,Fake
user_683,332,28,1717,115,107264,12638,72,677053,15970,2696,0.137,0,0,1,Fake
user_684,186,2,19601,986,96905,3715,31,614673,16027,778,0.2,1,0,1,Fake
user_685,499,14,152,902,59083,40113,155,219011,18403,4012,0.285,1,1,1,Fake
user_686,217,12,1594,918,21841,12866,177,109562,24595,3335,0.285,0,1,1,Fake
user_687,363,43,25310,773,203136,321,41,548110,3939,2452,0.274,0,0,0,Fake
user_688,264,23,12366,782,421860,37784,460,970259,6589,1169,0.094,1,1,0,Fake
user_689,348,9,25136,294,55957,27235,79,228158,35749,4752,0.082,1,1,0,Fake
user_690,286,48,6610,429,389448,30808,163,615592,20349,3382,0.192,1,0,1,Fake
user_691,282,46,8182,992,489204,5416,118,732936,10464,1392,0.037,0,0,1,Fake
user_692,569,5,12276,457,458350,13789,375,807481,9758,4224,0.273,1,1,0,Fake
user_693,10,7,29778,333,107784,45008,246,598456,191,29,0.094,1,1,0,Fake
user_694,529,47,7816,253,104932,38894,115,712393,6457,4803,0.239,1,1,1,Fake
user_695,195,3,6553,678,398332,32759,215,507935,15402,1061,0.216,1,1,0,Real
user_696,87,15,2994,435,298952,6090,45,784923,35089,2422,0.168,0,1,0,Real
user_697,247,39,525,118,385720,39891,473,602213,43092,785,0.008,0,0,0,Fake
user_698,416,9,13817,180,391786,7547,185,879380,35841,974,0.029,1,0,0,Fake
user_699,500,18,915,475,156557,9514,487,567996,11079,2938,0.057,1,0,1,Fake
user_700,568,0,477,979,436695,26071,366,742462,23701,49,0.155,1,0,0,Fake
user_701,246,21,11046,326,361627,3173,417,291290,15469,2603,0.265,0,1,1,Fake
user_702,487,44,26887,676,353478,41503,412,883020,11390,148,0.065,1,1,1,Fake
user_703,502,7,6296,116,112377,9891,281,627212,2066,4995,0.108,0,1,0,Fake
user_704,458,19,22280,355,464861,47956,264,827948,36056,3341,0.249,1,0,1,Fake
user_705,17,28,21920,713,311038,9947,115,81145,48511,4695,0.16,0,1,1,Fake
user_706,95,30,2070,407,428794,7573,204,270204,12909,3405,0.051,0,0,0,Fake
user_707,301,1,7227,721,159053,13582,397,627826,44901,808,0.289,0,0,1,Fake
user_708,226,21,28910,131,189235,10315,215,958288,47920,1598,0.087,0,1,1,Fake
user_709,414,13,3165,792,243154,7738,81,740363,5032,1000,0.163,1,0,0,Fake
user_710,249,47,26113,903,28504,45009,478,530669,49300,2702,0.28,0,0,0,Fake
user_711,313,34,27373,495,339649,45901,235,448003,44047,1330,0.292,0,0,0,Fake
user_712,595,13,27212,860,328265,30169,50,36051,25345,2714,0.218,0,0,1,Fake
user_713,377,13,21761,824,120486,26877,121,617902,34273,3051,0.044,1,0,0,Fake
user_714,484,34,5501,884,297190,30576,363,776043,7966,1309,0.218,1,0,0,Fake
user_715,566,33,23724,500,466724,49326,188,650348,47426,2003,0.22,0,0,1,Fake
user_716,543,48,5473,615,463670,43265,270,931915,41757,1332,0.076,1,1,1,Fake
user_717,352,16,1442,421,442269,9151,378,330295,26940,1090,0.052,0,1,1,Fake
user_718,435,35,13621,703,132294,3506,316,853402,14566,4527,0.118,1,0,1,Fake
user_719,563,30,16793,240,113668,7547,215,328815,27219,393,0.25,1,0,1,Fake
user_720,338,39,3528,29,267963,39704,300,14896,592,2657,0.189,1,1,1,Fake
user_721,360,46,26726,297,12484,48891,135,908879,15568,4122,0.3,0,1,0,Fake
user_722,464,9,10719,274,162477,44134,117,295798,35223,4491,0.047,0,0,0,Fake
user_723,277,44,10573,519,6480,5848,190,626225,37050,1581,0.298,1,1,1,Fake
user_724,313,44,18417,220,113468,7597,133,736310,44350,3735,0.094,1,0,0,Fake
user_725,257,42,20538,911,434942,7386,418,839317,43749,3645,0.281,0,1,0,Fake
user_726,236,1,6211,871,94853,25072,326,693988,44578,2491,0.29,1,1,0,Fake
user_727,123,24,20469,801,451075,26391,40,217618,5633,1925,0.264,1,1,1,Fake
user_728,197,37,6786,418,175076,6848,370,149865,42500,2865,0.048,1,1,1,Fake
user_729,323,42,17750,62,108188,8487,13,863550,45967,2220,0.161,0,1,0,Fake
user_730,122,33,12945,575,261930,11842,330,437199,31384,469,0.132,0,0,1,Fake
user_731,548,2,14020,790,496393,2742,180,812727,16091,2507,0.012,1,0,1,Fake
user_732,189,16,3958,330,377457,7927,288,914770,48383,4070,0.134,1,1,1,Fake
user_733,196,10,7615,267,203723,40469,174,457722,24928,3314,0.115,1,0,1,Real
user_734,221,3,7005,691,377471,47295,457,311006,39336,1428,0.093,0,1,0,Real
user_735,495,18,3469,325,171630,2091,394,226993,827,2784,0.04,1,0,0,Fake
user_736,283,12,11684,421,240063,29261,440,133755,30530,1625,0.276,0,1,1,Fake
user_737,537,50,10596,400,204867,8912,230,138189,49092,4880,0.059,1,1,0,Fake
user_738,289,44,5689,828,315523,47382,56,781505,33441,2982,0.298,1,1,1,Fake
user_739,102,39,491,452,395239,22474,197,233236,38830,382,0.28,0,1,0,Fake
user_740,198,17,13177,435,86642,43366,334,619160,46296,872,0.198,1,0,1,Fake
user_741,303,3,21430,408,482774,48665,499,269756,20070,712,0.225,0,0,0,Fake
user_742,232,29,10362,266,257783,34678,159,936575,42468,948,0.148,1,0,0,Fake
user_743,369,41,392,934,251750,49804,240,399513,31856,2700,0.212,0,0,1,Fake
user_744,183,0,12752,55,294036,28680,350,106356,28076,1303,0.27,1,0,0,Fake
user_745,309,4,6971,274,312863,16297,136,137114,31597,2659,0.212,1,0,0,Fake
user_746,14,24,15033,497,149601,12972,54,105742,12070,2616,0.273,1,0,0,Fake
user_747,546,42,7212,745,416810,40827,343,164572,3025,4149,0.091,0,0,1,Fake
user_748,129,17,2163,224,349712,48940,181,753507,2801,3566,0.291,0,1,1,Real
user_749,280,42,21560,347,449503,47820,450,574674,1516,1487,0.21,1,0,1,Fake
user_750,46,42,26708,651,491690,14030,207,614175,23172,3792,0.269,0,0,1,Fake
user_751,55,23,9124,838,130295,2426,430,738080,8480,3648,0.15,1,0,1,Fake
user_752,566,6,21297,46,40723,19242,202,979957,5294,4450,0.259,1,0,0,Fake
user_753,299,1,20444,315,323155,37478,132,923292,16841,4523,0.023,1,1,0,Fake
user_754,129,18,12090,458,56235,12612,309,559590,45793,4409,0.135,0,0,0,Fake
user_755,502,41,1439,419,463686,28275,259,844713,47007,1451,0.101,1,0,0,Fake
user_756,105,24,2206,226,141,24922,300,682535,6535,3292,0.238,0,0,0,Fake
user_757,12,14,29014,586,447050,22106,105,78255,3300,330,0.253,1,1,0,Fake
user_758,587,24,7161,896,16357,13657,192,692618,31056,1810,0.016,0,1,1,Fake
user_759,291,32,13470,170,324679,35137,187,909140,579,675,0.072,1,0,0,Fake
user_760,480,45,9880,548,26229,878,414,954444,29933,3646,0.066,0,1,0,Fake
user_761,490,6,25150,211,449401,43275,459,109397,7480,2263,0.011,1,1,0,Fake
user_762,451,20,19623,798,5878,11720,69,345552,28423,4354,0.237,0,1,0,Fake
user_763,348,31,16370,640,496389,29841,61,645836,15823,4813,0.256,0,0,0,Fake
user_764,188,38,3336,112,143776,42639,204,302321,17628,153,0.006,0,0,0,Fake
user_765,52,34,23348,970,487671,43590,158,589703,36741,1949,0.202,1,1,1,Fake
user_766,258,5,17569,991,4,19756,136,978096,23932,162,0.241,1,0,1,Fake
user_767,489,11,25928,628,159093,34143,211,355922,1807,2086,0.18,1,1,1,Fake
user_768,116,12,27868,625,233339,6791,499,239052,42874,2938,0.259,0,0,1,Fake
user_769,66,32,18651,337,199974,9806,357,263693,43993,4371,0.29,0,0,1,Fake
user_770,410,29,5618,132,382073,18484,324,17074,34939,4157,0.043,0,0,1,Fake
user_771,503,35,8255,619,297853,11543,31,4282,39757,57,0.239,0,1,0,Fake
user_772,75,45,3104,552,83617,6583,347,733796,21013,4857,0.241,1,1,0,Fake
user_773,590,1,19656,20,50977,5904,78,76791,6828,3857,0.041,1,0,1,Fake
user_774,54,2,10628,973,28069,18641,439,191315,11816,964,0.083,0,0,0,Fake
user_775,155,15,20672,739,192964,1488,270,718333,14201,4452,0.13,1,0,1,Fake
user_776,152,33,22816,21,112883,36594,476,472310,30066,3537,0.087,0,1,0,Fake
user_777,576,19,12732,821,338570,44763,132,458162,420,552,0.019,0,1,0,Fake
user_778,311,21,22213,388,100026,25872,251,777322,34674,2535,0.223,1,1,0,Fake
user_779,87,31,25277,92,221860,40982,258,732966,24334,1075,0.2,1,1,1,Fake
user_780,254,25,22731,799,388941,34394,103,963857,5303,1458,0.16,0,1,1,Fake
user_781,121,47,4355,721,459509,9215,243,918214,7217,4990,0.201,1,0,0,Fake
user_782,571,10,10880,341,195465,22095,24,171283,38282,1803,0.178,0,0,0,Fake
user_783,426,1,5745,934,39898,572,447,144148,49379,3014,0.146,0,1,1,Fake
user_784,231,22,20819,361,146789,37776,91,953804,5275,2690,0.253,1,0,1,Fake
user_785,535,43,24959,785,218883,43576,288,202488,40777,2416,0.226,0,1,1,Fake
user_786,389,22,28965,784,342688,21406,314,856288,17355,2985,0.286,1,0,1,Fake
user_787,461,22,22532,566,11741,8823,225,620314,42112,4884,0.213,0,1,1,Fake
user_788,453,40,10419,64,155959,9838,402,556851,19918,1483,0.07,0,1,0,Fake
user_789,304,19,27903,670,403934,39080,342,737357,23711,370,0.165,1,0,1,Fake
user_790,439,15,21835,50,18346,18790,203,959887,17009,2670,0.21,0,1,0,Fake
user_791,312,32,15798,531,471084,24613,219,318961,23813,2888,0.066,1,1,0,Fake
user_792,582,17,2212,215,62954,8441,12,984661,27545,4616,0.197,0,0,1,Fake
user_793,61,3,10980,370,158361,1121,185,521884,39682,3332,0.241,0,0,1,Fake
user_794,101,40,578,548,74364,38758,478,314752,30973,3628,0.051,1,1,0,Fake
user_795,212,16,19940,203,137743,12691,137,181010,9290,2631,0.278,0,0,0,Fake
user_796,216,24,29887,160,239561,45916,161,866869,40424,3644,0.173,0,0,1,Fake
user_797,270,1,19170,858,487653,24033,100,932712,25914,4062,0.272,1,0,1,Fake
user_798,83,35,14709,548,488765,22935,276,974278,22552,4911,0.194,0,0,0,Fake
user_799,160,17,12529,405,465233,47289,52,667916,22179,4974,0.291,0,1,1,Fake
user_800,245,14,16745,880,419722,24936,203,169466,25525,723,0.188,1,0,1,Fake
user_801,177,9,20990,735,479496,4326,423,357572,7529,876,0.233,1,0,1,Fake
user_802,565,21,24307,234,107303,48635,140,417009,39324,1543,0.138,0,1,1,Fake
user_803,76,25,7616,297,63084,48233,141,749870,12193,3679,0.195,1,1,1,Fake
user_804,160,42,16496,820,482033,42936,45,483493,29721,4853,0.155,0,0,1,Fake
user_805,2,8,19250,165,333819,81,428,782786,28035,4491,0.143,1,0,1,Fake
user_806,418,5,23089,932,390206,14065,370,528498,32670,1830,0.295,1,0,1,Fake
user_807,461,46,435,382,499344,46902,359,729896,5128,150,0.276,0,1,1,Fake
user_808,481,24,7622,339,357474,43709,221,515579,15487,2502,0.082,0,0,1,Fake
user_809,298,33,695,423,415635,37281,49,67333,28782,2714,0.195,1,1,1,Fake
user_810,33,43,20196,220,15921,39072,27,888400,29238,3831,0.07,1,1,0,Fake
user_811,237,39,24868,566,461525,22625,467,538330,48127,3372,0.271,1,1,0,Fake
user_812,295,40,29385,750,488134,8401,63,811966,44849,1169,0.137,1,1,1,Fake
user_813,289,43,4065,254,488659,45518,329,525532,7623,3622,0.195,0,1,0,Fake
user_814,464,14,10120,962,249825,38237,366,551923,45095,2048,0.024,1,1,1,Fake
user_815,72,26,7746,13,91530,32542,246,148209,49495,2663,0.184,1,1,0,Fake
user_816,239,15,24179,36,7520,1119,500,953148,44284,852,0.11,1,1,1,Fake
user_817,270,36,14041,865,59027,6368,495,135022,32835,718,0.071,1,1,0,Fake
user_818,202,9,24813,20,45138,14998,175,214989,32799,3187,0.246,1,1,1,Fake
user_819,435,27,7980,773,380008,29735,334,472122,27215,4,0.218,1,0,0,Fake
user_820,117,19,20308,962,123104,7775,466,551403,49157,4501,0.205,1,0,0,Fake
user_821,557,38,2601,539,238679,9298,114,674192,9264,4669,0.178,0,0,1,Fake
user_822,230,21,1963,104,456021,18052,181,572560,27895,2921,0.202,1,1,0,Fake
user_823,152,28,4507,513,464749,12501,284,680454,15762,4346,0.195,1,1,0,Fake
user_824,272,34,12272,407,303970,27778,456,506544,38315,4673,0.096,0,1,0,Fake
user_825,145,8,16342,810,364337,23528,428,60616,23224,3807,0.094,0,1,1,Fake
user_826,73,13,9719,496,292261,36024,335,345849,26266,319,0.14,1,1,1,Real
user_827,61,41,6619,43,143201,21406,480,689191,6982,893,0.017,1,0,1,Fake
user_828,169,8,4969,160,141592,35365,163,573209,8812,2855,0.002,1,0,1,Real
user_829,314,37,12312,289,11827,24031,219,889003,48639,1375,0.141,0,0,1,Fake
user_830,582,34,6697,308,368509,25386,434,304216,26327,1487,0.256,1,1,1,Fake
user_831,295,43,21038,24,295295,20115,145,70666,25013,952,0.197,0,1,0,Fake
user_832,449,12,1242,235,251514,49975,31,406777,28876,1680,0.149,1,1,1,Fake
user_833,127,8,7800,646,33178,8541,201,547520,35645,1650,0.112,0,1,1,Real
user_834,479,19,23766,790,383482,13894,73,51879,14336,3104,0.217,0,0,1,Fake
user_835,311,44,19597,704,362703,1772,29,403093,1655,4273,0.165,1,0,1,Fake
user_836,412,45,14540,253,80370,16997,106,731411,24396,4875,0.232,0,0,1,Fake
user_837,278,33,24223,34,112971,4911,352,80777,23819,3079,0.089,0,0,1,Fake
user_838,512,8,28748,278,34161,48670,296,766810,32402,497,0.085,1,1,1,Fake
user_839,552,27,10770,767,208424,10234,289,209640,13596,63,0.173,1,1,0,Fake
user_840,505,49,4399,126,355477,1680,10,731809,30065,4210,0.184,1,0,0,Fake
user_841,448,9,9113,832,197879,9230,79,758473,6451,1603,0.274,0,0,0,Fake
user_842,82,41,10405,802,15675,31578,261,267825,12818,2230,0.059,0,1,0,Fake
user_843,40,36,21089,386,19483,3526,119,603491,35682,3756,0.104,1,0,0,Fake
user_844,442,10,25787,671,260793,27686,14,673640,34390,3544,0.113,1,0,0,Fake
user_845,330,20,24919,410,226748,8068,145,388054,31314,576,0.125,1,1,1,Fake
user_846,256,4,1297,134,435395,23712,83,420283,48984,1064,0.287,1,0,0,Real
user_847,26,35,17067,837,244161,40255,259,320809,18775,4158,0.038,1,0,1,Fake
user_848,93,34,25945,758,216229,10613,224,490249,3049,4733,0.021,0,1,1,Fake
user_849,234,46,13595,897,91762,31412,116,783908,10870,4228,0.164,0,0,1,Fake
user_850,589,7,21235,276,6956,15126,226,602883,47804,4806,0.003,0,0,1,Fake
user_851,21,11,26630,882,302388,36538,78,628577,9161,1861,0.098,0,0,1,Fake
user_852,275,20,9452,86,470500,32430,488,562540,14248,57,0.174,1,0,0,Real
user_853,590,9,24594,78,23086,18214,448,912093,45048,4061,0.022,0,1,0,Fake
user_854,41,46,776,75,344252,3952,270,284183,42944,2300,0.234,0,1,0,Fake
user_855,179,1,7504,516,33035,10902,456,410428,47014,3198,0.077,1,1,0,Real
user_856,481,48,27752,739,403456,39260,62,25691,49900,866,0.084,0,1,0,Fake
user_857,531,20,24014,720,459473,40594,144,789617,18919,957,0.108,1,1,1,Fake
user_858,452,26,10855,780,147232,4031,334,712453,43726,2018,0.224,0,1,1,Fake
user_859,284,26,11230,750,372192,29039,142,340333,24954,4687,0.049,1,1,0,Fake
user_860,185,19,7938,425,147623,47109,356,540345,4511,4950,0.111,1,0,0,Real
user_861,599,28,6744,20,376895,47287,148,449190,19787,3925,0.1,0,1,1,Fake
user_862,446,47,17672,15,251223,5595,242,720055,19472,4729,0.03,0,1,1,Fake
user_863,503,40,1771,760,106272,28260,69,465381,25623,4869,0.245,1,0,1,Fake
user_864,93,47,29708,850,420448,27931,280,653820,24986,1037,0.247,1,1,0,Fake
user_865,481,17,21790,554,140134,38719,396,282422,11528,3821,0.212,0,0,0,Fake
user_866,356,9,8137,619,12799,1466,306,594929,32390,861,0.223,0,0,1,Fake
user_867,418,49,26261,941,351924,27023,127,812692,27804,2689,0.184,1,1,1,Fake
user_868,341,12,22523,155,142586,14955,313,835484,13421,3227,0.105,0,0,1,Fake
user_869,328,6,22815,97,457174,8518,172,405610,47678,398,0.029,0,0,1,Fake
user_870,107,8,23576,753,98602,8289,416,202163,14313,1804,0.124,1,1,1,Fake
user_871,164,11,7289,602,123112,18441,118,926515,55,1730,0.198,1,0,0,Fake
user_872,337,1,19925,811,361588,34802,484,711218,19454,4266,0.106,1,0,0,Fake
user_873,421,48,28596,400,234875,42604,21,567884,44562,3979,0.276,1,0,0,Fake
user_874,507,39,12500,198,424858,7014,304,253170,7238,4431,0.211,0,0,0,Fake
user_875,295,39,17087,851,1021,22438,220,3887,4693,4252,0.275,0,1,0,Fake
user_876,410,17,10539,620,340882,20934,304,897912,29955,2889,0.008,1,0,0,Fake
user_877,563,38,6014,879,23133,17108,418,651056,27269,1192,0.123,0,0,0,Fake
user_878,37,36,14495,319,457976,10393,32,899762,6341,4205,0.093,1,1,1,Fake
user_879,465,39,20636,803,295285,44856,224,962937,44839,2994,0.032,1,0,1,Fake
user_880,90,14,198,331,437986,41401,263,466379,19542,4594,0.069,1,1,0,Real
user_881,322,38,2117,435,449313,42076,215,161654,11410,4195,0.258,0,0,0,Fake
user_882,258,14,28503,524,228245,496,143,211110,41039,3248,0.28,0,0,1,Fake
user_883,331,14,16110,761,293047,14538,365,414157,43970,4198,0.069,0,0,1,Fake
user_884,118,43,2293,23,499198,45953,397,843039,6702,859,0.227,1,0,1,Fake
user_885,413,1,6306,309,368546,46552,450,125126,24549,4473,0.22,1,1,0,Fake
user_886,526,22,1707,280,256129,18707,479,53157,12161,2115,0.003,1,0,0,Fake
user_887,1,5,20786,469,415217,2122,347,880185,19367,1923,0.256,0,1,1,Fake
user_888,555,44,4637,207,121383,16364,450,569380,33512,4713,0.22,0,0,0,Fake
user_889,473,49,6691,102,375164,3843,320,62237,14861,3829,0.076,0,0,0,Fake
user_890,423,30,4114,270,444835,8171,330,601809,7385,3243,0.147,1,0,0,Fake
user_891,55,8,3006,992,389297,1104,364,922806,39384,1988,0.149,0,1,1,Fake
user_892,192,32,5691,671,24795,40379,480,147543,26003,419,0.276,1,0,0,Fake
user_893,530,38,19419,590,150217,23801,11,437445,34856,4656,0.043,0,1,1,Fake
user_894,370,30,17984,482,190859,26577,301,87738,48308,70,0.071,1,1,0,Fake
user_895,510,45,27237,385,46355,32531,98,402853,27623,33,0.04,1,0,0,Fake
user_896,452,41,26058,298,313549,36990,98,420244,13579,3852,0.26,1,0,0,Fake
user_897,52,23,6696,439,192569,41932,268,138840,27240,1943,0.146,0,1,1,Fake
user_898,208,11,7743,95,239210,29587,284,7768,17165,4066,0.151,1,1,0,Real
user_899,273,24,16627,227,430290,24154,400,103763,31404,4811,0.243,1,1,1,Fake
user_900,562,31,2561,990,247713,27734,449,439033,1783,2331,0.261,1,1,0,Fake
user_901,134,30,13967,416,285522,20202,152,338324,16400,4770,0.287,0,0,0,Fake
user_902,294,8,23756,574,85928,40822,490,373637,25447,2434,0.298,0,0,0,Fake
user_903,448,10,15305,285,195699,4252,324,944628,20525,2266,0.06,1,0,1,Fake
user_904,496,12,10206,494,345296,24306,270,334134,24714,2561,0.287,0,0,1,Fake
user_905,124,14,5379,291,472813,29020,242,768034,35300,3789,0.204,0,1,1,Real
user_906,29,2,23647,929,194653,38674,401,471459,37052,2069,0.065,1,0,1,Fake
user_907,245,26,6472,719,380737,44372,148,717628,25395,2537,0.248,1,1,0,Fake
user_908,162,48,8025,546,288895,22808,456,531174,38873,2270,0.034,1,0,0,Fake
user_909,318,0,13894,518,283517,24377,173,426090,33457,903,0.155,0,0,1,Fake
user_910,564,17,5781,250,76386,18680,396,997283,31656,354,0.132,0,0,0,Fake
user_911,14,26,19852,391,168145,27863,189,291276,1431,3701,0.266,1,1,1,Fake
user_912,565,14,8158,17,385453,11303,67,346600,14185,3301,0.262,1,1,1,Fake
user_913,417,47,9932,508,335184,16128,448,523514,24733,4763,0.245,1,1,0,Fake
user_914,95,42,9350,745,181816,16467,371,697837,36123,1395,0.196,0,0,1,Fake
user_915,230,12,18888,403,213386,31429,131,971808,36617,3490,0.171,1,1,1,Fake
user_916,116,48,14688,974,91206,6974,435,548131,15160,1109,0.069,0,0,0,Fake
user_917,472,13,20827,381,304198,8969,435,993024,195,3158,0.283,0,0,0,Fake
user_918,120,4,6599,781,210648,16456,402,417959,1855,2812,0.092,0,1,1,Real
user_919,157,11,8908,559,195092,30260,178,338138,18238,2333,0.133,1,0,0,Real
user_920,510,28,28259,731,245096,28454,285,343700,35473,1902,0.205,0,1,0,Fake
user_921,298,39,25601,110,182157,179,393,788117,14410,2438,0.225,1,1,0,Fake
user_922,521,31,15767,463,402293,7245,467,795501,31878,3702,0.263,0,0,0,Fake
user_923,279,44,2621,229,153327,2891,242,375887,44755,2905,0.286,1,1,0,Fake
user_924,425,20,11782,591,77402,36368,79,931625,39541,4653,0.036,1,0,1,Fake
user_925,494,29,13049,998,426889,3892,443,517506,41988,893,0.271,1,0,1,Fake
user_926,483,15,12377,25,352666,7766,261,369166,14931,3203,0.132,1,0,0,Fake
user_927,249,27,5497,406,394085,33697,73,104727,26316,253,0.095,0,1,0,Fake
user_928,467,25,15424,789,466316,8037,242,180510,47771,2122,0.174,0,0,0,Fake
user_929,564,49,14463,237,259266,2538,146,267141,14877,2043,0.073,0,1,0,Fake
user_930,148,2,13850,457,354267,13580,464,493103,45226,2792,0.257,0,1,1,Fake
user_931,392,38,16557,378,284304,1746,110,451887,5161,4749,0.267,1,1,1,Fake
user_932,195,47,19968,488,213818,48279,20,287936,22578,4222,0.065,1,1,0,Fake
user_933,520,24,24082,576,188916,27038,338,5998,37791,1714,0.026,0,1,0,Fake
user_934,139,46,14202,111,226341,36296,227,7181,11870,4224,0.182,0,1,0,Fake
user_935,71,20,24914,658,45322,15063,422,54843,48943,2698,0.286,1,0,1,Fake
user_936,282,25,5107,318,315701,6578,293,405185,9500,4650,0.072,1,1,1,Fake
user_937,424,39,26856,340,132749,29447,296,549217,46330,443,0.296,1,1,1,Fake
user_938,348,47,26003,147,463875,26125,71,468095,38919,3785,0.269,0,0,1,Fake
user_939,519,36,15794,829,72163,18099,413,353976,7445,4964,0.299,1,1,0,Fake
user_940,273,38,649,645,174485,5896,64,546328,43340,4688,0.151,0,1,1,Fake
user_941,2,34,24966,999,484819,32046,397,825120,42195,3515,0.049,1,1,1,Fake
user_942,289,33,12498,85,188045,10608,206,848607,10988,2980,0.072,0,1,0,Fake
user_943,305,41,14004,97,338409,27774,439,435080,31624,4147,0.245,1,0,0,Fake
user_944,593,45,27985,574,244609,33834,436,847623,3778,2574,0.22,0,1,0,Fake
user_945,501,50,2727,173,236332,2793,430,556746,25120,3690,0.1,1,1,1,Fake
user_946,152,2,24866,212,395157,35676,148,897409,21615,4156,0.291,0,0,0,Fake
user_947,457,33,29702,885,282702,860,407,139242,39210,1826,0.267,1,1,0,Fake
user_948,551,6,9837,964,451831,33872,379,305314,14618,4070,0.202,0,0,1,Fake
user_949,495,28,19502,501,356692,6385,402,716485,18360,2702,0.008,0,1,1,Fake
user_950,353,29,17602,607,86128,47629,434,60282,4221,3413,0.07,1,1,1,Fake
user_951,340,2,5006,255,466480,43921,27,374775,2862,4523,0.278,0,1,0,Fake
user_952,565,15,18115,85,22416,24002,113,74754,17316,590,0.029,0,1,0,Fake
user_953,556,33,23810,144,180068,29344,166,434868,3268,3099,0.24,1,1,0,Fake
user_954,386,34,5757,412,265474,7038,494,401200,24714,3907,0.073,1,1,1,Fake
user_955,466,25,8430,631,481452,9707,116,370042,48681,4311,0.125,0,0,0,Fake
user_956,329,47,12466,858,450736,38846,312,267758,44930,2534,0.164,0,1,0,Fake
user_957,193,2,15192,484,327712,1997,267,340887,9512,1786,0.112,0,0,0,Fake
user_958,244,35,10022,535,76048,47172,399,111685,37945,2511,0.028,0,1,1,Fake
user_959,585,24,14863,740,313939,7089,277,161382,6172,319,0.011,1,1,1,Fake
user_960,392,33,9280,859,179122,22460,471,183631,5371,4004,0.013,1,0,0,Fake
user_961,239,48,12292,580,283226,46157,43,935092,35600,1724,0.02,0,0,1,Fake
user_962,420,40,18420,778,331715,3984,269,269156,29600,465,0.046,0,0,0,Fake
user_963,44,3,19858,238,436214,30373,262,903426,11163,3627,0.023,0,0,1,Fake
user_964,325,12,15756,60,390486,5533,115,317232,8407,801,0.076,1,1,0,Fake
user_965,484,18,2357,785,83586,12811,290,272642,33656,3817,0.163,0,0,1,Fake
user_966,390,28,10919,505,446220,33316,250,72048,10281,3814,0.134,0,0,0,Fake
user_967,395,25,4477,258,418767,2782,236,807235,18400,3177,0.04,1,1,1,Fake
user_968,155,19,23424,421,300780,26777,343,537177,31445,769,0.079,1,0,1,Fake
user_969,507,49,15376,318,73149,29685,392,617326,8131,1583,0.127,1,1,0,Fake
user_970,37,18,6413,758,427954,6662,193,641332,33986,2591,0.127,1,0,0,Real
user_971,129,29,5070,345,415381,16154,272,495252,12620,209,0.165,1,1,0,Fake
user_972,514,10,6213,854,107905,3531,123,978272,1338,21,0.16,1,0,1,Fake
user_973,339,27,136,154,432372,30274,384,310489,5734,4029,0.192,0,1,1,Fake
user_974,102,18,420,37,363444,46702,129,5178,35158,4160,0.19,1,0,1,Real
user_975,450,39,28234,329,207801,15020,119,150701,7485,4379,0.055,1,1,0,Fake
user_976,102,3,16406,705,42857,21767,217,840617,29251,1785,0.019,0,0,1,Fake
user_977,538,44,23932,578,431721,5223,155,889223,45647,3177,0.17,0,0,0,Fake
user_978,467,33,23768,613,219664,3132,399,873660,38232,4783,0.172,0,0,0,Fake
user_979,15,9,12263,416,461752,18856,253,211515,26245,1283,0.259,1,0,0,Fake
user_980,147,29,16103,892,58657,23666,240,211383,42729,1217,0.256,0,1,1,Fake
user_981,419,41,13256,5,262869,34779,17,554994,3501,1562,0.063,1,1,1,Fake
user_982,158,28,13625,274,285210,18058,434,426283,31487,1616,0.039,0,1,1,Fake
user_983,76,5,12931,706,22008,32245,138,956457,21932,4104,0.006,0,0,0,Fake
user_984,480,46,24320,214,272403,19676,58,560370,44377,2634,0.056,1,1,1,Fake
user_985,271,32,12227,773,54429,13074,129,446484,29373,2314,0.093,1,1,1,Fake
user_986,346,7,12584,575,301709,26254,377,17813,34460,111,0.149,1,0,0,Fake
user_987,407,11,16041,813,2118,11467,14,537456,40161,1935,0.064,1,0,1,Fake
user_988,82,49,10086,500,133545,7484,319,813203,47782,1549,0.061,0,1,1,Fake
user_989,336,37,21005,558,489949,46141,16,244717,47656,3348,0.092,0,1,1,Fake
user_990,546,44,19277,511,288593,12881,328,877131,34120,4764,0.031,1,0,1,Fake
user_991,389,34,2334,320,348461,1624,477,333738,43002,4815,0.123,1,0,0,Fake
user_992,324,8,13395,982,494031,1142,67,860442,16517,4948,0.02,1,1,1,Fake
user_993,499,25,28999,667,86351,37036,492,492780,37784,2785,0.013,1,0,1,Fake
user_994,554,26,1272,241,387821,28514,497,909391,31264,1064,0.006,1,1,1,Fake
user_995,36,20,4078,329,118899,11909,188,43931,18668,4541,0.253,1,0,0,Real
user_996,70,28,12609,472,358618,22867,108,765659,38118,2728,0.001,0,0,1,Fake
user_997,240,1,18533,725,372114,34844,272,66608,40258,354,0.004,0,1,0,Fake
user_998,294,11,5320,494,412994,34611,432,474622,29412,1534,0.088,1,0,1,Real
user_999,232,29,6364,526,175583,44326,336,20845,40912,1836,0.06,0,0,1,Fake
user_1000,92,37,25000,568,256471,23287,457,257058,39339,712,0.07,1,1,1,Fake
user_1001,444,45,14296,879,61300,29282,224,428038,3727,1132,0.11,0,1,0,Fake
user_1002,100,12,8364,757,170649,27912,21,203408,20691,3216,0.288,0,1,0,Real
user_1003,102,29,25272,750,383702,46098,105,47796,10566,2580,0.137,0,0,1,Fake
user_1004,454,5,29920,83,438550,28146,289,924735,8835,1602,0.091,1,0,1,Fake
user_1005,170,16,24627,943,417811,39069,75,652435,6976,1299,0.014,1,0,1,Fake
user_1006,306,20,23666,107,195728,16630,212,312789,32134,3756,0.142,0,0,1,Fake
user_1007,29,44,11422,435,287546,32517,78,849231,8142,1948,0.293,1,1,0,Fake
user_1008,47,41,16698,716,491220,1945,188,982106,7233,2568,0.044,0,0,1,Fake
user_1009,332,45,23236,79,207073,13406,145,280788,18294,2711,0.204,1,0,0,Fake
user_1010,57,50,16011,384,274266,7896,413,161357,35801,973,0.204,0,1,0,Fake
user_1011,300,10,20807,130,344400,36782,95,960817,26818,2332,0.179,1,0,0,Fake
user_1012,367,45,22560,775,429581,358,30,222466,22003,3690,0.107,0,1,0,Fake
user_1013,383,46,12064,13,205940,21873,483,537599,27361,1276,0.227,1,0,0,Fake
user_1014,441,7,22821,165,114856,13039,144,674221,23327,2150,0.299,1,1,1,Fake
user_1015,149,5,1890,532,302524,43977,44,431187,33867,4867,0.139,1,0,1,Real
user_1016,250,7,21328,766,184095,13131,345,63714,48350,439,0.197,0,1,0,Fake
user_1017,543,45,12626,124,393124,39777,443,181779,6220,1543,0.147,1,1,0,Fake
user_1018,421,28,13894,170,213908,26383,97,47418,36234,1144,0.238,1,0,1,Fake
user_1019,579,40,24106,202,360605,10261,451,836043,40619,1048,0.023,0,1,1,Fake
user_1020,184,23,8086,448,394036,28801,455,727383,35031,2012,0.157,1,1,1,Fake
user_1021,174,5,7941,890,55798,16660,129,348949,43444,2194,0.229,1,0,1,Fake
user_1022,179,33,15654,995,118391,28670,467,766846,6685,3949,0.267,0,1,1,Fake
user_1023,80,45,1130,116,335790,25796,53,50867,616,3991,0.168,1,1,0,Fake
user_1024,391,24,26644,39,337590,28626,322,566815,28355,613,0.175,0,0,0,Fake
user_1025,246,46,11842,906,237845,9759,27,641165,5044,2392,0.149,1,1,1,Fake
user_1026,509,50,20675,434,81632,5172,380,771630,32277,3472,0.166,1,1,1,Fake
user_1027,597,32,23152,507,437439,23149,344,560646,13845,2701,0.255,1,0,1,Fake
user_1028,146,39,22165,174,363825,38348,192,234187,41408,273,0.136,1,1,1,Fake
user_1029,237,10,925,641,469360,4199,240,31873,44873,4793,0.127,0,1,0,Real
user_1030,472,24,22854,822,394956,34381,246,638282,46305,1990,0.221,1,1,1,Fake
user_1031,260,35,21812,537,98739,15764,78,814595,20537,2924,0.275,1,0,0,Fake
user_1032,470,24,21146,498,375496,9058,13,915040,26632,2571,0.259,1,0,0,Fake
user_1033,261,2,4845,143,312,45840,147,291480,15941,3015,0.065,1,1,0,Real
user_1034,9,49,8563,766,468285,31129,398,782979,6207,2823,0.144,0,1,1,Fake
user_1035,476,10,19838,895,416071,1243,153,72522,26734,3698,0.197,0,0,0,Fake
user_1036,294,21,14924,560,264509,2102,43,222917,13114,343,0.039,0,0,0,Fake
user_1037,559,36,22317,428,419396,3773,20,282187,6168,1218,0.064,1,1,0,Fake
user_1038,161,42,4828,408,56518,17432,38,700420,11020,301,0.161,0,1,0,Fake
user_1039,75,9,8332,9,259628,26409,372,606482,39084,335,0.16,1,1,1,Real
user_1040,452,10,8107,303,75683,27184,363,12704,30211,3367,0.172,1,1,1,Fake
user_1041,353,9,19731,120,480165,27889,263,612244,24020,930,0.184,1,0,0,Fake
user_1042,306,11,18951,445,37857,6564,363,807569,23094,3852,0.193,0,0,1,Fake
user_1043,434,49,21712,301,364347,20355,312,454304,29401,2060,0.24,0,0,0,Fake
user_1044,256,45,27574,737,498131,21648,439,668960,11665,603,0.013,0,1,1,Fake
user_1045,467,3,5289,944,160723,41080,370,69429,48814,1593,0.152,0,0,1,Fake
user_1046,309,26,404,901,126790,38621,149,863683,49367,3425,0.067,1,1,0,Fake
user_1047,203,19,3825,692,396257,1634,61,636907,27159,2532,0.082,0,1,1,Real
user_1048,393,19,25263,277,212923,49485,299,498734,6773,2174,0.035,1,0,1,Fake
user_1049,494,46,3024,535,158784,4444,120,625346,27430,2952,0.076,1,0,0,Fake
user_1050,109,49,21115,330,432659,7633,91,508340,39104,4617,0.102,0,1,0,Fake
user_1051,242,28,23318,629,109704,3314,148,910170,19994,2245,0.15,1,0,0,Fake
user_1052,390,18,12594,910,284146,29290,200,885662,39898,3851,0.279,0,1,1,Fake
user_1053,585,40,13030,380,334626,38568,409,963951,26903,3208,0.243,1,0,0,Fake
user_1054,367,11,23136,577,50639,31827,132,861163,14281,910,0.025,1,0,1,Fake
user_1055,588,7,19207,665,498886,43682,440,938815,31981,1311,0.221,0,1,1,Fake
user_1056,302,8,29523,169,427029,30628,292,603829,36736,882,0.137,1,1,1,Fake
user_1057,302,12,2632,144,100142,8147,339,920272,33234,4513,0.217,1,1,0,Fake
user_1058,22,0,16991,297,12323,16535,48,510634,4655,4617,0.084,0,0,0,Fake
user_1059,405,39,29817,535,8503,2447,40,141483,5811,2042,0.162,1,1,0,Fake
user_1060,281,48,6187,701,16304,1287,328,881537,37614,4891,0.27,1,0,0,Fake
user_1061,8,16,28704,209,155076,49087,257,285984,13845,763,0.009,1,1,0,Fake
user_1062,579,0,13859,822,63478,42932,375,352987,34442,1208,0.289,1,1,0,Fake
user_1063,50,29,5433,628,108573,17215,325,160281,45202,3912,0.174,0,0,1,Fake
user_1064,508,31,27189,974,97367,38375,168,582209,46565,116,0.121,0,0,1,Fake
user_1065,293,31,13987,731,433930,15463,60,281779,38664,3428,0.094,1,0,0,Fake
user_1066,235,34,8286,380,406883,35643,498,114835,42485,2661,0.203,0,0,1,Fake
user_1067,360,0,22670,531,356768,36178,334,219933,38060,243,0.074,0,1,0,Fake
user_1068,224,38,9903,619,37400,4452,482,380191,38354,3584,0.19,1,0,0,Fake
user_1069,194,31,16405,257,35138,46851,83,408148,3509,3319,0.032,0,0,1,Fake
user_1070,256,15,17471,483,132872,36891,83,638994,25687,846,0.263,1,1,0,Fake
user_1071,140,13,21577,473,237292,49629,394,283431,34760,1260,0.241,0,1,1,Fake
user_1072,99,37,29053,215,498604,45870,151,552208,10924,1383,0.153,1,1,0,Fake
user_1073,40,42,12543,958,62365,46367,288,13822,45724,1224,0.186,1,0,1,Fake
user_1074,316,30,19204,338,221206,41358,497,313339,3103,4432,0.272,1,1,0,Fake
user_1075,451,29,10091,949,495386,45641,248,333209,7459,1940,0.032,1,0,0,Fake
user_1076,34,26,24049,764,187440,17665,24,958789,13577,216,0.295,0,1,1,Fake
user_1077,593,28,13487,737,346861,37628,310,44289,42139,2987,0.191,0,0,0,Fake
user_1078,373,5,24656,872,211288,198,383,486579,849,3163,0.072,0,1,1,Fake
user_1079,134,38,28717,950,5540,20646,386,214584,32741,2425,0.117,1,1,1,Fake
user_1080,92,38,23843,138,365857,16337,295,371130,5037,2320,0.042,0,1,1,Fake
user_1081,302,0,28489,168,313293,43759,253,790113,27919,3434,0.109,0,1,1,Fake
user_1082,334,15,2912,536,157399,46381,87,807481,32358,4566,0.084,0,1,0,Fake
user_1083,425,35,3580,732,179919,4310,391,395985,22810,2889,0.092,1,1,1,Fake
user_1084,179,17,20846,849,203291,20753,209,788311,12355,2034,0.057,0,0,1,Fake
user_1085,205,39,18763,485,196563,11280,140,724882,44778,35,0.071,1,0,0,Fake
user_1086,135,40,25450,10,109286,2771,453,516049,45587,2102,0.055,1,1,1,Fake
user_1087,552,35,26133,325,159271,16745,487,313686,11255,3039,0.024,0,1,0,Fake
user_1088,374,13,11285,426,224669,40013,304,534185,7531,3028,0.169,0,1,0,Fake
user_1089,543,3,26680,183,324669,39901,218,14848,25494,2652,0.075,1,1,1,Fake
user_1090,513,11,4676,153,309167,32888,114,600872,14536,2786,0.283,1,0,0,Fake
user_1091,279,9,8815,481,482112,2483,103,337503,45288,4756,0.068,0,1,1,Real
user_1092,168,3,24534,68,250840,38643,100,522469,12744,2727,0.094,1,0,0,Fake
user_1093,263,41,6865,1000,333038,19505,201,671319,27629,418,0.126,0,0,0,Fake
user_1094,493,22,24519,5,322333,42374,50,670206,7899,1032,0.137,1,1,1,Fake
user_1095,302,2,13040,319,311079,39186,263,999650,15864,3341,0.042,1,1,1,Fake
user_1096,346,9,22905,718,21954,32565,441,233593,5038,1738,0.016,0,0,0,Fake
user_1097,117,2,10095,192,356053,25886,162,600873,30815,2726,0.14,1,1,1,Fake
user_1098,479,42,210,204,257600,39721,416,263417,40233,3511,0.19,1,0,1,Fake
user_1099,77,36,5518,710,16524,34680,83,709708,34529,54,0.23,0,0,0,Fake
user_1100,144,38,26751,96,262141,32297,104,19753,21589,4093,0.059,1,1,1,Fake
user_1101,231,19,16112,550,167579,41869,158,931419,17547,4083,0.168,0,0,0,Fake
user_1102,406,21,51,469,184285,14659,17,353141,37905,3991,0.084,0,1,1,Fake
user_1103,570,5,3174,338,16274,42469,145,612869,2400,4414,0.017,1,1,1,Fake
user_1104,374,3,2288,96,134103,4267,436,868626,49434,4962,0.269,0,1,0,Fake
user_1105,92,6,25354,62,367332,13019,465,658439,2975,2552,0.108,1,1,0,Fake
user_1106,404,26,22816,639,248301,30359,365,798247,20347,1772,0.195,0,0,0,Fake
user_1107,14,11,13691,479,451503,38687,340,575151,45170,1901,0.216,0,1,1,Fake
user_1108,270,10,17201,608,418293,28771,354,47350,39456,1121,0.227,1,0,0,Fake
user_1109,549,43,13659,160,201198,44902,119,147173,3688,3998,0.202,0,0,0,Fake
user_1110,126,18,21447,68,394745,7882,98,689817,15903,3358,0.08,0,1,0,Fake
user_1111,465,39,9448,358,282600,27169,224,453190,31209,1570,0.281,1,1,0,Fake
user_1112,377,42,24020,651,403590,25049,61,1142,44076,4723,0.255,0,1,1,Fake
user_1113,268,44,14121,572,51383,39517,65,176775,10704,4920,0.135,0,1,1,Fake
user_1114,598,44,5591,904,221617,36473,283,752067,39411,505,0.282,0,0,1,Fake
user_1115,390,38,5780,231,361020,49145,434,646962,23413,2153,0.155,1,1,0,Fake
user_1116,380,36,12276,353,307822,19176,328,263166,49134,3367,0.178,0,1,1,Fake
user_1117,110,50,6107,643,325180,6688,36,283393,19389,289,0.124,0,1,1,Fake
user_1118,239,35,23070,14,461706,26927,28,154286,24351,239,0.14,0,1,1,Fake
user_1119,482,11,4401,950,184053,25035,108,682280,33809,4256,0.29,1,1,0,Fake
user_1120,25,29,6488,197,497613,6525,166,914266,21817,1457,0.262,1,1,1,Fake
user_1121,574,47,15940,281,359057,9728,205,848027,32998,2000,0.161,0,0,0,Fake
user_1122,335,37,5963,291,257062,14174,279,898224,14739,3279,0.241,1,0,1,Fake
user_1123,226,23,16469,840,14327,31782,230,46446,22396,4633,0.278,0,0,1,Fake
user_1124,64,2,3612,933,199212,18786,60,840361,45537,3088,0.049,0,0,0,Fake
user_1125,475,5,14767,888,20275,3218,362,244599,27597,1164,0.215,0,0,0,Fake
user_1126,309,49,18582,436,255563,31786,205,94396,15362,3474,0.219,1,1,1,Fake
user_1127,418,19,26685,598,397960,31450,120,370959,44569,4610,0.292,0,1,1,Fake
user_1128,119,20,6965,746,474939,37422,35,955617,39170,142,0.24,1,0,0,Fake
user_1129,143,23,6082,313,45523,17443,253,556213,38403,1505,0.229,1,1,1,Fake
user_1130,46,24,6584,376,248969,16268,16,629632,35924,1505,0.009,1,0,1,Fake
user_1131,38,4,1932,639,132202,15289,86,799755,49709,1226,0.012,1,0,0,Real
user_1132,311,48,24573,785,285073,11416,289,146708,8104,508,0.234,1,1,0,Fake
user_1133,504,27,5987,412,48260,49951,214,348256,10036,4622,0.204,1,1,1,Fake
user_1134,118,35,26515,956,43497,21123,239,545872,31577,3638,0.003,1,0,1,Fake
user_1135,99,4,24876,260,128654,28632,365,293985,18248,3068,0.083,0,0,1,Fake
user_1136,240,18,6287,574,379730,11994,344,640180,48006,2762,0.231,1,1,1,Real
user_1137,550,30,8498,554,435489,13823,96,882409,14275,191,0.186,1,1,1,Fake
user_1138,138,8,29565,656,375184,48297,38,913314,39567,3280,0.148,1,0,0,Fake
user_1139,397,7,28561,675,330982,45146,488,18415,41426,853,0.291,1,1,1,Fake
user_1140,464,44,13395,207,483556,33776,486,491408,10100,3751,0.296,1,0,1,Fake
user_1141,379,17,14441,79,49286,43891,87,200498,9535,4960,0.235,0,1,0,Fake
user_1142,553,21,20540,606,238386,38730,408,885400,21112,304,0.089,1,0,0,Fake
user_1143,429,33,29916,156,199151,39001,27,327343,22414,3536,0.032,1,0,0,Fake
user_1144,158,26,20461,105,392719,18946,26,161024,6936,3786,0.133,0,1,0,Fake
user_1145,424,33,3578,748,176885,38198,314,42854,28701,194,0.201,0,0,0,Fake
user_1146,101,13,28454,221,126551,37254,181,238401,17847,549,0.161,0,1,1,Fake
user_1147,501,44,20854,286,316464,7467,409,101050,4570,2791,0.005,1,0,1,Fake
user_1148,417,13,5443,182,246037,40012,415,590894,39334,883,0.283,1,1,1,Fake
user_1149,286,39,2615,269,18005,29233,131,780247,45912,1414,0.028,1,1,1,Fake
user_1150,33,3,9605,577,169278,960,210,461392,48481,316,0.266,1,1,0,Real
user_1151,379,6,2808,104,162431,4390,467,697290,12075,457,0.286,0,1,0,Fake
user_1152,222,36,12377,129,289735,46628,420,482173,21146,1697,0.296,1,1,1,Fake
user_1153,454,46,4085,816,407457,17308,222,494052,36546,4784,0.166,1,0,0,Fake
user_1154,455,40,9068,534,369119,10822,379,299581,4375,1710,0.123,1,1,0,Fake
user_1155,241,33,2105,601,448078,28232,79,558461,41245,2071,0.025,0,0,0,Fake
user_1156,371,5,11211,660,236558,43274,45,458003,48434,2534,0.126,1,0,1,Fake
user_1157,101,30,972,784,113537,9146,302,482634,16650,271,0.285,0,0,0,Fake
user_1158,376,46,19190,392,321764,1724,194,380186,32344,3744,0.045,1,0,0,Fake
user_1159,557,44,7693,338,215276,14047,110,639277,27588,3575,0.13,1,0,1,Fake
user_1160,367,38,15659,589,49783,30622,219,383044,11763,4908,0.231,1,1,0,Fake
user_1161,62,50,15898,790,5396,3341,500,994699,6966,3896,0.09,0,1,0,Fake
user_1162,407,45,22046,873,358520,33788,288,119200,46085,1340,0.284,0,0,0,Fake
user_1163,282,18,24921,606,67310,30195,308,688186,11940,938,0.149,0,0,1,Fake
user_1164,194,27,3303,619,311127,35425,25,323761,46312,3132,0.209,0,0,0,Fake
user_1165,125,38,311,283,452312,11241,15,69933,12312,1493,0.169,0,0,1,Fake
user_1166,465,20,2000,989,354021,6926,183,538428,26595,605,0.124,1,1,0,Fake
user_1167,93,16,8718,826,409382,5834,248,943041,2445,4515,0.025,0,1,0,Fake
user_1168,217,33,24634,754,14803,26918,253,446023,7963,1586,0.242,0,1,0,Fake
user_1169,21,36,236,892,490491,3599,319,773654,45627,1946,0.294,0,0,1,Fake
user_1170,51,39,21801,630,265444,10378,170,280289,35520,1894,0.151,1,0,1,Fake
user_1171,341,22,19085,684,233009,43303,25,953211,25897,4818,0.14,1,0,1,Fake
user_1172,249,8,25860,931,36228,43604,40,720094,15287,594,0.004,0,1,0,Fake
user_1173,128,39,1371,484,263230,43205,59,548070,37450,4884,0.073,1,1,0,Fake
user_1174,578,36,3173,214,95018,1797,263,756688,39205,1290,0.098,0,0,0,Fake
user_1175,210,31,6916,172,242839,41341,134,166688,17112,4734,0.233,1,0,1,Fake
user_1176,70,33,17115,2,144043,43282,79,211253,23462,3095,0.208,0,1,0,Fake
user_1177,567,46,25945,802,365497,41141,180,3872,16921,4992,0.198,0,1,1,Fake
user_1178,212,40,237,237,296248,17006,499,525190,6400,1201,0.067,0,0,0,Fake
user_1179,600,31,12309,221,203517,6231,418,547338,13625,921,0.226,0,1,1,Fake
user_1180,221,31,19758,93,420115,35766,298,791270,47404,20,0.139,0,1,1,Fake
user_1181,238,11,17041,951,484956,5484,16,759073,36363,2762,0.04,0,1,1,Fake
user_1182,336,39,24948,822,280841,15414,23,135409,16494,1837,0.252,1,0,1,Fake
user_1183,151,14,8710,629,342728,24207,418,879859,20862,203,0.198,0,0,1,Fake
user_1184,2,45,15922,150,379758,44849,246,635829,15319,3935,0.232,0,0,0,Fake
user_1185,283,18,15506,146,25540,45994,120,335544,6148,696,0.17,0,1,0,Fake
user_1186,148,12,24802,168,132751,49212,325,824922,20575,1307,0.184,1,1,0,Fake
user_1187,133,0,11043,486,307055,40318,246,672543,25533,1419,0.145,1,1,1,Fake
user_1188,553,7,19804,895,61692,37457,55,545259,14262,3423,0.268,1,1,1,Fake
user_1189,256,1,14072,0,366066,33617,107,916237,3455,345,0.18,0,1,1,Fake
user_1190,178,29,11028,331,270918,39024,395,415688,39525,455,0.243,0,0,1,Fake
user_1191,112,40,12149,79,257477,33060,408,730156,15883,4581,0.018,0,0,1,Fake
user_1192,26,50,22343,917,91183,38319,27,539285,568,1031,0.064,1,0,1,Fake
user_1193,134,7,29168,993,473045,29398,345,845132,30821,1190,0.233,0,0,1,Fake
user_1194,15,47,11241,53,236834,9607,241,983102,39178,4185,0.078,0,0,0,Fake
user_1195,366,13,10329,140,153820,7337,97,289882,26210,1910,0.288,0,0,1,Fake
user_1196,243,39,26766,523,447508,5472,92,111171,34164,3795,0.154,0,0,1,Fake
user_1197,331,26,7851,826,85325,29127,57,598266,43350,3641,0.03,1,1,1,Fake
user_1198,16,26,11836,450,20875,1468,65,440700,48292,2291,0.139,0,1,0,Fake
user_1199,178,2,21793,435,152193,47903,114,166905,22129,1489,0.187,0,0,0,Fake
user_1200,271,21,13057,680,315160,35225,286,256578,40747,3719,0.264,0,1,0,Fake
user_1201,53,22,12400,483,173757,33007,426,678117,3023,443,0.15,1,1,1,Fake
user_1202,129,35,20014,334,223730,41022,204,803684,42638,2585,0.177,1,1,0,Fake
user_1203,431,40,1875,309,57501,38512,299,230459,38479,2343,0.043,0,0,0,Fake
user_1204,538,13,11666,512,360084,18990,31,176491,28091,4584,0.121,1,0,0,Fake
user_1205,116,0,28609,778,81157,43351,390,934805,45597,2655,0.172,0,0,1,Fake
user_1206,65,40,10821,120,439025,33306,270,450219,43358,4022,0.085,1,1,0,Fake
user_1207,487,12,26419,246,40276,2001,251,32640,20044,4435,0.007,1,1,0,Fake
user_1208,459,44,3282,573,104397,4627,462,772620,23747,4386,0.257,0,1,1,Fake
user_1209,370,18,101,402,252783,35823,48,674050,37964,3644,0.036,1,1,0,Fake
user_1210,525,16,14972,386,254933,26148,345,378110,35283,1364,0.279,0,0,0,Fake
user_1211,111,50,28525,792,130570,17041,209,757671,30462,4485,0.204,1,1,1,Fake
user_1212,462,4,22882,394,2984,19930,263,575286,8887,1190,0.018,0,1,1,Fake
user_1213,515,19,13166,723,203058,35068,82,395044,41263,509,0.153,0,1,1,Fake
user_1214,226,19,23764,485,406711,9059,105,751232,18190,3278,0.23,1,0,1,Fake
user_1215,44,32,27375,363,390348,10532,71,652959,47800,1585,0.087,1,0,1,Fake
user_1216,533,35,29097,319,422996,49665,22,793503,2104,1234,0.041,0,0,1,Fake
user_1217,308,20,4550,858,342816,7880,421,293549,36857,1300,0.025,1,0,0,Fake
user_1218,469,49,841,534,474695,29575,431,173797,49103,4247,0.079,0,1,1,Fake
user_1219,31,0,19723,324,92605,23334,139,481554,40060,211,0.107,0,1,0,Fake
user_1220,62,7,4027,543,404992,34206,171,440391,39672,648,0.114,1,1,0,Real
user_1221,490,43,28475,80,197509,33629,455,879381,11523,1371,0.111,1,0,1,Fake
user_1222,411,21,17387,904,23002,48329,482,503909,46046,3452,0.153,0,1,0,Fake
user_1223,436,21,9157,619,158480,15278,373,306745,7052,4726,0.037,1,0,1,Fake
user_1224,110,25,22913,862,95775,37426,406,973174,30205,4533,0.139,1,0,1,Fake
user_1225,502,46,24623,219,117137,28859,153,541436,31683,434,0.178,0,0,1,Fake
user_1226,454,36,26707,978,178294,33216,390,219977,41684,2384,0.269,0,1,1,Fake
user_1227,75,39,8144,170,453805,24497,218,103449,12332,2119,0.142,1,0,0,Fake
user_1228,82,1,12072,968,358106,28682,415,890562,21536,3407,0.006,0,0,1,Fake
user_1229,329,11,14808,648,305958,755,67,464993,42654,3433,0.081,0,0,1,Fake
user_1230,151,12,20262,853,443305,35330,263,201819,49835,2995,0.271,1,0,0,Fake
user_1231,67,21,22484,284,258658,11309,66,733787,6091,4122,0.138,1,0,1,Fake
user_1232,129,21,21590,728,119921,4044,301,2608,27429,4748,0.059,0,0,0,Fake
user_1233,281,43,28503,146,374251,1683,95,402599,26244,2654,0.253,0,0,1,Fake
user_1234,599,30,15571,860,233133,17006,290,422424,33306,1125,0.106,1,1,0,Fake
user_1235,561,30,16872,447,423844,35395,423,190624,4218,2217,0.114,0,0,0,Fake
user_1236,332,2,13537,573,367410,3068,45,884394,4360,4022,0.205,0,1,1,Fake
user_1237,390,41,21634,452,497046,27445,252,619032,13513,3345,0.089,1,0,1,Fake
user_1238,543,8,6158,501,477969,31084,437,224014,14142,107,0.292,0,1,1,Fake
user_1239,301,30,102,711,60864,20984,13,689127,40743,4651,0.238,0,1,1,Fake
user_1240,464,9,20908,807,53235,31016,242,673439,30832,3415,0.235,1,0,0,Fake
user_1241,517,40,26627,256,86210,43685,141,959193,12590,159,0.099,0,0,0,Fake
user_1242,440,29,10557,701,72983,6140,166,714480,28101,3494,0.114,1,0,1,Fake
user_1243,101,34,544,123,69205,11785,135,90651,29676,2173,0.095,0,0,1,Fake
user_1244,117,21,20767,571,388159,12380,218,389577,1886,3604,0.263,0,0,1,Fake
user_1245,564,29,11803,921,496328,24920,37,96754,31340,1274,0.202,0,1,1,Fake
user_1246,220,50,28620,445,317302,36924,84,851405,45377,2105,0.062,1,0,0,Fake
user_1247,440,26,1499,667,295053,5578,432,555358,8918,2806,0.022,0,0,1,Fake
user_1248,462,47,26462,356,12414,19631,125,968174,7931,1449,0.101,0,0,0,Fake
user_1249,233,3,24111,182,229689,39038,398,936926,31380,2963,0.033,1,1,0,Fake
user_1250,423,33,10666,25,260123,26426,164,837003,43048,3776,0.02,1,0,1,Fake
user_1251,347,19,22214,886,192243,5996,160,801485,14834,1781,0.178,1,0,0,Fake
user_1252,464,36,14559,374,416461,42464,448,94715,46308,3711,0.276,0,0,1,Fake
user_1253,408,46,7653,875,366435,43776,412,491508,19250,4506,0.008,1,1,0,Fake
user_1254,425,43,19882,477,225429,5507,486,567156,734,3815,0.041,0,1,1,Fake
user_1255,97,20,15877,789,10767,10343,472,524972,46291,2052,0.114,0,1,1,Fake
user_1256,320,35,13112,686,371410,33482,77,156847,11813,3844,0.147,0,0,0,Fake
user_1257,437,34,24222,354,275343,32747,104,309226,20029,4053,0.074,1,0,1,Fake
user_1258,320,1,20073,745,470647,44193,194,816777,8690,4484,0.121,1,1,1,Fake
user_1259,261,13,26016,434,363757,38694,83,153806,42628,4393,0.175,0,1,0,Fake
user_1260,383,36,2666,218,193089,17721,57,929409,11249,2137,0.016,1,0,0,Fake
user_1261,156,43,11414,631,332834,10836,341,400015,42358,115,0.01,1,1,0,Fake
user_1262,485,21,14021,573,284942,39315,213,863322,11189,3616,0.261,1,0,0,Fake
user_1263,68,50,15601,897,55746,43936,17,379389,48167,29,0.053,1,0,0,Fake
user_1264,93,22,21572,942,219479,27752,83,861617,17719,4964,0.293,0,1,0,Fake
user_1265,87,4,28085,961,248333,36679,185,356396,6164,2233,0.093,0,0,1,Fake
user_1266,95,9,22921,195,17582,33075,102,590480,45111,3412,0.049,1,0,0,Fake
user_1267,442,17,29661,391,146225,9859,119,327584,40417,2605,0.259,0,1,1,Fake
user_1268,98,1,3291,383,228742,30366,476,434445,34420,3920,0.235,1,0,0,Real
user_1269,381,21,24060,183,292176,47592,310,653113,47306,3834,0.131,0,0,0,Fake
user_1270,133,24,12611,955,368075,49293,148,575415,15042,3753,0.296,0,1,0,Fake
user_1271,569,40,9629,765,221383,25696,396,622560,4019,433,0.073,1,0,0,Fake
user_1272,61,34,19895,10,35095,37918,52,876583,26987,3555,0.226,0,1,1,Fake
user_1273,600,10,6392,200,34170,43927,82,24540,44152,707,0.245,1,0,0,Fake
user_1274,575,36,23328,452,45740,31269,498,978913,16097,1165,0.168,0,1,0,Fake
user_1275,575,38,4691,369,137770,43554,385,440830,12112,4210,0.201,1,0,0,Fake
user_1276,337,24,28503,538,460210,41640,477,972922,48071,4097,0.095,0,1,0,Fake
user_1277,125,11,17041,199,497372,3278,489,160183,15380,4969,0.127,0,0,1,Fake
user_1278,420,38,28712,5,348495,17506,350,247009,28434,3717,0.037,1,1,0,Fake
user_1279,362,7,18739,600,187507,2826,383,140003,20491,1254,0.123,0,0,0,Fake
user_1280,433,50,25718,317,248840,38590,18,482521,20220,4470,0.289,1,1,1,Fake
user_1281,52,48,28075,336,210410,23241,308,760147,944,2509,0.094,0,1,1,Fake
user_1282,294,19,23483,96,265873,15029,149,151426,6169,1270,0.229,0,1,0,Fake
user_1283,319,45,16535,932,481964,46752,166,230753,35669,3267,0.171,0,1,0,Fake
user_1284,360,20,1040,377,127523,7727,389,685520,6545,4279,0.183,0,0,0,Fake
user_1285,106,45,4189,937,475328,16950,431,496770,42520,502,0.081,0,0,1,Fake
user_1286,591,2,16316,259,486469,5795,238,124829,20316,4904,0.043,0,0,1,Fake
user_1287,519,17,26110,514,459031,38074,418,472184,19017,1116,0.238,0,0,1,Fake
user_1288,217,26,2853,943,72103,27755,441,655017,17593,4199,0.026,1,0,1,Fake
user_1289,158,5,9874,13,63444,7372,252,527000,11022,1201,0.083,1,1,0,Real
user_1290,493,31,27274,621,12640,23239,462,991784,19433,3285,0.248,0,1,0,Fake
user_1291,229,15,22054,279,84932,27993,102,607410,49858,583,0.094,1,1,0,Fake
user_1292,110,23,17981,34,45286,2884,202,28285,36224,3093,0.132,0,1,1,Fake
user_1293,358,28,28664,662,299064,32398,325,158863,17743,2106,0.232,1,0,1,Fake
user_1294,569,19,15296,281,97932,36165,21,926839,10177,979,0.263,0,0,1,Fake
user_1295,376,13,5506,657,348463,42095,116,179582,43869,3584,0.161,0,1,0,Fake
user_1296,117,33,29373,490,103031,16260,355,239074,43788,219,0.046,1,1,0,Fake
user_1297,285,19,14623,407,233885,11601,103,494431,2019,10,0.159,1,0,1,Fake
user_1298,587,11,3790,44,345957,31949,225,712307,10311,2798,0.216,1,0,0,Fake
user_1299,231,7,15799,712,286218,18619,338,867722,45424,1604,0.187,1,1,1,Fake
user_1300,439,23,21713,721,195725,44183,330,601053,18318,4036,0.018,1,0,0,Fake
user_1301,574,50,17716,259,292221,45280,190,59364,16033,610,0.032,0,0,1,Fake
user_1302,570,2,7893,280,137891,36255,171,37656,49410,4226,0.255,0,1,0,Fake
user_1303,26,49,7974,640,250546,36581,58,742842,24107,3475,0.174,0,1,0,Fake
user_1304,273,12,6935,58,35032,14688,125,852021,479,272,0.256,0,1,0,Fake
user_1305,29,5,5584,994,414186,21843,482,835270,45724,2741,0.093,1,1,0,Fake
user_1306,184,28,24682,585,344070,47373,76,799969,39382,3171,0.009,0,0,1,Fake
user_1307,279,32,21618,843,97260,24732,250,449223,20162,3258,0.24,0,0,1,Fake
user_1308,316,1,22934,31,305198,23202,219,331725,28784,4446,0.04,1,0,1,Fake
user_1309,347,30,2930,883,216665,7012,50,863944,26958,4221,0.104,0,1,0,Fake
user_1310,359,32,3456,735,60738,30162,343,285980,23005,86,0.111,0,0,1,Fake
user_1311,6,9,14250,949,293426,38078,248,915324,45976,1648,0.069,0,1,1,Fake
user_1312,185,12,23454,482,20843,43164,318,838287,5954,608,0.104,0,0,0,Fake
user_1313,146,21,957,622,121764,43910,428,749173,7734,3288,0.017,0,1,0,Fake
user_1314,579,30,5250,647,106140,42020,163,568488,43798,3096,0.062,1,0,0,Fake
user_1315,410,46,10698,465,77273,26093,378,658177,48223,2503,0.201,0,1,0,Fake
user_1316,71,33,29577,502,157466,11909,295,668742,33734,3866,0.28,1,1,1,Fake
user_1317,145,19,12566,177,69842,19192,22,469784,27905,4728,0.1,1,1,1,Fake
user_1318,31,49,25110,484,391455,41942,356,58331,43081,3012,0.193,0,0,0,Fake
user_1319,93,20,9186,767,367774,2960,78,703698,4268,525,0.152,0,0,0,Real
user_1320,543,9,7221,895,204844,39632,148,931735,22043,1182,0.009,1,0,0,Fake
user_1321,220,49,23565,663,5868,27632,495,579012,27297,3819,0.008,0,1,1,Fake
user_1322,385,6,8441,768,194960,46006,186,294196,17954,4772,0.242,1,0,0,Fake
user_1323,429,33,21821,558,31454,41920,433,849262,528,4290,0.095,1,1,1,Fake
user_1324,464,43,15607,826,267489,18549,364,488652,40153,1563,0.262,1,1,1,Fake
user_1325,349,8,29409,106,413184,39965,193,468323,37745,1009,0.215,1,1,0,Fake
user_1326,161,13,21974,39,6378,24662,309,609143,18678,1427,0.153,0,0,1,Fake
user_1327,378,46,4033,378,59114,25148,286,338648,6753,2150,0.176,0,0,1,Fake
user_1328,319,2,21806,29,275022,35834,189,737428,20245,1093,0.265,1,0,0,Fake
user_1329,332,29,4448,627,349129,16295,67,272095,32439,4560,0.189,1,1,1,Fake
user_1330,581,24,17515,915,139401,47209,205,74030,23039,2957,0.135,1,0,1,Fake
user_1331,86,45,20760,730,307008,17355,28,657582,12609,1951,0.064,1,1,1,Fake
user_1332,53,33,23770,156,278144,40095,77,829488,40697,3056,0.078,1,1,0,Fake
user_1333,159,7,16120,722,4643,28135,64,466794,35333,2212,0.237,0,1,0,Fake
user_1334,161,0,2963,753,159039,1679,64,441156,40635,681,0.088,0,1,0,Real
user_1335,50,19,26068,181,461575,17409,304,520512,46313,3267,0.039,1,1,1,Fake
user_1336,83,2,22668,891,425439,29691,351,329211,4256,147,0.054,0,1,1,Fake
user_1337,278,43,10905,871,71859,33534,66,329121,12617,694,0.211,1,0,1,Fake
user_1338,453,38,28571,134,167525,20473,173,212362,30635,4725,0.142,1,0,1,Fake
user_1339,434,5,7333,84,482728,9941,499,622170,2551,4947,0.147,0,0,0,Fake
user_1340,497,21,18873,429,127756,4244,486,550325,20966,701,0.076,1,1,1,Fake
user_1341,452,29,25111,854,451194,29094,284,81153,20384,4557,0.234,1,0,0,Fake
user_1342,424,2,19683,866,251862,761,307,858304,41699,2143,0.082,0,1,0,Fake
user_1343,279,6,2119,122,420072,10023,482,921203,8797,4556,0.117,1,1,1,Fake
user_1344,220,33,21102,57,111967,36754,440,906907,19666,161,0.238,1,0,0,Fake
user_1345,524,49,11246,454,98915,22152,56,571102,21285,4278,0.074,1,1,1,Fake
user_1346,116,42,12353,652,348146,6698,97,567056,6117,3604,0.092,1,0,0,Fake
user_1347,353,47,29824,727,248910,25292,422,654641,44851,22,0.085,0,0,1,Fake
user_1348,440,19,23509,63,250754,9328,230,718789,41512,970,0.016,1,0,1,Fake
user_1349,113,1,24345,321,250994,10473,286,41724,40867,3860,0.13,1,0,0,Fake
user_1350,290,36,24117,99,112261,23302,460,883942,3657,9,0.116,0,1,1,Fake
user_1351,498,48,23757,878,51929,38010,217,474410,33329,4214,0.16,1,1,0,Fake
user_1352,539,19,12505,557,90396,49810,397,785327,11736,3279,0.153,1,0,0,Fake
user_1353,315,40,21427,284,203349,15935,369,220338,25266,3980,0.041,0,0,0,Fake
user_1354,46,13,21040,873,289948,41308,156,485248,4986,841,0.089,0,1,1,Fake
user_1355,225,20,25725,198,332082,26648,385,539165,43738,3006,0.13,1,1,0,Fake
user_1356,404,12,18412,670,328744,18036,320,69529,4626,1397,0.288,1,0,0,Fake
user_1357,56,12,28054,628,283851,35561,420,369877,1780,322,0.201,0,1,1,Fake
user_1358,7,18,14318,755,450202,35829,284,611514,42139,3928,0.109,0,1,0,Fake
user_1359,209,17,26491,17,421459,8195,463,67949,13083,3828,0.11,0,1,0,Fake
user_1360,308,34,7646,340,37181,22,221,335969,20860,847,0.062,0,0,0,Fake
user_1361,216,20,7325,857,76604,32933,140,518114,25121,449,0.139,1,0,1,Fake
user_1362,140,49,8489,688,349743,37609,255,631796,20940,3860,0.068,0,1,1,Fake
user_1363,261,28,3790,868,66561,14549,294,60899,40403,2336,0.266,0,1,0,Fake
user_1364,296,42,9534,921,449758,17427,229,584923,17509,476,0.299,0,1,1,Fake
user_1365,335,7,2873,324,267317,35036,415,609255,11877,2334,0.105,0,1,1,Fake
user_1366,122,17,3649,919,76232,26222,459,317194,49109,1852,0.195,1,0,1,Fake
user_1367,7,9,2920,726,451509,34911,475,387547,37873,1842,0.087,0,1,1,Real
user_1368,509,10,11148,173,398730,45658,273,534698,38904,3478,0.241,1,1,1,Fake
user_1369,440,17,24267,927,35648,32886,355,638084,11496,4488,0.006,0,0,1,Fake
user_1370,179,7,19405,600,250446,14939,225,799125,2309,4743,0.03,0,0,1,Fake
user_1371,132,0,6165,739,269161,40244,74,746803,41561,3055,0.036,0,0,1,Real
user_1372,389,39,24399,966,38058,2692,119,657653,11436,3626,0.266,0,1,1,Fake
user_1373,545,35,3804,375,296829,28567,247,409580,15850,4891,0.076,1,0,1,Fake
user_1374,235,32,18770,528,86367,9008,204,175791,31475,3107,0.14,1,0,1,Fake
user_1375,512,6,12050,14,129534,16943,40,424659,25049,3711,0.258,1,0,1,Fake
user_1376,572,13,4175,963,328697,25899,474,866935,46604,1242,0.076,1,1,0,Fake
user_1377,362,34,27961,680,395005,31426,14,576641,25008,2405,0.293,0,0,0,Fake
user_1378,73,22,10268,412,216797,9918,266,220303,28362,3377,0.219,0,1,1,Fake
user_1379,406,35,12458,426,440281,49341,279,530084,38213,681,0.181,0,0,0,Fake
user_1380,43,20,18904,857,328006,34551,147,276377,43513,439,0.013,0,1,0,Fake
user_1381,446,17,24147,683,189646,29174,169,577234,27749,2683,0.227,1,1,0,Fake
user_1382,19,9,55,685,491576,39448,243,536584,39318,551,0.018,1,1,0,Real
user_1383,470,45,10184,62,118144,37732,142,464827,11355,750,0.25,0,0,1,Fake
user_1384,79,18,2027,66,434097,4466,22,430990,11002,286,0.184,0,0,1,Real
user_1385,320,36,19335,197,137609,27847,271,215338,37345,4674,0.296,0,0,1,Fake
user_1386,589,15,17550,844,213066,1445,393,550632,22739,4,0.067,0,1,1,Fake
user_1387,439,10,6221,779,31285,40844,128,23964,15317,419,0.253,1,0,1,Fake
user_1388,587,4,27758,513,394459,4155,234,903080,15185,3841,0.223,0,0,0,Fake
user_1389,414,19,12718,151,226424,5844,430,163110,35209,417,0.141,0,1,1,Fake
user_1390,427,39,13883,746,22496,19654,346,17714,25147,869,0.132,1,1,0,Fake
user_1391,296,21,10474,273,456481,4840,295,718534,6112,4066,0.043,0,0,0,Fake
user_1392,117,34,25273,85,168027,14054,55,502253,37269,4548,0.286,0,1,0,Fake
user_1393,414,28,11961,176,409275,7402,299,417955,16387,2966,0.108,1,1,1,Fake
user_1394,21,3,26133,454,206899,38436,66,83124,6086,230,0.281,0,1,0,Fake
user_1395,332,8,22259,45,14504,49590,302,158269,4287,1446,0.238,0,0,0,Fake
user_1396,175,1,26101,282,100980,47498,26,249346,40967,96,0.212,0,1,1,Fake
user_1397,471,30,4138,623,352141,16271,261,622516,35505,3049,0.089,1,1,1,Fake
user_1398,370,43,17031,203,380892,23445,159,418537,49446,393,0.037,1,1,1,Fake
user_1399,90,3,21749,705,487996,43331,327,714351,12574,1217,0.118,0,0,0,Fake
user_1400,447,6,19713,517,195917,49511,443,114058,39900,2850,0.017,1,1,1,Fake
user_1401,108,24,19358,419,204879,39301,300,189170,44355,2367,0.04,1,1,1,Fake
user_1402,249,3,7279,177,235839,41949,76,120079,1064,4631,0.018,0,1,1,Real
user_1403,446,5,3492,650,317947,10698,53,981104,40705,3879,0.248,0,1,1,Fake
user_1404,410,27,12953,764,438500,13406,233,662277,15105,1339,0.225,0,1,0,Fake
user_1405,536,25,301,862,454523,46840,163,824549,20024,1881,0.294,1,1,1,Fake
user_1406,80,11,17638,857,117818,26698,32,700344,8311,1438,0.233,0,0,1,Fake
user_1407,405,45,27930,963,392486,7075,35,631900,18379,268,0.089,1,0,1,Fake
user_1408,317,38,15093,3,475795,15246,216,29210,42841,670,0.202,0,0,1,Fake
user_1409,347,37,10352,318,66755,13981,302,662736,41348,97,0.179,0,1,1,Fake
user_1410,226,40,4741,280,251325,31136,387,891000,9751,1410,0.28,0,1,0,Fake
user_1411,341,44,26743,574,322382,47167,381,349951,19271,3855,0.078,0,0,0,Fake
user_1412,172,44,9726,359,497752,26714,401,774087,144,2985,0.08,0,0,1,Fake
user_1413,78,28,27433,120,414432,27,280,92500,24808,4940,0.046,0,0,0,Fake
user_1414,522,39,7173,349,267149,22395,487,573761,27829,3877,0.167,1,0,0,Fake
user_1415,116,22,16378,477,465957,12227,431,921167,44128,2203,0.107,0,0,1,Fake
user_1416,543,19,22281,581,213139,16293,403,846494,11644,3774,0.206,1,1,0,Fake
user_1417,522,21,14935,856,338711,2869,467,573385,33579,2734,0.073,0,0,0,Fake
user_1418,198,12,4830,713,457111,16679,492,104614,48803,1884,0.027,1,1,1,Real
user_1419,357,45,19708,88,396062,21051,113,162200,12309,4908,0.255,1,1,0,Fake
user_1420,359,48,9286,579,333103,36457,211,973496,17705,3459,0.177,1,1,0,Fake
user_1421,151,42,4779,952,82462,33491,321,594618,26877,2632,0.079,1,0,1,Fake
user_1422,241,34,24479,474,126531,6186,383,678471,12538,4874,0.124,0,0,1,Fake
user_1423,105,5,21802,90,314037,26254,330,827443,13210,3697,0.079,1,1,1,Fake
user_1424,149,48,27824,119,273289,21787,75,566252,19654,2533,0.278,0,0,0,Fake
user_1425,262,48,26256,940,150799,45896,436,548399,44207,2084,0.092,1,0,1,Fake
user_1426,202,29,27123,92,260641,1437,111,674837,33907,1368,0.21,0,0,1,Fake
user_1427,177,36,23034,186,405326,10851,412,405763,35310,2838,0.269,0,0,1,Fake
user_1428,156,8,1125,747,39350,23613,176,888494,39617,1239,0.213,0,0,1,Fake
user_1429,77,5,19624,88,226881,18246,127,687512,15078,3142,0.106,0,0,1,Fake
user_1430,181,44,10490,190,314479,49183,152,822228,15606,2112,0.137,1,1,0,Fake
user_1431,505,29,10121,325,16207,19797,286,799453,16865,1357,0.152,1,1,0,Fake
user_1432,475,6,16461,605,218794,32479,147,103066,13676,460,0.035,1,1,1,Fake
user_1433,577,29,22564,641,34778,9479,271,535553,30974,2304,0.135,0,1,1,Fake
user_1434,593,19,4045,988,294485,17182,233,804274,24309,683,0.058,1,0,0,Fake
user_1435,459,43,8960,20,44481,8163,148,140315,6719,3313,0.033,0,0,0,Fake
user_1436,578,41,27776,785,369347,40388,239,855092,48337,2328,0.213,1,1,0,Fake
user_1437,330,45,23151,173,467481,6380,493,847691,34525,925,0.086,0,0,0,Fake
user_1438,323,49,18807,807,407396,28109,496,27842,24985,2860,0.218,1,1,1,Fake
user_1439,154,29,15672,10,76317,20832,30,680374,28585,1730,0.198,1,1,1,Fake
user_1440,450,30,20679,222,405231,42617,268,867717,40127,3611,0.043,0,1,1,Fake
user_1441,69,14,27154,653,336278,2068,90,512181,16672,2389,0.219,1,1,1,Fake
user_1442,480,14,7068,383,20944,12664,70,7384,47949,322,0.159,1,1,1,Fake
user_1443,452,9,16220,471,193735,45679,124,959875,2443,3001,0.04,0,1,1,Fake
user_1444,310,39,9551,83,145431,18949,303,421307,33274,761,0.044,1,1,0,Fake
user_1445,281,16,23073,898,206185,17930,280,406872,28485,1537,0.205,0,0,0,Fake
user_1446,57,23,12343,741,147237,1851,220,750013,23722,1952,0.271,1,1,1,Fake
user_1447,360,25,1927,965,243535,37173,173,797363,18872,3756,0.048,0,1,0,Fake
user_1448,519,11,26548,252,340874,27288,150,891090,11516,1882,0.18,0,1,1,Fake
user_1449,75,44,10916,315,423001,26349,231,624941,18630,3638,0.063,0,1,0,Fake
user_1450,317,42,5003,857,480830,4140,105,38428,16324,3471,0.259,0,1,0,Fake
user_1451,472,21,27128,697,179035,30804,85,915486,47674,3239,0.274,0,0,0,Fake
user_1452,462,50,23486,657,159119,49519,375,124174,36832,4697,0.143,1,1,0,Fake
user_1453,38,20,6901,965,438474,48518,448,49362,11573,4980,0.031,1,1,0,Fake
user_1454,58,29,27789,923,280646,31735,14,476768,25147,3664,0.123,0,1,0,Fake
user_1455,377,31,24007,885,317349,48989,96,614608,40646,3107,0.245,0,1,1,Fake
user_1456,293,1,26555,195,171488,4281,43,138365,8752,4371,0.213,1,0,0,Fake
user_1457,78,4,7375,765,481992,33802,95,230105,36338,943,0.23,1,1,0,Real
user_1458,92,30,22950,773,161555,8308,112,504415,21611,3086,0.083,1,1,1,Fake
user_1459,519,7,24108,755,448464,45887,390,817192,22513,39,0.012,1,1,0,Fake
user_1460,393,22,1722,135,497285,16953,382,153862,1364,4343,0.219,0,0,1,Fake
user_1461,473,30,28358,317,246369,38964,261,618114,29475,2623,0.117,0,0,0,Fake
user_1462,594,29,25429,54,268141,35274,361,581788,17628,2813,0.199,1,0,1,Fake
user_1463,567,10,5866,388,255741,37567,490,150972,13382,4066,0.03,0,0,0,Fake
user_1464,42,18,28074,722,202424,49349,390,406451,22283,724,0.049,0,0,0,Fake
user_1465,460,49,15974,293,397105,35823,85,580155,1422,3750,0.113,1,0,0,Fake
user_1466,585,22,23835,182,456738,41319,453,636166,37854,2467,0.151,1,1,0,Fake
user_1467,192,38,12838,285,440143,2741,17,936866,22766,4904,0.287,1,1,0,Fake
user_1468,329,36,9800,143,360946,35828,193,242187,10688,380,0.289,1,1,0,Fake
user_1469,487,8,26706,578,309099,35457,472,234780,49749,2975,0.105,1,1,1,Fake
user_1470,513,32,21602,323,364511,47807,178,288254,36663,4267,0.281,0,1,1,Fake
user_1471,154,6,29896,423,293699,186,10,949264,41523,2443,0.212,1,1,1,Fake
user_1472,63,25,27804,231,484155,26260,459,740756,34279,3202,0.241,0,0,1,Fake
user_1473,461,45,5216,855,357660,30259,116,536221,40728,4228,0.16,1,0,1,Fake
user_1474,105,50,706,192,317301,36120,399,694947,24459,4170,0.181,1,1,1,Fake
user_1475,351,6,17954,279,314227,9532,121,974857,39896,645,0.011,0,1,0,Fake
user_1476,86,20,12854,904,346558,6350,11,890804,17824,2253,0.232,1,1,1,Fake
user_1477,516,35,11056,204,411993,17792,41,457870,31431,2235,0.088,1,0,1,Fake
user_1478,176,41,13842,181,300935,5217,20,693478,41389,4818,0.191,0,1,1,Fake
user_1479,40,4,22213,302,71967,29022,19,318544,541,285,0.176,0,1,1,Fake
user_1480,253,50,15513,265,246063,17751,290,636980,16301,4223,0.051,0,1,1,Fake
user_1481,448,19,11413,714,176724,27112,275,945941,37310,477,0.284,1,1,1,Fake
user_1482,449,34,24828,450,47703,33880,202,476180,27978,1732,0.158,1,0,1,Fake
user_1483,536,29,12824,270,362505,6854,137,966074,39652,2764,0.215,1,1,1,Fake
user_1484,535,25,12814,94,256731,14842,416,48465,27652,4123,0.04,0,0,1,Fake
user_1485,162,37,2353,501,179521,21394,159,254395,18571,3283,0.234,1,1,1,Fake
user_1486,372,26,17296,363,279308,40799,390,748524,21414,1400,0.27,0,1,0,Fake
user_1487,381,15,23814,592,271055,12105,375,331541,13731,2320,0.147,1,0,0,Fake
user_1488,289,39,9274,372,323153,25855,216,46387,21149,369,0.238,1,1,1,Fake
user_1489,396,15,9252,357,331017,41064,242,441160,39383,2912,0.055,0,1,0,Fake
user_1490,418,35,22818,790,32995,24676,132,514672,6299,3638,0.187,1,0,1,Fake
user_1491,346,10,6392,657,131907,17368,313,343831,30823,2092,0.096,0,0,1,Fake
user_1492,53,30,22973,535,329840,35777,66,482598,26532,2175,0.079,0,1,1,Fake
user_1493,342,24,28057,460,140620,27668,323,535856,21504,2709,0.273,1,0,0,Fake
user_1494,67,4,17957,849,489769,40400,12,644018,2936,219,0.069,0,1,0,Fake
user_1495,337,21,12903,646,142213,43461,11,433864,16948,4627,0.192,1,1,1,Fake
user_1496,96,13,3188,703,458621,35284,274,904136,30009,4731,0.264,0,0,0,Fake
user_1497,571,44,4289,851,151491,40462,276,543754,8165,4569,0.058,0,0,0,Fake
user_1498,395,37,10597,174,311654,16316,302,820972,36008,3577,0.236,0,0,1,Fake
user_1499,290,27,24650,37,269231,45801,403,765047,34277,1712,0.215,1,1,0,Fake
user_1500,258,50,25928,972,119454,38126,408,907051,13199,1496,0.156,0,0,0,Fake
user_1501,153,27,19018,854,164129,25940,300,236229,296,2117,0.065,1,0,0,Fake
user_1502,341,36,28372,599,485920,45644,56,200287,2466,3062,0.125,0,1,0,Fake
user_1503,83,50,26380,394,474905,40536,72,354753,49939,1994,0.224,0,1,1,Fake
user_1504,596,21,1773,159,169955,36015,139,371524,38791,2599,0.056,1,1,1,Fake
user_1505,144,34,27846,550,475643,28858,70,724059,38581,1190,0.247,1,1,1,Fake
user_1506,358,44,23251,582,125522,20422,217,467760,22296,3615,0.103,1,1,1,Fake
user_1507,317,15,9963,215,296754,33208,418,13914,17954,4842,0.012,1,0,1,Fake
user_1508,401,11,14992,719,100278,24979,11,839244,8937,895,0.041,1,0,0,Fake
user_1509,132,42,21451,444,182721,37173,21,510487,36076,796,0.0,1,0,0,Fake
user_1510,86,42,5363,355,160614,20470,306,463742,33335,954,0.132,0,0,0,Fake
user_1511,317,4,18912,661,100582,45133,498,247595,29840,741,0.05,0,0,0,Fake
user_1512,572,47,4507,830,432923,5917,448,775668,13911,464,0.077,0,0,0,Fake
user_1513,385,45,14479,698,175635,21451,445,106494,18007,4244,0.268,1,1,1,Fake
user_1514,336,36,22805,815,271409,22300,57,803148,18664,3046,0.188,0,0,1,Fake
user_1515,130,31,15808,295,354471,38558,206,179105,48468,580,0.286,1,1,0,Fake
user_1516,539,7,9538,212,215765,17119,300,880661,47823,4376,0.209,1,1,0,Fake
user_1517,95,37,29400,350,146025,20549,395,844514,40011,2050,0.116,0,0,0,Fake
user_1518,433,38,4745,716,138364,43247,389,690172,42274,3361,0.263,0,0,1,Fake
user_1519,520,29,6873,991,313398,3230,331,942457,26343,3475,0.2,1,0,0,Fake
user_1520,370,20,7147,515,222218,7251,87,922592,43710,4191,0.115,1,0,1,Fake
user_1521,18,35,26357,564,351107,8134,430,228610,24726,4994,0.237,1,1,0,Fake
user_1522,371,6,24522,849,345564,40219,130,105014,33839,4537,0.249,1,1,0,Fake
user_1523,316,28,6411,760,98751,8832,81,338590,28418,2633,0.065,1,1,1,Fake
user_1524,184,11,24094,813,402817,47341,360,345264,28160,4886,0.149,0,1,0,Fake
user_1525,219,19,21339,275,321416,39263,263,356792,29489,1821,0.108,1,0,0,Fake
user_1526,349,25,299,92,466904,44533,113,662831,38603,1359,0.107,1,1,1,Fake
user_1527,497,4,11869,525,412558,11834,488,44782,35316,625,0.075,0,0,1,Fake
user_1528,196,38,23788,791,73021,3839,243,714442,40061,1988,0.291,0,1,1,Fake
user_1529,231,6,28054,215,420607,45052,389,885163,37970,2924,0.107,1,0,0,Fake
user_1530,140,43,18863,264,403654,31310,435,804920,16922,4725,0.001,0,1,0,Fake
user_1531,158,38,3340,223,360884,23679,307,333753,29948,3375,0.17,0,0,0,Fake
user_1532,79,49,22227,478,154672,16147,354,461350,1074,964,0.058,0,1,1,Fake
user_1533,302,24,25739,267,99596,45677,282,708962,26776,4096,0.167,1,0,0,Fake
user_1534,103,20,28129,32,360240,25001,493,949032,45927,1717,0.067,1,1,1,Fake
user_1535,519,31,4836,944,359650,45532,405,34324,6979,428,0.2,0,0,1,Fake
user_1536,552,41,12338,118,189523,2915,305,374841,29987,3718,0.171,1,1,1,Fake
user_1537,539,42,13995,529,373618,23020,382,133146,45893,1626,0.108,0,1,1,Fake
user_1538,38,3,22264,674,284570,7431,245,674976,42105,2252,0.143,1,1,0,Fake
user_1539,344,5,27579,646,289880,4612,388,98161,1458,4357,0.063,0,1,0,Fake
user_1540,134,13,5512,190,168371,31095,376,550290,28392,68,0.07,0,0,1,Real
user_1541,385,8,1845,486,107198,5151,326,501681,38288,326,0.135,0,1,0,Fake
user_1542,157,37,3147,143,418397,27687,32,647880,3374,1279,0.249,0,1,0,Fake
user_1543,166,48,11651,478,242583,44745,208,632819,5570,1210,0.068,0,1,1,Fake
user_1544,185,40,15527,600,305004,47723,14,708315,17095,3429,0.295,0,0,0,Fake
user_1545,169,0,5886,330,272688,4054,287,919783,40712,2168,0.184,1,1,1,Fake
user_1546,448,48,1719,381,90919,14881,417,775055,28856,1268,0.297,0,0,0,Fake
user_1547,44,9,3845,577,61452,39059,385,233458,5376,2835,0.267,0,1,1,Real
user_1548,420,42,16889,386,379895,35246,182,541671,5294,4057,0.083,0,0,1,Fake
user_1549,373,9,21302,674,378925,49329,163,287150,1724,1099,0.026,0,1,0,Fake
user_1550,243,28,11091,602,459352,36388,288,745441,49723,70,0.093,1,1,1,Fake
user_1551,454,34,19444,922,152809,25879,441,862105,14083,2743,0.102,0,1,1,Fake
user_1552,291,18,14215,34,334807,13575,496,293765,34314,2718,0.268,0,1,1,Fake
user_1553,459,24,4868,330,129513,27606,52,276202,17085,2428,0.23,0,1,0,Fake
user_1554,239,39,20544,718,107863,20603,492,46884,46912,4478,0.205,1,0,0,Fake
user_1555,546,36,23676,107,313593,16289,447,326295,29362,1343,0.136,1,1,1,Fake
user_1556,244,28,13238,644,414158,26921,453,385503,6725,4705,0.274,1,0,1,Fake
user_1557,316,12,8028,367,332107,46488,475,533830,22067,4235,0.112,1,0,1,Fake
user_1558,480,13,1113,890,435363,42442,290,563499,25702,3967,0.192,1,1,1,Fake
user_1559,198,43,3892,922,176880,8242,227,219400,31485,4489,0.269,1,1,0,Fake
user_1560,376,20,7892,8,95985,6554,255,109755,23494,835,0.008,0,0,0,Fake
user_1561,584,19,12997,162,465186,33729,142,80058,27448,4995,0.045,0,0,0,Fake
user_1562,451,36,16011,431,339464,37962,208,326488,28320,1154,0.163,0,1,1,Fake
user_1563,472,50,9918,486,424451,17033,135,66994,47703,526,0.006,0,0,1,Fake
user_1564,288,43,22543,342,260547,21473,30,323557,21351,2309,0.182,1,0,1,Fake
user_1565,391,19,19534,344,196607,24404,35,930887,3,3854,0.142,1,1,1,Fake
user_1566,514,27,5652,663,128782,39288,21,506878,42770,2092,0.052,0,0,0,Fake
user_1567,540,45,21390,924,205327,3657,481,997168,22197,4987,0.168,1,0,1,Fake
user_1568,428,22,24418,102,253935,24837,315,53903,5018,4422,0.188,0,0,0,Fake
user_1569,165,5,12300,191,375936,31818,427,683043,35574,2294,0.026,1,1,0,Fake
user_1570,204,37,25423,935,141945,503,440,964423,47708,3660,0.047,0,0,1,Fake
user_1571,141,0,22668,366,488890,3221,311,735639,33107,2498,0.226,1,1,0,Fake
user_1572,256,39,26061,313,297894,1623,273,107377,27680,3166,0.157,0,1,0,Fake
user_1573,53,32,21978,166,240689,38936,151,789098,1310,40,0.254,0,1,1,Fake
user_1574,492,25,21578,478,281756,42995,360,159786,44972,2414,0.293,1,1,1,Fake
user_1575,380,8,2936,559,178991,42685,122,981686,6286,1429,0.104,1,0,0,Fake
user_1576,567,18,25484,190,76724,37512,137,237839,25189,4783,0.074,0,0,0,Fake
user_1577,105,3,15193,770,133549,19735,232,679662,32204,2030,0.299,1,1,0,Fake
user_1578,528,23,28340,22,317710,8905,70,831813,43397,3732,0.21,0,1,0,Fake
user_1579,127,35,26810,449,37775,19576,465,338379,19171,849,0.171,1,1,0,Fake
user_1580,291,3,21309,828,132401,34757,59,892161,17089,3946,0.232,0,1,1,Fake
user_1581,85,0,12520,631,65236,38034,380,51610,36895,4486,0.039,0,1,0,Fake
user_1582,164,45,9018,467,197426,16398,437,208092,47395,2064,0.063,1,1,1,Fake
user_1583,279,35,20720,607,426306,11726,135,420055,44767,3886,0.244,1,1,0,Fake
user_1584,460,22,21403,589,288716,3077,497,561778,11842,1476,0.243,1,0,0,Fake
user_1585,525,7,14585,711,206087,19222,238,465535,13396,660,0.272,1,0,0,Fake
user_1586,150,18,12036,445,1712,24663,52,119360,18617,2148,0.268,1,1,1,Fake
user_1587,447,1,380,748,34889,24578,485,340052,45501,3520,0.155,1,0,0,Fake
user_1588,93,15,3932,408,99052,44722,59,658280,13597,643,0.139,0,0,1,Real
user_1589,227,27,3821,484,425717,17955,277,786486,24113,3752,0.105,1,0,0,Fake
user_1590,461,44,2707,854,489748,48533,461,412660,40022,1500,0.138,0,1,0,Fake
user_1591,357,37,3999,249,133594,36487,53,858925,41920,4088,0.134,0,0,1,Fake
user_1592,27,25,16030,258,486437,40199,172,979782,28504,2752,0.186,0,1,1,Fake
user_1593,424,40,21017,740,259551,28502,57,814160,37714,4385,0.059,0,0,0,Fake
user_1594,54,20,21914,382,238425,28268,349,559745,33890,388,0.059,1,0,0,Fake
user_1595,405,45,29769,615,490078,32604,319,630970,21473,2223,0.246,1,0,1,Fake
user_1596,514,24,16703,345,288696,26899,294,78273,1222,2819,0.165,0,1,0,Fake
user_1597,382,25,7370,494,305965,3276,340,779778,18234,1180,0.162,0,1,0,Fake
user_1598,241,24,754,694,430523,21422,199,39294,21247,1482,0.238,0,0,0,Fake
user_1599,395,27,19229,410,145275,28560,365,611088,49772,3471,0.259,1,0,0,Fake
user_1600,83,34,18775,307,267973,17179,142,669903,1090,3653,0.266,1,0,1,Fake
user_1601,383,13,18763,41,297509,10605,178,459182,42317,3505,0.085,1,1,0,Fake
user_1602,229,42,15712,994,220459,940,266,921007,21962,4124,0.02,0,1,1,Fake
user_1603,28,11,8969,951,104432,20364,82,915104,26801,4247,0.101,0,0,0,Fake
user_1604,326,30,22732,898,139303,20627,398,472209,26773,3727,0.051,1,0,1,Fake
user_1605,101,8,24423,239,26735,27760,303,647925,46360,4830,0.239,0,0,1,Fake
user_1606,343,12,3098,781,224241,23867,422,468093,37788,4438,0.084,1,1,0,Fake
user_1607,149,35,26029,957,329311,32114,168,563847,15029,4298,0.284,0,0,1,Fake
user_1608,140,24,19427,922,256670,49562,86,56032,31750,3776,0.28,0,0,1,Fake
user_1609,39,23,5934,949,312093,29038,19,916151,22489,3855,0.014,1,1,0,Fake
user_1610,293,26,12581,519,56664,22276,106,925347,20372,2708,0.154,1,1,0,Fake
user_1611,483,9,15865,110,249754,35226,335,149027,2985,2401,0.164,1,1,1,Fake
user_1612,142,18,21122,431,229204,1912,143,243396,8894,2283,0.148,1,1,1,Fake
user_1613,480,42,23027,436,202839,37434,422,669840,46657,2698,0.105,0,0,1,Fake
user_1614,459,8,14210,792,164176,29531,444,317249,49112,4200,0.21,0,0,0,Fake
user_1615,5,8,9776,275,62623,20219,350,843366,17320,2113,0.145,1,1,0,Fake
user_1616,81,0,18724,976,73257,20901,16,815768,11661,3702,0.102,1,0,0,Fake
user_1617,19,4,4103,591,94951,14465,45,658047,36765,2415,0.162,1,1,0,Real
user_1618,262,41,3258,410,64443,12601,195,279979,28484,567,0.285,1,1,0,Fake
user_1619,220,1,10657,607,189443,33188,114,374509,4725,1930,0.001,1,0,1,Fake
user_1620,153,9,2080,29,398524,39885,175,447062,30908,2274,0.102,0,1,0,Real
user_1621,561,46,23388,167,420111,1893,400,537267,46072,34,0.226,0,0,1,Fake
user_1622,540,31,29782,524,28574,27862,132,306102,35196,946,0.091,0,1,1,Fake
user_1623,433,42,28252,170,21513,8575,152,276199,38523,5000,0.013,1,0,0,Fake
user_1624,113,27,26057,944,444163,15893,221,432027,10998,1115,0.186,1,1,0,Fake
user_1625,295,8,17613,307,36846,24217,220,496006,21701,4761,0.273,1,0,1,Fake
user_1626,243,5,6058,907,145414,16914,25,602412,29209,1745,0.053,0,0,0,Fake
user_1627,308,8,13281,611,56340,26505,238,849561,8150,3407,0.074,1,1,1,Fake
user_1628,124,41,26636,988,287567,24986,174,307698,19704,26,0.124,0,0,1,Fake
user_1629,48,26,22961,714,280610,8572,202,25941,2181,2689,0.087,1,0,0,Fake
user_1630,244,29,647,965,140726,41519,493,959425,8523,4932,0.118,1,0,1,Fake
user_1631,429,50,12903,536,66805,12079,304,798262,21655,3563,0.134,0,0,1,Fake
user_1632,468,44,18220,203,410973,27442,320,243167,3650,1490,0.151,0,1,0,Fake
user_1633,64,38,26786,974,50274,22053,315,859206,44727,3716,0.287,0,1,0,Fake
user_1634,113,27,17577,995,485358,45914,138,809659,15775,2726,0.031,1,0,0,Fake
user_1635,511,39,25672,581,389558,18952,155,443818,35318,524,0.273,0,0,0,Fake
user_1636,548,11,26614,769,360041,3551,307,760877,21215,4763,0.086,0,0,1,Fake
user_1637,16,29,17369,142,221912,7104,465,897816,46250,1710,0.207,1,0,0,Fake
user_1638,527,32,16009,133,107422,25984,370,448028,32145,2057,0.012,1,1,1,Fake
user_1639,588,27,2094,679,20938,41459,149,312646,28038,3087,0.238,0,0,1,Fake
user_1640,247,35,17003,341,467303,21889,451,853963,48796,2041,0.276,0,1,0,Fake
user_1641,147,28,27431,807,346185,39560,217,22700,11300,4226,0.195,0,1,1,Fake
user_1642,298,24,19160,982,297044,39861,231,69618,49517,4938,0.081,1,0,1,Fake
user_1643,439,22,17661,55,31394,22742,236,452991,24667,222,0.199,0,1,0,Fake
user_1644,1,14,23388,993,5167,15001,85,228515,19716,908,0.274,1,1,1,Fake
user_1645,361,11,26831,92,58422,3519,376,983178,33696,1254,0.205,1,0,1,Fake
user_1646,246,27,25888,316,177002,600,37,141256,4675,2283,0.207,1,0,0,Fake
user_1647,584,38,21354,811,327344,45533,58,642940,41234,4325,0.272,1,1,1,Fake
user_1648,426,0,4066,784,377262,44254,39,334808,26953,2345,0.044,1,1,0,Fake
user_1649,191,36,24690,144,145318,27885,291,503070,49846,2413,0.146,0,0,1,Fake
user_1650,87,31,24673,820,148996,10503,80,229249,49537,3920,0.116,0,0,1,Fake
user_1651,536,46,6798,354,225340,12238,146,795221,16342,4948,0.199,0,1,1,Fake
user_1652,369,15,21580,469,126185,7760,461,522829,33901,1985,0.279,0,0,0,Fake
user_1653,69,45,29412,405,120842,11462,339,530612,42390,3456,0.181,1,0,1,Fake
user_1654,538,32,3844,169,115572,9971,379,694057,18843,2862,0.06,0,1,1,Fake
user_1655,557,17,5920,471,324173,19274,18,218431,37550,3335,0.172,1,1,1,Fake
user_1656,519,26,28246,0,316492,11864,424,910797,16023,973,0.086,1,1,1,Fake
user_1657,519,34,19631,674,299167,49940,81,124806,49724,572,0.128,1,0,0,Fake
user_1658,567,36,22780,151,394121,29617,371,372314,49063,2950,0.264,1,1,0,Fake
user_1659,20,23,5896,205,139846,28061,404,610577,26686,3355,0.284,1,0,1,Fake
user_1660,399,2,174,904,486461,31350,286,990802,36653,4541,0.226,1,1,1,Fake
user_1661,481,2,18177,176,289729,45478,476,522420,3392,3293,0.113,0,0,1,Fake
user_1662,44,36,14654,308,185362,43033,56,383832,43986,1114,0.077,0,0,1,Fake
user_1663,396,30,26231,314,440804,31060,362,475011,25255,1083,0.01,1,1,0,Fake
user_1664,382,45,10298,82,123921,20356,269,740733,12836,1966,0.167,0,0,1,Fake
user_1665,259,23,4031,189,79536,26295,87,961540,21173,508,0.204,1,0,0,Fake
user_1666,16,7,1282,241,12034,8803,481,167947,33564,3812,0.202,1,1,0,Real
user_1667,365,37,4221,878,290303,20709,80,630634,22989,231,0.208,0,0,0,Fake
user_1668,69,30,18844,208,306247,40191,344,954216,14466,3431,0.169,1,1,0,Fake
user_1669,353,44,6757,447,166051,4412,123,737464,1241,2746,0.221,1,0,0,Fake
user_1670,246,5,21385,92,399691,25568,272,701874,47191,2067,0.259,0,1,1,Fake
user_1671,106,9,5282,741,115276,1818,238,154457,5543,4247,0.209,0,0,1,Real
user_1672,595,46,2877,250,90094,6793,315,694730,1424,247,0.251,1,1,1,Fake
user_1673,340,46,18431,157,422424,5181,482,460515,5207,2589,0.108,1,0,0,Fake
user_1674,136,33,8413,701,432600,11591,402,244864,9260,1901,0.094,0,0,1,Fake
user_1675,45,48,27900,568,200944,18411,157,109534,28788,836,0.081,1,1,0,Fake
user_1676,360,49,24676,865,106504,46474,10,533771,35997,3102,0.023,0,1,0,Fake
user_1677,559,17,1147,794,284012,6548,86,412617,37886,287,0.225,0,0,0,Fake
user_1678,346,29,2772,383,323116,6048,466,586741,24731,1075,0.016,1,1,0,Fake
user_1679,179,33,4086,5,9143,24412,210,811622,39392,1069,0.194,1,1,1,Fake
user_1680,475,5,16585,488,84093,32988,82,779133,21853,3682,0.281,0,1,1,Fake
user_1681,490,33,9783,163,47803,16462,27,218499,5508,2453,0.137,1,0,0,Fake
user_1682,186,39,11913,352,299494,34957,281,745191,40002,1976,0.045,0,1,1,Fake
user_1683,138,5,17839,102,388212,33886,187,39579,42501,2032,0.129,0,0,1,Fake
user_1684,64,15,5623,482,321982,41904,266,143345,13657,433,0.285,1,0,1,Real
user_1685,468,30,13862,563,141415,25444,464,592377,100,1746,0.151,0,0,0,Fake
user_1686,37,40,21566,703,424437,3930,45,870177,49747,3604,0.187,0,1,1,Fake
user_1687,300,47,2,403,254938,401,264,93038,19264,1443,0.196,0,1,1,Fake
user_1688,206,42,8137,715,65307,49839,144,347526,42120,4030,0.135,1,1,0,Fake
user_1689,44,42,9850,217,50165,35183,362,586374,33011,552,0.183,1,0,0,Fake
user_1690,204,4,1512,934,129076,983,176,386178,24174,4398,0.095,1,0,0,Fake
user_1691,42,43,17021,483,443223,7100,473,966542,9661,3390,0.136,1,1,0,Fake
user_1692,323,40,29642,684,213071,31102,79,739477,46406,1326,0.016,0,0,1,Fake
user_1693,317,34,25650,385,115853,38588,249,694040,32094,2328,0.29,1,1,0,Fake
user_1694,527,37,9614,851,126890,33834,126,319081,30124,2443,0.084,0,1,1,Fake
user_1695,407,19,21599,474,240913,25957,414,673744,22955,3740,0.064,0,0,1,Fake
user_1696,556,39,17501,723,319609,31535,477,171628,34352,2884,0.253,1,0,1,Fake
user_1697,484,3,14579,248,86844,46593,193,861557,24644,3427,0.129,1,1,1,Fake
user_1698,259,21,4582,781,467604,32409,336,237784,49740,1540,0.08,0,0,1,Fake
user_1699,37,34,18909,938,90986,36623,108,237648,31119,513,0.203,1,0,0,Fake
user_1700,195,49,16070,98,481100,8378,220,183553,3196,861,0.179,1,0,1,Fake
user_1701,292,0,22777,396,115522,12837,169,314662,14171,1065,0.3,0,0,1,Fake
user_1702,365,30,10254,131,146523,5186,91,94864,25381,626,0.278,0,0,1,Fake
user_1703,48,29,17126,325,56301,11330,496,394175,21466,1717,0.078,1,1,1,Fake
user_1704,339,32,29844,781,1661,37869,486,896046,27194,4453,0.074,1,1,0,Fake
user_1705,279,30,11538,957,125184,39028,123,772158,9612,117,0.281,0,0,0,Fake
user_1706,127,36,19863,136,351881,23485,186,390959,3382,4026,0.164,1,1,0,Fake
user_1707,376,46,17636,409,161739,29103,242,72322,12733,4460,0.081,1,1,0,Fake
user_1708,447,21,16731,791,228166,892,18,576706,48978,1523,0.001,0,0,0,Fake
user_1709,409,26,6876,334,303897,17904,14,363813,27686,4567,0.012,1,0,0,Fake
user_1710,450,22,22542,919,451357,29236,160,657277,14131,3999,0.188,0,1,1,Fake
user_1711,395,18,3244,289,314424,8841,54,774757,16628,4420,0.06,0,0,1,Fake
user_1712,347,18,21712,839,445429,47073,91,266641,19925,389,0.103,1,1,1,Fake
user_1713,191,10,26862,690,202743,26774,327,563655,44564,3236,0.241,0,0,0,Fake
user_1714,508,2,1465,747,233919,17243,58,259458,18432,3409,0.251,1,1,0,Fake
user_1715,509,44,7769,893,111876,10755,405,611401,13846,635,0.112,0,1,1,Fake
user_1716,376,38,1203,434,121729,41850,296,453887,41213,2612,0.236,0,0,1,Fake
user_1717,531,47,6162,611,52621,27852,496,835816,39002,2447,0.054,1,0,1,Fake
user_1718,273,19,4642,403,444219,4989,81,407960,16919,2840,0.13,1,1,1,Real
user_1719,84,46,9820,546,42990,9651,292,25130,26408,4183,0.209,0,1,1,Fake
user_1720,434,50,28052,73,214189,47870,369,992722,33336,2714,0.177,1,1,1,Fake
user_1721,80,36,27283,355,373515,7268,179,489227,39174,4207,0.227,0,1,1,Fake
user_1722,440,16,7052,500,232853,10788,64,954604,24741,3287,0.25,1,0,1,Fake
user_1723,184,3,4397,685,232011,3504,291,217373,48969,3085,0.232,0,1,1,Real
user_1724,558,40,19731,758,78845,13362,69,314458,48414,1897,0.282,0,0,1,Fake
user_1725,300,30,18090,993,387535,34652,361,305803,47102,2897,0.066,1,0,0,Fake
user_1726,328,37,7079,600,465629,16464,224,833312,16030,3547,0.291,0,1,0,Fake
user_1727,105,10,19391,27,201575,14995,490,402968,15245,2671,0.218,0,0,0,Fake
user_1728,81,36,11765,227,445952,48196,45,887681,6878,2428,0.141,0,1,1,Fake
user_1729,335,3,9089,906,322464,49789,331,493819,35207,654,0.063,0,1,1,Fake
user_1730,302,42,4210,623,393579,31373,100,743460,4714,4283,0.103,0,1,1,Fake
user_1731,313,18,23891,182,199314,22423,412,266975,44188,235,0.149,1,0,0,Fake
user_1732,456,47,20391,786,12072,14940,333,407661,9865,1353,0.042,1,0,0,Fake
user_1733,436,39,13828,240,283778,28185,177,185268,12856,4513,0.117,0,1,0,Fake
user_1734,170,1,2436,377,401109,22657,187,762477,14571,4278,0.145,0,1,0,Real
user_1735,454,18,18017,370,142461,45641,299,128274,24299,1441,0.055,0,1,0,Fake
user_1736,359,31,8354,348,107546,38583,19,362153,28819,2773,0.022,0,0,0,Fake
user_1737,457,5,8541,513,462320,47808,156,779102,44540,1142,0.256,0,0,0,Fake
user_1738,43,8,12510,842,353008,25288,350,662898,27635,622,0.001,0,0,1,Fake
user_1739,361,32,21291,1,257697,49319,453,600102,5818,1403,0.166,0,1,1,Fake
user_1740,445,4,29611,625,228930,34884,466,374065,31246,4286,0.102,1,0,1,Fake
user_1741,281,50,5351,613,413971,3151,213,571232,46796,4426,0.198,1,1,0,Fake
user_1742,58,17,13109,769,458828,30225,68,297203,48679,3123,0.259,1,1,1,Fake
user_1743,76,16,14944,407,274693,36313,462,681890,3133,3545,0.105,1,0,0,Fake
user_1744,415,8,2728,936,179457,22960,26,86330,29392,4784,0.176,0,1,0,Fake
user_1745,372,39,8328,79,168862,41651,41,966344,14407,339,0.11,1,0,0,Fake
user_1746,525,17,22168,661,10861,11062,247,657574,8128,2589,0.043,0,1,1,Fake
user_1747,163,17,13937,235,261636,24149,318,510715,29261,2232,0.091,0,1,1,Fake
user_1748,31,16,22757,141,266107,17349,98,280740,19756,3195,0.102,1,1,1,Fake
user_1749,146,0,4693,511,322771,33689,122,776705,18346,4827,0.117,1,1,0,Real
user_1750,448,47,17560,192,203371,11457,38,977158,23417,4962,0.006,0,0,1,Fake
user_1751,35,7,6676,45,439468,20300,145,968201,30211,4308,0.174,1,0,0,Fake
user_1752,129,38,2312,216,231834,8383,228,974219,30248,2540,0.235,0,1,1,Fake
user_1753,68,11,20629,309,318008,8087,219,639379,28049,1438,0.256,1,1,1,Fake
user_1754,241,37,24008,445,107725,44023,22,120486,11341,4397,0.263,0,0,1,Fake
user_1755,375,47,8827,95,195539,36535,37,445324,44250,4108,0.1,1,1,1,Fake
user_1756,370,9,20746,347,75767,45528,53,66733,27097,1280,0.147,0,1,0,Fake
user_1757,392,42,22832,393,368813,49229,75,463421,8906,4363,0.161,0,1,0,Fake
user_1758,580,28,21154,669,40557,15241,297,3080,25436,2347,0.122,1,1,1,Fake
user_1759,33,23,6312,184,315072,32994,134,353024,16056,3678,0.182,0,1,0,Fake
user_1760,157,11,23410,435,438797,21253,277,13765,25717,294,0.209,1,0,1,Fake
user_1761,460,16,12194,154,366440,16594,83,994369,29130,2689,0.062,1,1,1,Fake
user_1762,379,50,18469,291,358234,23725,244,169409,35270,1262,0.061,0,1,0,Fake
user_1763,380,44,21538,318,198004,49310,54,941159,20523,364,0.273,0,1,0,Fake
user_1764,454,15,21226,396,88280,17586,25,173628,45653,1986,0.022,0,1,1,Fake
user_1765,78,31,26886,691,413175,3089,55,80659,2696,649,0.273,1,0,1,Fake
user_1766,587,11,16758,840,211815,2060,380,538569,33386,1804,0.074,1,0,1,Fake
user_1767,140,33,19822,492,108596,44290,460,696678,40255,1372,0.191,0,0,1,Fake
user_1768,542,2,5375,35,114257,28130,391,98611,36324,4426,0.102,1,0,0,Fake
user_1769,375,21,13752,267,164737,16676,474,424137,39679,4550,0.057,1,1,0,Fake
user_1770,407,5,26921,981,185212,20021,99,591967,32006,3770,0.176,0,0,0,Fake
user_1771,321,9,5029,977,212390,42783,112,578616,32499,746,0.097,0,0,0,Fake
user_1772,285,38,10366,431,143729,24079,472,75293,17364,1372,0.22,1,1,1,Fake
user_1773,255,9,25814,183,130424,18691,75,676887,32492,1717,0.161,0,0,0,Fake
user_1774,116,31,14209,167,374831,42743,300,874647,24532,1305,0.185,0,0,0,Fake
user_1775,26,48,12417,407,152399,30619,386,988588,40191,137,0.204,1,0,0,Fake
user_1776,190,26,849,698,471047,22186,483,300604,17866,1703,0.299,0,1,0,Fake
user_1777,511,49,19779,529,121055,48481,331,934533,44835,3543,0.133,0,0,1,Fake
user_1778,530,24,8110,854,198937,9544,228,103685,18799,3126,0.216,1,0,1,Fake
user_1779,396,15,2540,108,314801,12898,45,238998,42602,4284,0.132,0,0,1,Fake
user_1780,575,42,8851,476,460183,5026,189,826000,15691,3575,0.29,1,0,1,Fake
user_1781,120,28,4083,825,246264,7300,55,800281,18694,2400,0.221,1,1,0,Fake
user_1782,268,46,17415,84,12727,9171,74,314417,32927,1038,0.24,0,1,1,Fake
user_1783,266,40,3604,354,359919,12684,25,878472,46718,3625,0.128,1,0,0,Fake
user_1784,456,10,22412,702,490348,10103,345,286740,21907,3936,0.007,1,0,1,Fake
user_1785,219,13,17968,750,295336,46722,473,700077,9066,4465,0.082,0,1,1,Fake
user_1786,292,36,13329,103,127964,29324,145,502805,38498,3188,0.113,1,0,0,Fake
user_1787,502,46,2161,671,338415,18708,494,405383,23209,1115,0.249,0,1,0,Fake
user_1788,204,22,10792,883,365733,35210,282,733007,12468,3501,0.236,1,0,0,Fake
user_1789,125,3,20977,414,33918,40290,376,932560,29237,4436,0.074,0,0,0,Fake
user_1790,138,41,2915,822,237107,48265,201,61418,49145,2768,0.134,1,1,0,Fake
user_1791,75,16,11888,826,373853,47904,15,739490,30126,1524,0.298,0,0,0,Fake
user_1792,462,48,29794,12,419483,32194,264,619497,16629,3860,0.235,1,0,1,Fake
user_1793,176,7,10928,164,11471,44706,386,267539,1802,1179,0.22,0,0,1,Fake
user_1794,455,3,25495,326,203879,40684,229,856999,49364,4335,0.024,0,1,0,Fake
user_1795,89,10,8953,131,299712,48066,232,589774,15730,3790,0.26,1,0,1,Real
user_1796,327,29,4794,588,180975,5561,394,213275,31208,3102,0.146,1,0,0,Fake
user_1797,355,25,28470,519,188492,29540,176,727706,25512,238,0.093,1,0,1,Fake
user_1798,66,30,26152,393,199738,28730,124,510502,30522,1992,0.285,1,0,0,Fake
user_1799,563,19,7397,702,10744,26092,499,850249,27518,1225,0.059,0,0,1,Fake
user_1800,555,30,8966,465,257403,13518,427,471595,36541,51,0.168,1,1,0,Fake
user_1801,297,47,323,11,228742,15918,405,301781,31150,4143,0.025,1,0,1,Fake
user_1802,307,48,3209,497,379678,43548,466,27085,18441,3957,0.218,0,1,0,Fake
user_1803,161,34,12358,669,233479,19232,384,771693,1639,3676,0.248,1,0,1,Fake
user_1804,178,14,7281,982,476676,42274,477,134701,17376,4596,0.271,0,0,1,Fake
user_1805,370,24,12407,686,222370,42042,396,620223,9849,1855,0.072,1,1,0,Fake
user_1806,520,43,3440,411,46903,44467,142,849729,1476,2200,0.273,1,1,0,Fake
user_1807,229,45,25648,432,229303,48644,169,753890,31458,3585,0.138,1,1,0,Fake
user_1808,124,24,4046,789,133654,10902,205,901176,27607,655,0.056,0,0,1,Fake
user_1809,205,30,5758,55,182572,32065,381,131465,30621,59,0.024,0,0,0,Fake
user_1810,142,16,17251,310,119829,11122,33,562051,23245,3331,0.107,0,1,1,Fake
user_1811,242,9,23865,435,141097,2012,458,424744,5276,1490,0.143,1,0,0,Fake
user_1812,505,33,28688,264,192201,12558,166,302635,20193,4398,0.147,0,0,1,Fake
user_1813,26,27,10045,759,477940,36378,345,696713,39110,1864,0.09,0,1,1,Fake
user_1814,369,0,19294,649,136241,35317,100,667861,29173,1817,0.002,0,0,0,Fake
user_1815,567,18,26913,118,250887,24871,467,253088,22985,2178,0.098,0,0,1,Fake
user_1816,586,28,26437,618,82888,44897,83,211059,13088,2842,0.292,0,0,0,Fake
user_1817,377,24,16043,826,88364,11122,235,808085,19532,3016,0.25,1,0,0,Fake
user_1818,478,43,3130,821,114890,4769,224,979619,5784,3934,0.131,0,0,0,Fake
user_1819,564,20,17332,930,447556,31112,122,30064,4982,1988,0.037,0,0,1,Fake
user_1820,132,33,11432,461,306967,23175,446,851346,20780,2802,0.045,0,0,1,Fake
user_1821,88,43,22952,514,338170,46806,334,158924,49439,3483,0.228,0,0,1,Fake
user_1822,67,2,18748,381,271145,826,163,445385,30879,1421,0.217,0,0,0,Fake
user_1823,316,6,28357,799,314103,42929,206,894164,13611,1580,0.092,0,0,0,Fake
user_1824,407,34,9240,484,278363,35579,432,665232,42712,1057,0.082,0,0,0,Fake
user_1825,490,40,18072,729,424747,3983,22,364779,13628,3710,0.147,0,1,1,Fake
user_1826,538,22,8881,343,102609,4408,64,978136,3892,4093,0.108,1,0,0,Fake
user_1827,420,27,19905,864,443496,39763,328,785489,40762,299,0.07,1,0,1,Fake
user_1828,419,39,3246,547,19028,25364,55,31006,38558,458,0.019,0,1,0,Fake
user_1829,588,41,29378,995,199986,16183,180,603075,3813,2086,0.033,1,0,1,Fake
user_1830,75,17,1571,373,191140,2733,131,761275,2118,2708,0.22,0,1,1,Real
user_1831,128,21,5595,114,25154,16707,13,677180,42162,1744,0.151,0,0,0,Fake
user_1832,324,17,10420,804,398831,21558,197,613566,47030,2782,0.141,1,1,0,Fake
user_1833,75,17,24637,183,119841,46842,265,403146,3048,4347,0.125,1,0,1,Fake
user_1834,460,6,12765,434,47171,41637,378,741427,37419,2920,0.213,1,0,1,Fake
user_1835,477,16,5920,544,370726,12737,390,858962,18203,4784,0.206,1,1,0,Fake
user_1836,529,41,11310,777,480169,2175,418,196256,48396,3848,0.052,0,0,0,Fake
user_1837,352,37,26413,392,83232,25337,330,122237,2195,1788,0.19,0,0,0,Fake
user_1838,131,25,24290,891,48432,39903,114,584927,26806,498,0.041,0,1,1,Fake
user_1839,564,29,22210,690,322673,15043,384,933957,24418,1030,0.214,0,1,1,Fake
user_1840,186,49,25845,81,364544,21299,168,197769,26111,3787,0.173,0,0,1,Fake
user_1841,132,43,17422,153,289839,47132,261,435805,23400,1807,0.176,0,1,1,Fake
user_1842,443,47,18077,7,26248,35738,442,395430,47577,1036,0.24,0,1,1,Fake
user_1843,514,15,19484,345,131277,32967,86,474396,33176,1394,0.269,0,0,1,Fake
user_1844,56,46,28902,970,41552,9491,142,482009,9831,4511,0.245,0,1,1,Fake
user_1845,127,43,27840,956,275384,17482,130,129094,15870,2821,0.048,1,1,0,Fake
user_1846,530,37,13194,724,488641,40902,189,628918,48815,3671,0.094,0,1,1,Fake
user_1847,156,49,15625,604,133769,15036,295,782504,19038,185,0.236,1,1,0,Fake
user_1848,311,12,19408,264,237555,21693,225,395893,47340,2557,0.004,1,1,0,Fake
user_1849,168,33,4180,202,78134,15041,52,435670,17261,1337,0.21,0,1,0,Fake
user_1850,165,21,8488,527,153696,20026,261,433966,22505,2085,0.037,1,0,1,Fake
user_1851,330,43,311,832,74257,774,219,456662,16001,342,0.258,0,1,1,Fake
user_1852,230,44,22500,629,450101,2343,283,998817,34428,1248,0.042,0,1,1,Fake
user_1853,354,11,16828,745,228533,45875,96,81746,21858,2712,0.209,0,1,1,Fake
user_1854,531,20,23370,893,146021,41574,93,1568,42906,2803,0.087,1,0,0,Fake
user_1855,290,35,5095,465,456659,48516,491,146328,43071,2766,0.082,0,1,0,Fake
user_1856,80,0,21547,445,480228,6805,172,328673,27699,2378,0.153,1,0,0,Fake
user_1857,256,43,4140,49,97528,33731,397,782872,23950,3363,0.277,1,1,1,Fake
user_1858,201,0,4675,475,120108,4530,61,413302,16121,4269,0.105,0,0,0,Real
user_1859,564,4,12412,288,214677,46868,393,959730,22410,4944,0.136,1,0,1,Fake
user_1860,281,0,18597,40,163367,25974,357,252193,11815,1826,0.239,0,0,1,Fake
user_1861,128,26,24098,124,87361,28871,74,291383,13125,4741,0.021,0,1,0,Fake
user_1862,310,6,8761,888,272896,31075,432,182343,44356,3685,0.249,0,0,1,Fake
user_1863,546,33,1732,501,35011,33105,244,850717,8528,3753,0.2,0,0,0,Fake
user_1864,95,6,23770,471,121538,18782,352,996283,26975,316,0.033,1,1,1,Fake
user_1865,514,43,20945,375,457079,33697,497,966492,28169,2401,0.285,0,0,0,Fake
user_1866,172,28,12129,51,48376,4388,103,33629,2090,854,0.195,0,0,1,Fake
user_1867,594,22,23183,910,325553,27851,211,140957,41372,851,0.114,1,1,0,Fake
user_1868,157,14,25478,613,27339,22632,241,831975,44796,3404,0.002,0,0,0,Fake
user_1869,175,46,8162,702,300212,11288,11,890272,43981,3904,0.095,0,0,0,Fake
user_1870,345,18,22223,378,343210,18274,270,879007,49983,4570,0.164,0,1,0,Fake
user_1871,577,16,19945,258,410570,16652,210,134223,883,4402,0.251,1,0,0,Fake
user_1872,42,12,13705,435,411179,16671,443,140131,2412,566,0.173,0,0,1,Fake
user_1873,29,2,23159,345,457088,43910,224,713083,17054,2946,0.268,1,1,1,Fake
user_1874,83,1,15000,691,454456,23557,370,732900,30566,4782,0.121,0,1,1,Fake
user_1875,46,39,5999,303,493621,17147,424,230875,1894,3451,0.246,0,1,0,Fake
user_1876,590,5,14383,785,388547,17163,208,281715,37396,2338,0.093,0,0,1,Fake
user_1877,271,3,11599,838,92245,28016,488,643530,48291,3274,0.132,1,1,1,Fake
user_1878,215,38,26164,24,151122,3505,189,616964,5156,3770,0.12,1,0,0,Fake
user_1879,585,42,15357,555,287277,34847,487,570653,4596,1907,0.276,1,1,1,Fake
user_1880,426,13,16457,273,246545,13779,367,41542,3927,4322,0.246,0,0,0,Fake
user_1881,31,38,9398,183,493887,35067,410,75885,48209,3202,0.284,0,1,1,Fake
user_1882,509,40,9038,300,221912,23699,214,943345,16090,2812,0.226,0,0,1,Fake
user_1883,558,7,14017,365,469196,45117,497,218897,20163,3113,0.12,1,0,0,Fake
user_1884,296,45,17058,427,88041,4322,88,760425,38332,4986,0.112,1,1,0,Fake
user_1885,309,7,23542,17,123860,31136,448,458980,49379,83,0.142,1,1,0,Fake
user_1886,494,5,28881,457,9008,39502,76,443942,43625,2433,0.13,0,1,1,Fake
user_1887,250,38,26673,332,423482,40602,151,580624,23702,2281,0.12,0,1,0,Fake
user_1888,415,8,7496,304,102438,14250,49,231428,27617,4218,0.076,0,1,1,Fake
user_1889,304,24,10000,651,315953,29513,499,934389,5098,2167,0.292,0,0,0,Fake
user_1890,464,42,20828,36,373570,46175,484,441425,5155,3532,0.014,0,0,1,Fake
user_1891,74,48,28112,610,40395,36206,328,511938,39322,4091,0.106,1,1,1,Fake
user_1892,61,41,2848,114,35327,7022,460,375477,45182,1869,0.003,0,0,0,Fake
user_1893,161,36,10015,365,405188,1020,236,647177,39180,1697,0.201,1,0,1,Fake
user_1894,450,11,13320,749,53220,42060,462,776333,32890,1535,0.278,1,0,1,Fake
user_1895,425,7,25250,37,141056,44973,219,16929,37204,1460,0.255,1,1,1,Fake
user_1896,495,44,10247,544,428495,42658,446,98343,38769,577,0.042,0,1,0,Fake
user_1897,475,11,27697,756,410592,49522,289,497395,48208,1335,0.131,1,0,1,Fake
user_1898,208,16,2953,405,93706,47580,236,906225,26155,2321,0.099,1,0,1,Fake
user_1899,348,18,20797,254,279945,43877,271,474312,20601,4459,0.096,1,0,0,Fake
user_1900,147,29,2604,179,65083,21004,448,644106,5265,4933,0.056,1,0,1,Fake
user_1901,320,42,2513,86,408451,15789,442,75672,5686,2705,0.147,0,0,1,Fake
user_1902,326,4,23919,547,242502,42182,148,343301,35888,2885,0.019,1,0,0,Fake
user_1903,353,40,7865,96,290161,39043,414,156992,6671,4379,0.172,1,0,0,Fake
user_1904,408,29,3068,129,398909,8082,329,666542,44751,3811,0.161,0,0,1,Fake
user_1905,133,17,5410,744,193425,9639,160,319217,20858,3585,0.149,0,0,0,Real
user_1906,379,49,18851,148,379169,35168,252,289488,32924,237,0.04,1,1,1,Fake
user_1907,527,27,1881,648,93807,29916,249,853805,14092,86,0.167,0,0,0,Fake
user_1908,575,44,2771,505,80068,32921,434,423210,49078,3467,0.146,1,0,1,Fake
user_1909,108,42,24360,441,279790,33586,51,126141,29348,1324,0.043,1,0,0,Fake
user_1910,326,49,9366,914,488715,43323,349,287674,18132,1959,0.108,0,1,0,Fake
user_1911,247,49,18158,281,97940,16741,91,308035,26331,2144,0.222,0,0,1,Fake
user_1912,477,20,16149,353,128789,35315,306,28208,27943,2562,0.043,1,1,1,Fake
user_1913,125,16,26487,995,412566,48191,40,646742,5013,4773,0.001,0,0,0,Fake
user_1914,273,10,28650,469,4585,25296,337,172180,20444,4856,0.023,0,1,1,Fake
user_1915,460,49,350,705,170644,40769,116,221552,47852,2285,0.21,0,0,1,Fake
user_1916,253,4,13893,632,448479,37217,195,257229,20081,1307,0.109,0,1,0,Fake
user_1917,144,17,22185,249,90069,37963,17,814601,30827,3454,0.012,0,0,1,Fake
user_1918,99,49,16668,940,401787,27891,28,900041,29404,2249,0.267,1,0,0,Fake
user_1919,51,3,23946,845,142783,38425,221,367485,27856,260,0.051,0,1,1,Fake
user_1920,297,24,4470,925,269088,34582,487,65711,6095,3999,0.248,0,1,0,Fake
user_1921,393,24,15717,854,426406,33717,65,480165,33470,3379,0.14,1,0,1,Fake
user_1922,428,21,16312,954,10862,10158,422,318814,42128,196,0.204,1,0,1,Fake
user_1923,254,3,16875,750,262622,45259,271,892827,42461,4547,0.194,1,1,0,Fake
user_1924,163,16,22450,840,264508,39246,165,414662,26762,4871,0.13,0,1,1,Fake
user_1925,335,16,22176,536,469152,3992,266,952070,33496,2646,0.206,1,0,1,Fake
user_1926,591,11,29100,582,29805,20058,299,378007,31906,1690,0.01,1,0,1,Fake
user_1927,320,28,17445,469,206467,20611,257,455376,43838,484,0.114,1,0,1,Fake
user_1928,194,4,22868,41,70752,31538,164,924510,3,697,0.144,0,1,0,Fake
user_1929,163,31,4085,78,87556,37930,84,322090,18393,1054,0.092,1,1,1,Fake
user_1930,510,12,13286,334,25346,46076,74,146918,47221,386,0.258,0,1,1,Fake
user_1931,527,39,455,381,245926,8706,130,910744,30248,1846,0.13,1,1,0,Fake
user_1932,478,25,20194,39,81741,31414,170,848302,48042,2006,0.175,1,0,1,Fake
user_1933,510,11,6231,150,443829,6858,452,395202,38243,4717,0.074,1,0,1,Fake
user_1934,315,41,29847,623,69358,17972,149,853075,26975,4191,0.24,0,0,1,Fake
user_1935,509,31,27243,1000,126838,29452,425,55099,26207,237,0.026,1,1,0,Fake
user_1936,23,6,24442,741,451772,44631,117,115389,43988,961,0.074,0,0,0,Fake
user_1937,92,9,238,653,319275,9013,167,576282,42657,1976,0.058,0,1,1,Real
user_1938,402,34,23401,831,437402,16632,37,402370,25126,4133,0.163,0,1,1,Fake
user_1939,517,49,13925,903,192513,24696,167,258298,35884,4086,0.057,1,0,1,Fake
user_1940,468,27,23022,103,300870,15240,381,513399,9650,746,0.17,0,0,1,Fake
user_1941,246,13,17508,391,410600,2387,224,788118,46410,3079,0.269,1,0,0,Fake
user_1942,220,39,24565,524,146421,5868,459,134470,40246,1177,0.073,1,1,0,Fake
user_1943,597,41,11306,742,242433,47769,388,398049,1036,4458,0.006,1,1,0,Fake
user_1944,361,6,8002,80,128864,39204,395,228783,48521,1833,0.024,1,0,0,Fake
user_1945,49,28,24214,345,238521,35418,203,69713,24436,2029,0.277,0,1,1,Fake
user_1946,51,45,21665,949,91826,49001,290,595183,46662,2915,0.24,1,0,1,Fake
user_1947,288,16,26979,652,372354,24991,88,612951,8727,3475,0.152,0,1,1,Fake
user_1948,506,6,28846,767,57606,46561,495,820295,24173,4503,0.201,0,0,0,Fake
user_1949,481,2,17305,309,374042,16556,66,786891,26484,436,0.12,0,0,1,Fake
user_1950,292,4,22415,432,130136,11470,87,374031,22484,2625,0.075,0,1,0,Fake
user_1951,549,4,19962,410,84980,17550,54,770770,39347,4490,0.16,0,1,0,Fake
user_1952,8,36,1387,22,335615,8663,182,948537,38415,620,0.103,1,0,0,Fake
user_1953,110,46,19902,188,317724,13351,414,674072,24571,312,0.149,0,0,0,Fake
user_1954,441,16,14701,973,395582,36486,336,399918,1099,4430,0.111,0,1,0,Fake
user_1955,137,49,5522,764,22163,42513,231,937036,34521,138,0.209,1,0,1,Fake
user_1956,270,28,22102,263,35166,14836,441,642085,42067,958,0.107,1,0,0,Fake
user_1957,374,1,28899,738,197879,38823,139,664488,40555,2998,0.171,0,1,0,Fake
user_1958,412,31,25025,668,71252,29460,319,351121,4443,1789,0.031,0,1,1,Fake
user_1959,374,9,17154,760,300,10664,387,373308,18102,1693,0.022,0,1,1,Fake
user_1960,46,41,29615,904,150576,34174,394,610950,47076,3744,0.058,1,1,0,Fake
user_1961,410,40,7375,81,241577,15431,192,794750,10752,2295,0.183,0,1,1,Fake
user_1962,52,0,5728,856,277292,15615,93,165623,45965,1619,0.281,0,0,1,Fake
user_1963,583,2,2461,934,418821,37225,192,670416,15248,2671,0.104,0,0,1,Fake
user_1964,575,42,12027,443,256878,6763,141,191582,45328,3307,0.212,1,1,1,Fake
user_1965,199,24,27505,988,355218,9892,304,509573,15175,3755,0.157,0,1,0,Fake
user_1966,371,17,4368,119,395448,7387,412,718598,236,173,0.095,0,0,0,Fake
user_1967,566,9,16832,812,207102,42340,98,459980,47840,1059,0.281,1,0,1,Fake
user_1968,295,44,11576,196,288523,43223,18,393875,11827,3685,0.287,1,0,0,Fake
user_1969,75,21,1668,584,283885,36025,214,892136,37634,4022,0.264,0,0,1,Fake
user_1970,395,25,13851,267,380756,32765,347,923584,46161,1357,0.06,1,0,1,Fake
user_1971,516,36,16236,310,211759,1971,363,275469,12185,4190,0.151,0,0,0,Fake
user_1972,461,0,12422,630,465983,25683,151,851331,32530,3774,0.214,0,1,1,Fake
user_1973,563,32,5586,526,275277,10296,420,97183,27709,580,0.027,1,0,0,Fake
user_1974,286,45,12231,552,244643,37131,154,313136,18728,2611,0.072,0,1,0,Fake
user_1975,121,49,3710,874,339399,13768,339,637383,1136,3120,0.105,0,0,1,Fake
user_1976,131,31,11074,812,494553,11298,429,47166,20679,2996,0.119,1,1,0,Fake
user_1977,99,30,29951,249,272449,33887,55,27604,18234,4981,0.127,0,1,0,Fake
user_1978,403,27,22251,710,185564,33730,402,226840,31534,3534,0.185,0,1,0,Fake
user_1979,382,25,8184,818,412292,3235,73,972338,44591,3015,0.292,0,1,1,Fake
user_1980,347,46,27254,50,317465,46641,61,900008,15857,3790,0.074,0,1,1,Fake
user_1981,571,49,17665,383,302761,37884,353,831324,40838,4762,0.296,1,1,0,Fake
user_1982,374,50,27878,587,376625,36506,373,963899,35063,2423,0.242,1,1,0,Fake
user_1983,147,4,25113,484,439158,13899,323,853911,27677,2895,0.163,0,1,0,Fake
user_1984,203,34,28108,220,392871,10995,262,574172,11451,4052,0.242,0,0,1,Fake
user_1985,521,14,3862,778,212440,9548,406,339084,10195,2790,0.107,1,0,0,Fake
user_1986,411,0,9504,957,394071,7938,110,2600,4396,4655,0.266,0,1,1,Fake
user_1987,512,24,9803,447,131821,2934,289,187590,16605,2811,0.161,0,0,1,Fake
user_1988,41,44,15831,281,274449,7665,291,779040,3591,4669,0.199,1,1,1,Fake
user_1989,46,49,9618,764,491189,976,51,840519,23236,3038,0.02,0,1,0,Fake
user_1990,39,30,8675,705,213740,12131,281,350772,4406,3013,0.196,1,1,0,Fake
user_1991,140,7,6981,796,87501,15074,85,359949,14174,208,0.277,1,0,0,Real
user_1992,341,36,73,190,263796,11516,247,66632,5782,2806,0.098,1,1,1,Fake
user_1993,485,34,24183,283,449800,138,137,764000,34860,2655,0.205,0,0,1,Fake
user_1994,531,22,20682,513,262000,1066,11,757078,25463,1966,0.271,1,0,1,Fake
user_1995,467,21,18639,687,66186,4130,448,218403,24647,3168,0.208,1,1,1,Fake
user_1996,152,43,12898,46,421967,45328,352,872146,2112,1097,0.18,1,0,1,Fake
user_1997,527,19,7125,619,19092,34211,229,982296,20206,4613,0.225,1,0,1,Fake
user_1998,143,25,9988,408,108471,25292,129,819771,31755,679,0.298,0,1,0,Fake
user_1999,335,3,21068,931,38491,30232,167,284254,20154,3629,0.232,0,0,0,Fake
user_2000,326,40,16892,185,314467,28440,125,817351,29561,939,0.275,1,1,0,Fake
user_2001,166,41,27057,694,192676,24864,182,302564,15966,2460,0.13,1,1,0,Fake
user_2002,402,5,29275,291,441422,7511,356,970309,13973,4210,0.079,0,0,0,Fake
user_2003,306,23,1160,279,156469,2969,310,716540,36160,2986,0.127,1,0,1,Fake
user_2004,344,34,15173,5,60574,1953,413,268244,38717,2344,0.181,1,0,1,Fake
user_2005,519,21,29245,416,316877,33287,157,917509,5917,608,0.19,0,1,1,Fake
user_2006,521,5,20242,212,474042,41378,266,576010,16602,4580,0.126,0,1,0,Fake
user_2007,545,29,27798,19,216223,39116,457,418728,29739,1837,0.285,1,1,0,Fake
user_2008,501,48,15999,800,200578,44005,452,504481,48053,2826,0.178,0,0,1,Fake
user_2009,576,49,1884,424,197103,36576,267,147515,48539,1314,0.118,1,1,0,Fake
user_2010,306,18,11657,672,157033,44350,422,189339,32790,2563,0.266,1,0,1,Fake
user_2011,486,41,193,132,195886,31512,101,559357,22254,1073,0.281,0,0,1,Fake
user_2012,17,12,20169,281,12517,46849,380,954838,10987,3006,0.085,0,1,0,Fake
user_2013,377,11,15084,273,164912,25312,43,561977,17114,1174,0.129,0,1,0,Fake
user_2014,339,35,10765,473,255444,7975,280,239802,29832,505,0.258,1,1,0,Fake
user_2015,112,2,9776,613,104177,734,274,600480,19610,3712,0.251,0,1,0,Real
user_2016,426,24,11596,809,393379,35896,151,832,19821,4338,0.146,0,0,0,Fake
user_2017,597,42,3511,999,8410,5479,310,315296,8401,4101,0.177,1,1,1,Fake
user_2018,315,12,168,650,113020,19364,420,491595,174,1343,0.057,1,0,1,Fake
user_2019,27,19,11459,325,228347,12409,224,791704,12319,608,0.144,0,1,1,Fake
user_2020,485,44,29169,99,406360,24423,284,252916,21450,3230,0.218,0,1,0,Fake
user_2021,271,24,23672,226,334733,25147,21,244764,39695,2566,0.182,1,1,1,Fake
user_2022,592,6,6100,230,393398,6090,217,69315,17200,788,0.296,1,1,0,Fake
user_2023,591,40,13174,18,77159,18924,217,264965,18482,549,0.027,0,0,1,Fake
user_2024,233,44,11617,726,235898,4044,142,970091,6757,4999,0.263,0,0,1,Fake
user_2025,52,22,290,332,453612,47481,453,378742,1093,1515,0.039,1,0,1,Fake
user_2026,597,31,3320,226,309555,15416,406,289399,48909,758,0.296,1,1,0,Fake
user_2027,491,5,14116,65,414462,36243,19,396330,44053,2452,0.245,1,1,0,Fake
user_2028,174,40,16123,626,397806,18963,187,766734,10910,3065,0.148,1,0,1,Fake
user_2029,536,28,6473,294,392809,20927,443,774831,47317,4025,0.023,1,1,0,Fake
user_2030,389,47,2776,745,73319,42590,60,729553,14806,2419,0.228,1,1,1,Fake
user_2031,151,12,17337,729,340300,15988,428,87757,33066,2423,0.204,1,0,0,Fake
user_2032,248,8,16853,623,416159,42018,61,391948,31513,2618,0.299,0,0,0,Fake
user_2033,32,2,29442,846,158320,5573,32,719991,42279,1220,0.094,1,0,0,Fake
user_2034,586,12,5036,471,207807,38642,103,505625,14788,491,0.216,1,1,1,Fake
user_2035,112,1,13458,602,128184,33445,56,306614,23419,1675,0.203,1,1,1,Fake
user_2036,195,46,4058,430,74614,49487,92,608446,5379,330,0.038,0,1,0,Fake
user_2037,19,37,29920,650,8586,3104,427,869750,35210,1110,0.003,0,0,0,Fake
user_2038,451,15,15971,609,472123,31626,459,207589,49002,3879,0.162,1,0,0,Fake
user_2039,321,31,226,336,119050,18111,199,156045,44692,3159,0.198,1,1,1,Fake
user_2040,428,24,5099,554,473780,27599,169,374968,45854,2146,0.048,0,0,0,Fake
user_2041,155,4,25213,398,230176,49222,110,97302,49465,3794,0.275,1,1,0,Fake
user_2042,422,50,21516,487,132602,36066,346,120016,26626,1658,0.037,0,0,1,Fake
user_2043,208,34,8196,952,255210,42042,393,273378,27106,210,0.258,1,1,0,Fake
user_2044,420,41,7408,571,209316,9060,152,730524,20322,4201,0.11,1,0,0,Fake
user_2045,513,19,15423,12,244501,12778,52,819637,32564,4480,0.023,1,0,0,Fake
user_2046,482,31,12955,351,373759,20634,420,616940,31396,1159,0.012,1,1,1,Fake
user_2047,63,34,12265,348,243901,20272,381,480235,19821,2459,0.082,1,0,1,Fake
user_2048,141,28,9806,327,194808,26782,105,551533,6259,464,0.106,0,1,0,Fake
user_2049,531,1,11943,354,462623,38581,136,542175,13355,1544,0.239,0,0,1,Fake
user_2050,212,2,14035,842,107317,20735,451,489220,5909,2968,0.051,0,1,1,Fake
user_2051,574,21,29235,455,242902,44320,25,618288,13340,1982,0.091,0,0,0,Fake
user_2052,332,3,5969,155,68374,6400,70,863921,24016,1411,0.296,1,0,0,Fake
user_2053,489,21,17577,473,217998,2285,372,332204,5003,750,0.081,1,0,0,Fake
user_2054,538,50,26592,874,26920,239,215,224034,33127,1380,0.207,1,0,0,Fake
user_2055,385,46,8830,760,128642,13012,36,66613,44191,2330,0.045,0,1,1,Fake
user_2056,321,2,3561,510,496881,48059,169,140522,12314,2340,0.028,0,1,0,Fake
user_2057,177,25,14371,215,76303,1107,322,917345,567,78,0.101,0,0,1,Fake
user_2058,470,7,21504,545,470306,29952,390,721633,9263,1416,0.122,0,0,0,Fake
user_2059,545,13,27504,714,335556,49256,496,8469,23287,4773,0.19,0,1,0,Fake
user_2060,350,41,14396,174,483785,26494,280,303576,33693,1640,0.071,1,0,1,Fake
user_2061,559,42,5302,689,53102,11952,227,14642,24503,3575,0.064,0,0,0,Fake
user_2062,362,33,4583,399,154884,229,12,611490,12818,1913,0.203,1,0,1,Fake
user_2063,270,29,11591,261,196102,24252,431,337883,17533,2372,0.011,0,0,1,Fake
user_2064,495,43,24480,412,27849,18281,494,299279,27420,180,0.047,1,1,0,Fake
user_2065,196,34,14220,33,183791,21589,132,255705,20858,4717,0.057,0,0,0,Fake
user_2066,252,9,190,676,243840,48640,264,462225,35029,2052,0.039,1,1,0,Real
user_2067,285,47,11771,872,476783,38556,82,519618,5146,739,0.038,1,1,0,Fake
user_2068,571,37,28953,585,202667,24850,61,682236,22889,1442,0.072,0,1,0,Fake
user_2069,305,14,28525,990,465067,28674,375,456598,13765,725,0.162,0,1,1,Fake
user_2070,230,4,23239,80,342586,4884,383,445567,40763,4519,0.286,1,1,0,Fake
user_2071,304,2,6503,646,457238,21719,338,99361,34552,317,0.004,1,1,1,Fake
user_2072,295,47,3626,498,227217,1280,456,538792,35256,2963,0.016,1,0,1,Fake
user_2073,212,9,6211,574,40959,45156,268,203758,23899,1349,0.148,1,1,1,Real
user_2074,500,31,9335,353,313648,3019,207,54282,41792,2896,0.094,1,1,1,Fake
user_2075,324,41,1319,85,154115,28567,37,732288,10996,3917,0.257,1,1,1,Fake
user_2076,491,1,4380,212,186003,28367,39,554000,45466,4683,0.227,0,1,0,Fake
user_2077,357,30,12928,765,430489,43807,113,843465,7794,2596,0.251,0,1,1,Fake
user_2078,573,39,13797,542,268729,25554,93,392142,32044,4775,0.02,0,0,1,Fake
user_2079,280,2,24376,378,289200,27661,41,526435,36069,4654,0.082,0,1,0,Fake
user_2080,294,15,10853,311,250142,17607,367,54104,39473,500,0.048,1,0,0,Fake
user_2081,124,44,29523,298,21246,6031,113,62678,21487,220,0.042,0,0,1,Fake
user_2082,587,41,1035,768,489673,4838,63,104758,22526,2312,0.085,0,1,1,Fake
user_2083,556,8,5253,322,455411,854,314,758211,40803,3919,0.089,1,0,1,Fake
user_2084,388,0,21830,462,444163,42421,238,730553,40624,4978,0.226,1,1,1,Fake
user_2085,404,11,6520,690,251374,25754,291,561946,3793,2071,0.104,1,0,0,Fake
user_2086,353,40,15705,478,35523,24311,433,503760,37836,725,0.146,1,0,0,Fake
user_2087,149,3,21798,30,184802,19601,313,255022,34243,1116,0.111,1,0,1,Fake
user_2088,297,19,8709,159,173776,5671,328,89940,19895,1938,0.228,1,0,0,Real
user_2089,43,50,3892,639,101438,46462,319,327176,46260,1260,0.224,1,0,1,Fake
user_2090,294,6,13798,598,162708,5917,477,216143,44395,2661,0.064,0,0,1,Fake
user_2091,80,29,16025,170,483385,46142,500,610582,4979,2477,0.26,1,1,1,Fake
user_2092,354,39,18026,639,265665,14732,35,88403,11194,3331,0.282,1,1,1,Fake
user_2093,452,10,16238,360,87003,18493,51,340338,36306,66,0.155,1,0,1,Fake
user_2094,262,37,26208,578,5796,103,55,96573,24583,707,0.256,0,1,0,Fake
user_2095,490,4,22339,441,53111,29295,423,983898,21646,4535,0.192,1,1,1,Fake
user_2096,219,6,23406,425,76514,35497,151,68076,23658,4868,0.265,1,1,1,Fake
user_2097,206,7,4175,783,390247,21229,26,262322,34001,712,0.182,0,0,1,Real
user_2098,551,31,10645,23,372823,6591,490,239956,7248,932,0.14,1,0,0,Fake
user_2099,277,38,24611,769,294434,26137,16,454174,24693,1670,0.042,0,0,0,Fake
user_2100,575,39,25047,996,141352,40246,117,504764,30193,2478,0.081,1,1,0,Fake
user_2101,278,14,25570,290,31398,38763,162,560842,22620,1910,0.091,1,1,0,Fake
user_2102,140,4,28893,569,12941,17620,480,432592,49669,2146,0.236,1,0,1,Fake
user_2103,111,12,13103,761,267128,40541,489,179128,40686,4115,0.026,0,0,1,Fake
user_2104,600,27,16444,502,114658,30764,253,661973,11653,3005,0.272,1,1,0,Fake
user_2105,245,21,23789,240,330655,2749,426,108931,14098,3874,0.004,1,1,1,Fake
user_2106,248,47,24310,384,273201,34261,69,991206,35260,562,0.145,1,0,1,Fake
user_2107,51,43,27625,943,194650,40316,133,839057,13469,1655,0.201,0,0,1,Fake
user_2108,543,25,27054,550,12656,985,64,15500,6363,1755,0.052,0,0,0,Fake
user_2109,231,20,12741,134,235069,24070,394,509487,38508,4921,0.203,0,1,1,Fake
user_2110,238,7,4306,387,211504,36811,363,837216,14440,3542,0.211,0,0,0,Fake
user_2111,53,43,3595,621,175133,49821,264,575147,20384,1440,0.072,1,0,0,Fake
user_2112,102,36,3534,971,418649,12756,392,81386,34897,3782,0.279,1,0,0,Fake
user_2113,423,34,25975,870,321349,28173,60,575450,49951,3502,0.227,0,1,0,Fake
user_2114,338,8,693,126,241325,27504,311,478263,37482,4479,0.147,0,0,1,Fake
user_2115,483,20,4132,99,181889,35929,431,102045,6009,3407,0.189,0,0,0,Fake
user_2116,102,50,5096,405,325987,13258,248,47539,35896,714,0.066,0,1,1,Fake
user_2117,140,13,11276,223,171203,19280,400,645020,46955,1520,0.131,0,0,1,Fake
user_2118,5,48,16384,216,149383,36304,343,704001,2690,4043,0.103,1,0,1,Fake
user_2119,563,2,447,113,192920,9229,294,425081,47994,1959,0.132,1,1,1,Fake
user_2120,161,37,25145,584,26694,24767,222,661506,3636,2378,0.019,0,1,1,Fake
user_2121,416,11,22427,296,420072,35015,33,549983,12850,1052,0.038,1,0,0,Fake
user_2122,487,21,7749,182,271055,47553,409,335631,34922,950,0.107,0,1,1,Fake
user_2123,488,4,1705,885,307034,37189,393,443804,4261,954,0.284,0,0,0,Fake
user_2124,204,7,22226,162,64643,37001,63,315823,16921,1234,0.101,1,0,1,Fake
user_2125,294,17,27192,785,463225,40752,462,135134,25243,212,0.093,1,0,0,Fake
user_2126,328,9,11211,796,229846,26558,332,346731,12391,1355,0.278,0,0,1,Fake
user_2127,292,48,14079,752,397668,10440,397,797951,16981,707,0.086,1,1,1,Fake
user_2128,60,26,19565,410,255599,25455,208,476201,8331,1669,0.281,0,0,1,Fake
user_2129,91,10,24164,563,227230,39775,462,879702,46109,4116,0.054,0,1,1,Fake
user_2130,587,44,263,418,400367,30088,484,55447,39760,684,0.117,1,0,1,Fake
user_2131,237,23,14232,360,269469,1010,89,426294,11340,1833,0.128,0,0,1,Fake
user_2132,547,35,15734,769,18956,34600,399,673515,20431,323,0.102,1,0,0,Fake
user_2133,38,10,9485,222,349343,15340,491,574531,10288,755,0.205,0,1,1,Real
user_2134,179,28,9247,428,408581,35385,191,683354,6736,2375,0.174,1,1,0,Fake
user_2135,427,15,15922,922,287304,28406,360,878552,45163,4850,0.24,1,0,0,Fake
user_2136,180,37,2707,613,382030,36571,376,2411,39863,2501,0.173,0,0,1,Fake
user_2137,37,2,24933,285,392658,36400,325,149723,24246,4591,0.261,1,0,1,Fake
user_2138,406,8,14055,327,296930,34081,394,905681,37632,281,0.182,1,1,1,Fake
user_2139,507,6,8118,788,265262,41633,36,448595,30363,1333,0.054,1,1,0,Fake
user_2140,190,50,20237,371,35278,37077,379,861896,48795,4306,0.212,1,1,1,Fake
user_2141,296,40,4996,645,80389,7753,269,606272,15870,4934,0.25,1,0,0,Fake
user_2142,38,39,23896,108,489133,30964,142,688438,3409,415,0.289,0,1,0,Fake
user_2143,9,24,16752,680,432387,34677,60,207536,38510,4555,0.104,0,1,0,Fake
user_2144,305,49,6123,905,198141,44703,307,256262,48202,4464,0.28,0,0,1,Fake
user_2145,581,10,8174,703,173094,43280,341,969406,6658,4327,0.029,0,1,0,Fake
user_2146,109,1,9212,983,346353,41998,155,847915,11363,575,0.265,0,1,0,Fake
user_2147,343,31,25124,648,374483,31804,442,756532,4149,4738,0.249,0,1,1,Fake
user_2148,291,5,3768,780,230614,40263,335,75604,33751,3111,0.067,0,0,0,Real
user_2149,465,0,28317,651,383490,4761,248,390371,20604,3376,0.075,1,1,0,Fake
user_2150,556,0,8635,325,378820,23860,430,987827,10140,2474,0.015,1,0,0,Fake
user_2151,536,11,22968,514,333030,2007,278,276066,30944,2952,0.047,1,1,0,Fake
user_2152,505,5,8105,548,140040,24313,178,187910,12661,1292,0.186,0,0,1,Fake
user_2153,137,45,21834,545,75472,38755,454,741058,19345,1542,0.222,0,1,1,Fake
user_2154,516,41,26889,401,74559,28098,196,779140,5942,958,0.292,1,0,1,Fake
user_2155,479,37,14062,230,399564,11836,481,205705,5711,4688,0.193,1,1,1,Fake
user_2156,279,18,6501,879,479720,23790,14,12831,19380,882,0.099,1,1,0,Fake
user_2157,197,26,15528,413,102935,29722,331,423880,47430,4716,0.054,0,0,1,Fake
user_2158,115,44,23149,506,48858,5081,71,34855,26317,4834,0.086,1,1,0,Fake
user_2159,338,50,25648,774,323419,37312,49,55358,5775,295,0.134,1,0,1,Fake
user_2160,166,49,26540,475,201268,29784,115,193657,12887,4203,0.057,1,1,0,Fake
user_2161,469,30,3377,293,144577,24710,500,204721,16348,1262,0.211,1,0,0,Fake
user_2162,263,44,22975,845,206778,1531,234,56864,5495,574,0.25,1,1,0,Fake
user_2163,190,8,23935,946,115467,45430,184,194006,21780,1777,0.021,1,1,0,Fake
user_2164,14,13,16460,460,21963,38974,124,526597,42016,1574,0.039,1,0,0,Fake
user_2165,345,9,20024,160,23075,15515,182,452709,23354,2629,0.259,1,0,0,Fake
user_2166,302,40,5937,946,158812,8290,281,916747,23753,3215,0.259,0,0,0,Fake
user_2167,581,17,6182,894,6351,1459,94,351525,12830,4600,0.066,1,1,1,Fake
user_2168,197,33,28012,181,499939,5700,371,678462,3537,1694,0.276,1,0,1,Fake
user_2169,179,28,19372,409,69699,8696,71,724967,4113,770,0.207,0,1,0,Fake
user_2170,415,26,20608,295,101970,28286,21,988158,21019,3623,0.033,0,0,0,Fake
user_2171,437,15,20790,3,219349,45976,251,351416,14644,1241,0.296,0,0,1,Fake
user_2172,527,11,4873,545,298474,23495,482,954155,2555,1912,0.104,0,1,1,Fake
user_2173,335,39,7516,849,101535,29789,95,729153,12439,3531,0.073,0,0,0,Fake
user_2174,88,44,3947,342,218936,41357,295,19783,3859,3266,0.209,0,0,0,Fake
user_2175,410,2,4335,781,419153,34208,280,708082,20139,4006,0.109,1,0,0,Fake
user_2176,97,38,13149,475,433021,37834,356,342298,19453,441,0.139,0,1,0,Fake
user_2177,189,11,1257,671,463033,36639,454,959984,672,2460,0.276,1,0,0,Fake
user_2178,143,45,8973,176,79506,12240,438,871306,29476,566,0.285,1,1,0,Fake
user_2179,488,31,6297,699,223824,24912,237,144814,28898,3967,0.241,1,0,0,Fake
user_2180,331,39,4790,929,286814,962,277,176370,34919,696,0.025,0,1,1,Fake
user_2181,254,5,13969,100,297893,19839,391,302311,5763,92,0.222,1,0,1,Fake
user_2182,6,40,578,392,133770,5155,11,776890,44021,1783,0.126,1,1,0,Fake
user_2183,267,50,20200,594,480285,36260,251,100219,46675,4488,0.202,0,0,0,Fake
user_2184,392,19,6541,668,110423,383,80,100493,6541,4613,0.295,1,1,1,Fake
user_2185,241,22,2979,428,297,49876,409,303327,3109,755,0.01,1,0,0,Fake
user_2186,457,26,28323,997,34722,37462,249,826551,40412,943,0.278,1,0,0,Fake
user_2187,273,0,1669,428,85664,24152,316,160854,48522,4146,0.117,0,1,1,Real
user_2188,337,35,12463,420,450279,9122,399,28635,26690,3925,0.196,0,0,1,Fake
user_2189,309,15,13346,193,19640,4773,38,423326,23629,2380,0.202,1,1,0,Fake
user_2190,596,12,17202,651,139202,30211,376,428718,40233,292,0.179,1,1,0,Fake
user_2191,586,7,10041,29,381282,23672,126,503735,35981,2630,0.014,1,0,0,Fake
user_2192,11,33,22942,633,253055,21994,249,38449,19862,247,0.215,1,1,1,Fake
user_2193,267,6,20752,229,412621,33455,67,108104,43492,917,0.25,1,1,1,Fake
user_2194,368,39,7583,141,34649,20601,494,330340,20503,1959,0.057,0,0,0,Fake
user_2195,241,23,7267,624,114868,7718,222,79049,20956,1687,0.075,0,1,1,Fake
user_2196,63,48,11015,634,245527,30183,64,268534,29924,1301,0.065,1,1,1,Fake
user_2197,121,34,13961,515,479793,31893,228,335291,26658,187,0.08,1,0,1,Fake
user_2198,476,32,15702,82,86824,29944,24,774410,48589,2039,0.075,0,0,1,Fake
user_2199,314,14,2010,613,484872,19057,292,617426,46394,2231,0.247,1,0,1,Fake
user_2200,163,29,16707,584,352642,46272,363,593902,28321,2158,0.225,0,1,1,Fake
user_2201,415,49,13994,749,258726,5912,272,148549,15556,4853,0.169,1,0,0,Fake
user_2202,514,40,21098,418,59893,43972,66,20020,49106,3013,0.238,1,1,1,Fake
user_2203,318,42,1692,968,41927,49017,408,100084,20016,3521,0.176,1,0,0,Fake
user_2204,120,13,9970,23,350967,9041,325,901687,21334,227,0.076,1,0,0,Fake
user_2205,302,17,3606,332,240966,31999,250,421312,19895,4039,0.047,1,0,0,Fake
user_2206,376,3,8822,624,425559,19450,437,445031,7843,627,0.228,1,0,1,Fake
user_2207,226,12,11913,255,471547,25237,89,936206,36592,2097,0.277,0,1,1,Fake
user_2208,224,7,9193,170,179692,39460,76,261985,48626,4253,0.002,1,0,0,Real
user_2209,136,50,11502,582,323379,12116,467,215803,12043,3889,0.017,0,1,0,Fake
user_2210,489,9,23317,640,381640,4890,113,890036,39166,3201,0.189,1,0,1,Fake
user_2211,156,43,13699,483,195096,6328,356,776143,38732,2825,0.05,0,1,1,Fake
user_2212,465,30,8092,700,445956,35508,315,544532,6440,475,0.267,1,1,1,Fake
user_2213,382,31,10480,93,245852,44104,460,147481,9264,4062,0.132,0,0,0,Fake
user_2214,425,11,29330,974,135310,42269,398,134977,26647,3717,0.215,1,1,0,Fake
user_2215,562,10,1558,379,302536,36138,311,142274,40230,2840,0.072,0,0,1,Fake
user_2216,482,42,5955,23,292850,9480,334,894310,39187,1257,0.047,0,1,1,Fake
user_2217,550,2,1339,760,287270,18371,206,143267,17491,2933,0.153,1,0,0,Fake
user_2218,223,3,17,615,466181,6022,138,291373,22363,3762,0.254,0,1,1,Real
user_2219,253,41,1708,904,472554,39882,256,39172,10007,1245,0.152,1,0,1,Fake
user_2220,83,23,21640,808,426969,46712,261,33037,3609,1852,0.265,0,1,0,Fake
user_2221,538,18,24404,669,389080,38811,406,335036,27326,616,0.134,1,0,0,Fake
user_2222,457,13,10539,398,173329,26398,71,243382,20105,3091,0.164,1,0,1,Fake
user_2223,540,27,6946,565,331100,9028,284,911276,44855,1711,0.201,1,1,1,Fake
user_2224,370,16,9349,523,348620,28556,111,615625,5376,963,0.032,1,0,1,Fake
user_2225,79,21,15468,884,171197,17450,258,136830,40509,3230,0.18,1,0,0,Fake
user_2226,577,39,9180,197,276147,11601,183,193136,48086,213,0.065,1,0,1,Fake
user_2227,114,48,29769,870,81578,10663,438,697134,6748,1604,0.162,1,0,0,Fake
user_2228,63,29,19874,935,350094,9234,126,184655,1501,4075,0.112,1,0,1,Fake
user_2229,560,2,3301,165,357542,39528,30,49483,27482,4127,0.012,0,0,0,Fake
user_2230,517,6,14119,468,437968,31295,239,390529,6857,629,0.013,0,1,1,Fake
user_2231,207,47,6056,377,375685,21906,459,396131,45532,760,0.013,0,0,1,Fake
user_2232,586,3,8266,740,309214,33569,224,146630,49034,449,0.018,0,0,1,Fake
user_2233,549,34,16098,895,272655,38511,296,686833,25063,2584,0.127,1,0,1,Fake
user_2234,153,11,11913,245,357879,4879,452,28868,41989,3600,0.19,0,0,0,Fake
user_2235,168,10,10953,179,146257,29443,64,100249,24938,253,0.042,1,1,1,Fake
user_2236,335,50,9973,483,422675,3499,470,695473,45221,1539,0.154,1,0,1,Fake
user_2237,532,1,3654,959,311348,46342,472,775065,40360,4696,0.258,0,0,0,Fake
user_2238,452,31,3174,729,408051,17323,13,643772,6113,3105,0.194,1,0,1,Fake
user_2239,119,32,21920,943,470071,47251,103,794305,1131,1685,0.143,0,1,0,Fake
user_2240,210,7,447,204,128606,47933,418,48608,3858,495,0.134,0,1,0,Real
user_2241,597,4,22379,330,118593,24015,156,891642,49398,3477,0.099,1,0,0,Fake
user_2242,500,15,18080,135,427258,17458,290,79194,46027,3268,0.121,1,1,1,Fake
user_2243,93,46,25246,300,11652,8643,17,119403,47625,3781,0.165,1,1,1,Fake
user_2244,522,28,28245,66,227474,6896,354,794993,34500,186,0.036,0,0,1,Fake
user_2245,456,37,4269,915,253438,36277,380,217825,41710,111,0.05,1,1,0,Fake
user_2246,56,37,10853,31,142705,22715,376,268462,8677,2829,0.197,1,1,1,Fake
user_2247,464,20,11815,211,172047,44631,291,560133,10488,4864,0.289,1,0,1,Fake
user_2248,135,26,24290,591,492799,19244,197,321647,43525,4976,0.196,1,1,1,Fake
user_2249,525,12,26543,472,266776,24434,411,219231,16387,2301,0.072,0,1,1,Fake
user_2250,425,47,11841,470,157584,31857,190,234490,8781,3298,0.082,0,0,1,Fake
user_2251,467,43,24344,250,261553,2973,248,603849,48500,4892,0.126,1,0,1,Fake
user_2252,577,20,25519,700,379729,20903,453,105936,8093,3251,0.065,1,1,1,Fake
user_2253,59,14,19297,617,212184,28515,266,201791,26509,3253,0.055,0,1,0,Fake
user_2254,572,49,17329,454,26888,33147,26,238891,35097,4952,0.086,1,1,1,Fake
user_2255,473,7,19815,247,499174,8284,17,672915,9266,2011,0.114,1,0,0,Fake
user_2256,315,20,12176,815,310217,189,96,182776,27354,1121,0.195,0,1,1,Fake
user_2257,22,14,7807,181,157465,37878,343,381280,32994,2030,0.292,1,0,1,Real
user_2258,405,6,21307,996,420307,9275,141,190353,8253,1787,0.201,1,1,1,Fake
user_2259,260,15,9042,472,452526,8279,352,542138,9957,3778,0.257,1,1,1,Real
user_2260,3,47,6882,512,135078,24062,454,397234,45024,485,0.159,1,1,1,Fake
user_2261,223,26,19147,656,55834,32567,160,122414,5486,239,0.281,1,1,1,Fake
user_2262,592,12,12584,113,432049,3,109,835303,41472,4039,0.231,0,0,0,Fake
user_2263,74,24,2858,822,77579,46550,418,225105,32716,885,0.1,1,0,0,Fake
user_2264,46,14,29071,618,290987,37651,403,166014,23320,2607,0.225,0,0,0,Fake
user_2265,433,4,3485,857,117244,1183,79,255073,41814,4283,0.22,1,1,1,Fake
user_2266,352,30,4275,339,442755,48124,119,768540,26352,72,0.1,1,0,1,Fake
user_2267,65,37,20629,893,410767,3262,458,626738,11173,216,0.14,1,0,0,Fake
user_2268,554,31,24333,942,114794,4152,212,266509,42623,4751,0.149,0,0,0,Fake
user_2269,61,3,19720,930,461764,41426,105,351834,24971,4058,0.094,0,1,0,Fake
user_2270,70,27,3943,163,130410,26168,93,872838,40519,538,0.296,1,0,1,Fake
user_2271,483,9,1344,250,243451,14388,432,901689,37255,2247,0.02,0,1,0,Fake
user_2272,32,13,19220,473,474572,46145,72,431720,24999,397,0.297,0,0,0,Fake
user_2273,293,39,29890,739,80351,22424,210,712271,9568,4582,0.11,1,0,1,Fake
user_2274,418,29,28968,985,485517,26870,309,297070,1997,3447,0.236,1,1,1,Fake
user_2275,184,11,21441,71,51693,18029,29,349444,34673,1621,0.253,1,1,1,Fake
user_2276,138,24,26784,7,365628,3462,414,132372,12684,2045,0.15,1,1,1,Fake
user_2277,430,23,6240,766,284273,30104,206,227098,41381,1495,0.171,1,1,0,Fake
user_2278,383,8,6321,33,265207,11251,318,319059,17759,1771,0.116,0,0,1,Fake
user_2279,391,29,23090,698,190312,13845,352,194689,32543,2443,0.211,1,1,0,Fake
user_2280,459,46,14606,693,216344,8913,400,524914,37547,1765,0.17,1,1,1,Fake
user_2281,386,12,3232,416,389296,18248,205,419144,46426,250,0.274,1,1,1,Fake
user_2282,384,40,2453,887,209636,30802,292,312896,5659,3327,0.123,0,0,0,Fake
user_2283,82,22,17910,532,219829,11640,190,810040,48873,2765,0.237,1,0,0,Fake
user_2284,552,17,20283,481,297047,32971,443,843219,254,4378,0.004,1,1,1,Fake
user_2285,136,12,11236,882,173651,10679,243,312422,728,4021,0.236,0,0,0,Fake
user_2286,356,21,9878,394,156806,36699,142,639014,22627,2401,0.192,1,0,1,Fake
user_2287,121,8,23768,72,42535,40044,213,464223,37270,2337,0.231,1,1,0,Fake
user_2288,182,2,15538,801,127136,21502,351,448996,15099,4437,0.279,1,0,1,Fake
user_2289,550,44,24936,427,85168,47259,251,831574,9119,4310,0.212,1,0,0,Fake
user_2290,402,36,6619,980,326661,18349,20,5218,43388,4522,0.134,1,1,0,Fake
user_2291,541,3,17483,266,252273,331,209,181679,41559,1578,0.094,1,0,0,Fake
user_2292,130,17,23618,904,497282,3828,420,276518,41507,1401,0.055,1,0,1,Fake
user_2293,228,8,5035,733,486754,5830,236,612001,41520,1993,0.253,1,0,0,Real
user_2294,3,7,1435,550,347541,31816,359,536869,23048,3834,0.221,1,0,0,Real
user_2295,23,29,4188,123,34771,34089,359,450938,32261,2744,0.155,1,1,0,Fake
user_2296,305,29,6281,732,406305,42726,192,450257,8487,4913,0.191,0,1,0,Fake
user_2297,474,26,13703,795,164603,33863,43,202717,49811,42,0.026,0,0,1,Fake
user_2298,557,10,18038,621,485555,11977,233,280622,8694,4733,0.169,1,0,1,Fake
user_2299,434,48,23317,662,466252,10545,327,182313,36127,4037,0.055,1,0,0,Fake
user_2300,544,21,8274,546,29833,45144,363,781632,41110,1527,0.266,0,0,0,Fake
user_2301,388,14,29215,731,228392,17158,70,57156,29875,1164,0.098,0,1,1,Fake
user_2302,235,18,28740,24,212821,46994,135,765127,3221,4297,0.22,1,1,0,Fake
user_2303,253,38,24882,449,427326,29663,305,849598,46101,2662,0.102,0,0,0,Fake
user_2304,471,10,27965,492,226580,15752,445,611679,13188,4437,0.144,1,1,1,Fake
user_2305,354,50,27724,847,80764,5904,478,996939,10348,1158,0.176,0,0,1,Fake
user_2306,158,50,29714,743,217172,8929,486,373931,9553,3062,0.11,0,0,1,Fake
user_2307,282,40,18361,61,248079,27504,196,259540,1999,4508,0.216,1,0,0,Fake
user_2308,193,39,11381,299,16040,4750,366,458506,3055,2766,0.136,0,1,1,Fake
user_2309,115,10,29324,831,174999,25525,393,786803,42296,2247,0.039,1,0,1,Fake
user_2310,32,36,11993,407,491569,35536,491,475861,43319,2916,0.145,1,1,1,Fake
user_2311,429,35,14695,848,194185,24454,459,667583,30362,2591,0.124,0,0,0,Fake
user_2312,16,14,20639,842,61984,409,492,702567,17519,922,0.082,0,0,1,Fake
user_2313,246,5,23505,742,161484,31553,82,496556,36625,1733,0.085,1,1,0,Fake
user_2314,211,26,3847,787,123565,4319,55,655467,22256,936,0.281,1,1,0,Fake
user_2315,68,33,29846,40,255076,3861,174,948867,40349,4719,0.092,1,0,0,Fake
user_2316,103,31,14290,372,460904,23031,38,909083,32331,3447,0.017,1,1,0,Fake
user_2317,34,13,2218,409,257876,36861,386,860822,48170,196,0.186,0,1,1,Fake
user_2318,457,37,15821,733,486453,42040,69,254282,8442,1759,0.142,1,0,1,Fake
user_2319,49,30,13729,949,207798,45745,439,290170,16651,2546,0.164,0,0,0,Fake
user_2320,250,29,17162,523,308503,49352,218,694022,12541,4254,0.066,1,0,1,Fake
user_2321,45,17,16510,644,112212,3866,468,600675,36470,1352,0.146,1,1,0,Fake
user_2322,411,0,25915,665,212503,5994,162,576870,30348,1926,0.054,0,0,0,Fake
user_2323,449,46,716,450,225499,7613,431,667917,8001,3509,0.168,0,0,1,Fake
user_2324,239,27,5470,438,445356,37641,84,655450,9486,4060,0.037,1,0,1,Fake
user_2325,552,47,19633,806,123266,24366,208,378035,39980,4445,0.186,1,0,1,Fake
user_2326,222,15,8983,127,150191,67,47,185961,22914,4594,0.06,0,1,0,Real
user_2327,57,15,22829,106,127525,40004,12,652036,5791,1689,0.192,0,1,0,Fake
user_2328,143,20,4224,149,320115,11665,255,494820,19348,4487,0.045,1,1,0,Real
user_2329,515,27,9491,867,421805,30397,485,870713,21933,4006,0.268,1,0,1,Fake
user_2330,296,37,1489,268,86452,7157,14,243325,12207,1601,0.201,1,1,1,Fake
user_2331,239,14,18552,776,176219,43053,121,373514,47003,3247,0.182,1,0,1,Fake
user_2332,589,37,1992,845,83462,5647,111,424427,2929,4608,0.05,0,1,0,Fake
user_2333,326,9,26030,593,313514,20642,196,875392,21704,1577,0.191,1,0,1,Fake
user_2334,591,36,22734,771,171517,12185,33,812014,44360,1190,0.01,0,0,1,Fake
user_2335,328,0,6232,810,311136,28010,491,96589,33536,1970,0.215,1,0,1,Fake
user_2336,242,26,24271,114,197576,5299,498,350862,42108,4357,0.202,0,1,1,Fake
user_2337,309,2,26690,739,447321,48990,426,721795,1511,139,0.283,0,0,0,Fake
user_2338,146,2,13025,173,43452,2858,342,186188,46300,266,0.092,1,1,1,Fake
user_2339,533,30,16221,375,52774,48750,277,402284,9661,2114,0.118,1,1,0,Fake
user_2340,226,46,22436,422,43041,23771,402,423922,41402,1928,0.04,0,1,1,Fake
user_2341,423,49,17447,672,43154,14903,142,388944,33817,3368,0.078,1,1,0,Fake
user_2342,307,32,28516,347,417435,28874,467,853618,26177,2091,0.138,1,1,1,Fake
user_2343,281,2,16825,145,386625,3489,410,348667,1044,3596,0.13,0,0,0,Fake
user_2344,62,27,2457,934,4451,37323,90,590055,24910,2982,0.194,1,1,1,Fake
user_2345,570,33,5423,248,78667,8923,154,888209,2878,4250,0.177,1,1,1,Fake
user_2346,179,25,14344,814,283309,13081,444,69558,18876,2549,0.099,1,0,1,Fake
user_2347,437,30,24599,494,224679,2873,118,280505,36203,3385,0.181,1,0,1,Fake
user_2348,569,44,16688,215,258289,2151,369,511626,1879,3449,0.276,0,0,1,Fake
user_2349,507,6,12587,270,470066,30302,393,801144,11370,2240,0.14,1,1,1,Fake
user_2350,48,28,18431,99,48399,4645,365,940809,11922,4237,0.28,1,0,0,Fake
user_2351,352,31,25538,337,489881,28192,67,409035,17180,3528,0.198,0,0,1,Fake
user_2352,390,15,12787,657,416069,38905,327,165366,838,3928,0.197,1,0,0,Fake
user_2353,537,5,13135,710,423676,20572,285,387692,27427,2177,0.225,1,0,0,Fake
user_2354,326,35,19897,75,365629,44596,453,825789,23502,804,0.121,0,1,1,Fake
user_2355,426,48,8896,469,339722,963,123,258251,19689,3218,0.206,0,0,1,Fake
user_2356,418,0,6780,920,79632,301,305,914712,31267,1891,0.007,1,1,0,Fake
user_2357,152,44,6031,726,26926,31710,80,670649,17268,4023,0.285,0,0,1,Fake
user_2358,307,46,117,503,1094,16805,157,535714,29566,723,0.131,1,0,0,Fake
user_2359,385,26,5242,770,247048,45918,287,63521,26157,1067,0.047,1,1,0,Fake
user_2360,188,13,18739,250,93099,42837,447,649685,45389,316,0.091,0,1,0,Fake
user_2361,550,8,7137,775,17136,5676,159,960623,39779,3279,0.129,1,1,1,Fake
user_2362,484,22,19402,266,69983,33041,267,436790,22352,1867,0.118,0,1,1,Fake
user_2363,246,18,22830,350,152789,37617,43,436720,2730,865,0.182,1,1,1,Fake
user_2364,230,15,290,302,442278,20464,122,314726,47055,3746,0.206,0,0,1,Real
user_2365,307,41,28808,705,192291,36816,22,110337,37982,2727,0.067,1,1,0,Fake
user_2366,147,5,25907,455,355855,46620,15,279551,1526,2827,0.279,0,0,0,Fake
user_2367,474,1,16803,338,359484,21445,164,495695,16854,1381,0.246,0,0,1,Fake
user_2368,59,30,14923,806,481340,45817,477,820779,5467,4711,0.204,1,1,0,Fake
user_2369,575,42,16509,461,433458,19204,64,387421,41586,3623,0.17,0,0,1,Fake
user_2370,422,19,23191,716,366993,14876,388,229822,32943,3938,0.093,1,1,0,Fake
user_2371,426,10,23611,264,187302,42327,227,261319,47754,3273,0.155,1,0,1,Fake
user_2372,570,45,17205,581,349206,9230,317,423960,38300,305,0.152,1,1,0,Fake
user_2373,542,29,8481,281,299891,37190,424,890236,33099,998,0.264,0,0,1,Fake
user_2374,137,36,9942,608,45885,34203,424,609856,21658,2131,0.223,1,1,1,Fake
user_2375,397,47,27933,36,21196,30692,48,731873,28550,2935,0.272,0,0,0,Fake
user_2376,248,37,7219,779,86623,27079,426,388885,25699,4205,0.005,0,0,0,Fake
user_2377,261,1,9711,143,468126,38869,17,166989,45076,2473,0.098,0,0,1,Real
user_2378,208,29,23208,151,162407,36394,171,302559,17012,39,0.174,1,1,0,Fake
user_2379,338,29,8798,534,173089,37557,449,920814,13384,4201,0.1,0,1,1,Fake
user_2380,80,49,18092,295,52413,13981,127,462979,2311,847,0.19,0,0,0,Fake
user_2381,460,8,3902,26,20416,27009,33,815220,6145,908,0.05,0,0,1,Fake
user_2382,379,45,5606,226,305588,22584,85,995069,25488,2206,0.143,0,0,1,Fake
user_2383,94,25,7337,901,43172,8618,61,283949,21576,2073,0.055,0,1,0,Fake
user_2384,548,11,1494,379,20716,39005,198,968678,41091,651,0.114,1,0,1,Fake
user_2385,195,50,17483,577,322103,16848,476,801829,23227,3029,0.225,0,1,1,Fake
user_2386,52,23,7805,371,111,18286,46,412936,28273,3599,0.044,0,1,1,Fake
user_2387,274,40,9563,730,430665,30947,203,455398,8817,1460,0.242,0,1,0,Fake
user_2388,386,29,1280,298,483682,7573,253,754638,14454,4456,0.233,1,0,0,Fake
user_2389,40,45,20958,314,100793,27093,378,333217,33739,923,0.098,1,0,1,Fake
user_2390,74,40,4854,967,413947,48018,196,699319,36625,2552,0.22,0,0,1,Fake
user_2391,192,0,28953,733,89094,5773,400,244659,32252,1754,0.048,0,0,0,Fake
user_2392,572,40,9101,162,470315,40921,423,354485,34789,3106,0.074,1,1,0,Fake
user_2393,222,4,4357,581,204925,47248,375,218500,33335,560,0.284,0,1,0,Real
user_2394,490,24,8861,649,432113,33729,291,588453,33452,595,0.215,1,1,1,Fake
user_2395,213,44,28619,312,257089,9257,208,608761,29019,3392,0.265,1,0,1,Fake
user_2396,340,21,25907,486,56381,31072,367,732684,47710,4415,0.277,0,0,0,Fake
user_2397,310,33,1688,730,140158,13250,158,722888,24963,3122,0.246,0,1,1,Fake
user_2398,15,2,21050,450,311096,20372,216,733698,22779,968,0.182,0,1,1,Fake
user_2399,216,18,8159,689,152792,35285,375,970911,27890,835,0.05,1,1,0,Fake
user_2400,194,27,26981,301,322665,5416,416,427527,45695,2514,0.288,1,1,1,Fake
user_2401,120,48,6880,158,438750,13973,135,133464,40196,3167,0.218,0,1,1,Fake
user_2402,490,17,17517,761,275821,47536,128,798898,40857,254,0.081,0,0,0,Fake
user_2403,248,44,3807,824,37582,4634,351,664577,15574,1624,0.053,0,0,1,Fake
user_2404,209,39,45,711,436103,2327,454,923476,4854,3072,0.234,1,1,1,Fake
user_2405,406,34,21254,131,321250,16896,489,803075,13500,623,0.204,1,0,0,Fake
user_2406,245,36,11385,150,149131,21776,324,604595,25516,731,0.076,1,1,0,Fake
user_2407,565,50,20731,622,72674,2975,451,578231,43188,4230,0.075,0,1,1,Fake
user_2408,329,13,19829,299,34048,10074,178,931372,3438,4977,0.263,0,0,1,Fake
user_2409,289,50,12095,879,242397,23055,129,355555,27308,1363,0.129,0,0,1,Fake
user_2410,389,43,10635,393,317806,36797,168,784269,42411,3274,0.119,0,1,0,Fake
user_2411,477,5,2727,263,446900,43515,291,261977,8387,181,0.014,0,1,0,Fake
user_2412,546,39,23116,652,136305,40027,56,161581,9047,2726,0.03,1,1,0,Fake
user_2413,367,21,28966,233,82519,26429,57,303705,38769,2799,0.287,0,0,1,Fake
user_2414,315,47,17998,28,337360,14534,11,212386,1509,2783,0.18,1,0,0,Fake
user_2415,267,3,8652,871,406886,44866,176,920051,5779,2208,0.223,1,1,1,Fake
user_2416,368,32,23661,216,366971,12004,18,955025,6402,3105,0.026,1,0,0,Fake
user_2417,525,43,4378,597,269951,4503,429,741420,47639,2872,0.014,1,0,0,Fake
user_2418,509,23,13380,310,50394,30688,70,791652,12683,2115,0.114,0,1,0,Fake
user_2419,477,3,29436,151,260264,19449,460,407117,36438,1437,0.154,0,0,1,Fake
user_2420,100,7,20037,598,317972,13981,399,517843,25047,3262,0.051,0,0,0,Fake
user_2421,480,24,9663,12,117331,47734,151,968652,597,4102,0.244,0,0,1,Fake
user_2422,327,23,10637,265,361251,23589,476,621166,18313,2021,0.116,0,0,1,Fake
user_2423,208,29,1876,372,148738,28694,265,158056,31587,3111,0.222,0,1,0,Fake
user_2424,379,39,20511,738,16794,16779,225,312276,38608,4149,0.156,0,1,1,Fake
user_2425,320,2,26736,520,206251,34342,142,108273,18159,2092,0.157,1,1,1,Fake
user_2426,423,23,341,763,446775,15856,403,355210,43608,1896,0.141,1,1,0,Fake
user_2427,46,23,26998,891,177554,22111,89,497885,49364,4094,0.294,1,1,1,Fake
user_2428,576,11,11648,529,348656,9921,261,85769,29308,3703,0.29,1,1,1,Fake
user_2429,226,41,7185,415,85357,27569,268,164263,5219,733,0.082,1,1,0,Fake
user_2430,149,35,23936,488,364332,34730,429,672088,49392,2186,0.075,0,1,1,Fake
user_2431,16,45,9164,633,247810,3963,423,479898,37841,223,0.268,0,1,1,Fake
user_2432,267,4,5791,921,424815,26583,309,905352,40330,1625,0.076,1,0,1,Fake
user_2433,566,35,8388,174,237244,17891,413,676186,1010,2376,0.006,0,1,0,Fake
user_2434,598,45,512,995,188089,35761,227,731740,14045,2233,0.074,0,0,1,Fake
user_2435,593,49,17609,352,498967,28535,448,979382,33353,2578,0.281,1,1,0,Fake
user_2436,427,13,21538,659,266797,2550,72,438669,1092,2300,0.228,1,0,1,Fake
user_2437,302,8,28442,159,160641,48846,173,997093,13586,2768,0.203,1,1,0,Fake
user_2438,156,21,25499,601,153958,28132,251,206061,21579,4641,0.187,0,1,1,Fake
user_2439,200,15,25575,873,342616,29347,136,781133,7946,2901,0.025,1,1,0,Fake
user_2440,337,34,19112,513,369967,12698,292,655670,49802,3360,0.287,1,0,1,Fake
user_2441,235,7,3487,321,427104,38553,182,573625,47253,3473,0.186,0,0,1,Real
user_2442,388,41,23678,535,210288,35910,174,976455,47859,234,0.097,1,1,0,Fake
user_2443,583,30,24437,383,219136,14354,391,235515,16800,72,0.24,1,0,0,Fake
user_2444,251,47,22548,387,423082,47038,401,339719,34147,1891,0.069,0,0,1,Fake
user_2445,511,48,12516,886,487848,16473,478,284639,38460,56,0.09,1,0,0,Fake
user_2446,563,37,21424,948,123273,19632,452,222825,21145,706,0.014,1,0,0,Fake
user_2447,345,44,8432,496,416419,35516,66,985856,47831,759,0.168,0,1,1,Fake
user_2448,263,13,28509,663,444136,32989,80,691377,16114,4923,0.162,0,0,1,Fake
user_2449,500,48,20520,173,162175,12794,289,300542,36707,3388,0.209,0,0,0,Fake
user_2450,502,47,20784,891,349309,35858,404,430780,11042,1127,0.071,0,0,1,Fake
user_2451,471,48,19803,537,171237,19899,49,575174,47071,1246,0.03,1,1,0,Fake
user_2452,172,14,18051,493,110387,11591,473,344481,37325,4067,0.074,1,0,0,Fake
user_2453,360,20,6755,179,126186,20835,239,524509,18995,1227,0.008,0,0,0,Fake
user_2454,173,22,26766,495,241847,14932,474,785470,20187,1806,0.119,0,0,0,Fake
user_2455,143,17,14489,918,77972,25075,262,450013,4811,4281,0.222,1,0,1,Fake
user_2456,559,32,7229,388,368697,41328,178,258317,38608,3083,0.08,0,0,0,Fake
user_2457,500,43,10625,14,81379,19524,423,701241,46615,4809,0.126,0,0,1,Fake
user_2458,188,27,8807,684,19292,26600,60,605815,49380,3863,0.02,1,0,1,Fake
user_2459,555,17,6682,969,41656,9037,78,27403,7997,2187,0.041,0,0,1,Fake
user_2460,60,3,19059,66,30800,35402,129,433018,17014,1029,0.25,1,0,1,Fake
user_2461,536,4,20637,350,308115,3108,313,822914,30120,810,0.276,0,1,1,Fake
user_2462,34,23,26467,230,458826,21682,200,106187,36920,3645,0.148,1,0,0,Fake
user_2463,76,22,28122,316,61718,21888,401,412401,47911,1701,0.148,1,1,0,Fake
user_2464,49,28,24670,211,77426,3478,298,766224,3131,3199,0.291,0,0,0,Fake
user_2465,6,31,12958,229,56452,29197,264,564553,23703,4344,0.074,0,0,0,Fake
user_2466,422,32,5100,153,235363,29119,269,154261,15293,1898,0.291,1,1,1,Fake
user_2467,140,33,14616,284,66117,18133,60,310415,20160,4383,0.165,1,1,0,Fake
user_2468,236,7,7593,623,78290,46182,184,592976,28868,3011,0.001,0,1,1,Real
user_2469,69,30,23914,796,378939,3284,195,493238,8398,453,0.233,1,1,1,Fake
user_2470,154,45,23798,746,38504,25786,142,618909,36752,4758,0.263,1,0,0,Fake
user_2471,9,34,14218,808,148098,23599,89,669951,15687,2661,0.048,0,1,0,Fake
user_2472,223,43,12079,122,403894,29424,202,247845,38569,3694,0.24,1,1,0,Fake
user_2473,517,34,4860,665,174445,40624,447,645829,23488,175,0.023,0,0,1,Fake
user_2474,466,18,29562,201,360566,21991,490,637973,6093,4796,0.065,1,0,0,Fake
user_2475,382,28,15696,365,167746,23097,337,788582,48196,1586,0.15,1,1,0,Fake
user_2476,61,39,3070,510,303704,5246,33,932623,26793,2118,0.11,1,1,0,Fake
user_2477,494,23,16251,470,125438,23869,400,795782,31079,240,0.009,0,1,0,Fake
user_2478,499,43,5947,583,376774,26022,353,572919,14093,4952,0.188,1,1,0,Fake
user_2479,16,44,15053,934,252495,10450,425,825573,41917,4698,0.072,0,1,1,Fake
user_2480,6,4,6062,653,228240,13499,316,689200,3689,696,0.03,0,0,1,Real
user_2481,544,12,26725,928,214895,36999,246,80912,36988,3329,0.046,1,1,0,Fake
user_2482,564,29,28257,12,64287,11978,92,435453,21717,2954,0.022,1,0,0,Fake
user_2483,421,5,5770,860,487521,47787,126,100853,47756,271,0.058,0,1,1,Fake
user_2484,12,5,6188,764,337804,637,385,371704,14487,4453,0.244,1,1,0,Real
user_2485,17,25,18666,866,350365,38932,206,902241,8263,929,0.118,1,0,0,Fake
user_2486,542,11,16073,838,494182,2229,19,235513,43090,570,0.228,1,1,0,Fake
user_2487,281,18,23903,801,352133,35444,88,706541,47851,1548,0.065,1,0,1,Fake
user_2488,548,4,5911,806,289470,21843,161,992309,25810,3373,0.02,1,0,0,Fake
user_2489,293,6,21219,536,382405,21269,412,524385,32337,2126,0.23,0,0,1,Fake
user_2490,17,10,9242,919,308108,7021,159,87348,512,157,0.178,0,1,1,Fake
user_2491,514,17,689,233,158621,2785,232,106436,36476,1970,0.053,1,1,0,Fake
user_2492,440,7,10163,759,491486,32334,398,412773,16767,2253,0.05,0,0,1,Fake
user_2493,183,44,5338,207,371778,41218,387,940506,33458,4322,0.014,1,1,0,Fake
user_2494,109,9,29007,372,109980,45864,441,819579,49750,2063,0.073,1,0,0,Fake
user_2495,98,31,5823,680,469546,20281,199,540298,33886,4603,0.165,0,0,1,Fake
user_2496,536,9,26787,33,248107,47881,405,687633,26477,2228,0.275,1,1,0,Fake
user_2497,152,13,12917,408,344028,1805,153,206290,41077,1546,0.145,1,1,1,Fake
user_2498,246,33,22523,641,17739,43652,226,728380,34650,3881,0.01,1,0,0,Fake
user_2499,196,40,19917,101,190950,39327,405,484342,49034,3796,0.034,0,0,1,Fake
user_2500,539,1,6155,974,82067,6666,246,92677,27123,277,0.187,1,1,1,Fake
user_2501,258,18,2275,337,204888,15307,249,30646,21740,127,0.181,0,0,0,Real
user_2502,362,26,4702,519,100395,6535,82,256736,24903,3440,0.269,1,0,1,Fake
user_2503,273,43,2360,68,180924,5461,28,24244,45139,1414,0.285,1,1,0,Fake
user_2504,406,34,13972,277,34632,6561,193,521250,43308,3989,0.029,0,1,1,Fake
user_2505,80,8,8036,566,25644,30323,43,845574,9781,4672,0.232,0,1,0,Fake
user_2506,382,30,14910,984,16451,33260,236,218333,38862,2709,0.146,0,1,0,Fake
user_2507,415,22,29790,547,440989,25421,62,497008,10931,4721,0.096,0,0,1,Fake
user_2508,470,26,21139,866,447253,6209,23,137152,24088,2747,0.271,0,0,1,Fake
user_2509,578,28,13189,759,421332,39388,245,397976,43485,1016,0.209,1,1,1,Fake
user_2510,249,47,3284,550,132215,45002,114,61793,43412,2497,0.004,0,1,0,Fake
user_2511,231,41,23734,893,204241,1251,41,494435,35048,1484,0.21,1,1,0,Fake
user_2512,307,1,17261,81,97812,9327,433,724705,43486,4865,0.207,0,1,1,Fake
user_2513,82,18,4498,993,425993,21530,266,174112,12161,2911,0.197,0,0,0,Fake
user_2514,32,12,23814,817,260894,19328,247,812662,10410,2089,0.192,1,0,1,Fake
user_2515,95,4,24590,57,243009,46147,72,870420,34441,2335,0.226,0,1,0,Fake
user_2516,415,1,26476,457,345154,29175,195,810828,10797,3171,0.024,0,1,1,Fake
user_2517,388,14,386,580,208399,44694,206,4264,46983,3504,0.139,0,1,1,Fake
user_2518,386,33,19768,535,410897,25497,422,988791,35161,4719,0.261,1,0,0,Fake
user_2519,565,41,3267,253,371794,3537,144,100053,105,2697,0.253,0,0,0,Fake
user_2520,487,21,12382,250,452237,45006,396,287173,49816,2405,0.265,0,0,1,Fake
user_2521,57,26,12582,262,169648,46051,343,562357,7260,1132,0.246,1,0,1,Fake
user_2522,9,37,678,816,235726,11609,256,643348,34533,692,0.052,0,0,1,Fake
user_2523,175,21,3605,757,69679,11022,282,444189,14308,3899,0.088,0,1,0,Fake
user_2524,84,41,27084,187,427704,41539,338,854084,10109,2897,0.093,1,1,1,Fake
user_2525,511,41,444,706,171394,1559,395,505385,16087,3564,0.072,1,1,0,Fake
user_2526,444,50,25016,958,390742,26615,127,580796,24478,1068,0.297,1,0,1,Fake
user_2527,339,20,27214,666,370873,46994,256,947740,13740,3888,0.235,0,1,0,Fake
user_2528,579,31,21118,878,221432,40696,350,746144,2735,2808,0.153,1,1,0,Fake
user_2529,97,37,1433,250,345193,24310,380,20026,28625,1380,0.233,1,1,1,Fake
user_2530,540,42,4331,233,165039,15322,41,582936,33420,4100,0.034,0,0,0,Fake
user_2531,43,44,8137,706,479982,20652,120,939773,33701,63,0.274,1,0,1,Fake
user_2532,235,33,25235,734,394009,17566,60,146735,22468,98,0.094,1,1,1,Fake
user_2533,216,35,2739,467,297045,45785,259,405376,27990,919,0.216,0,0,0,Fake
user_2534,580,28,8770,181,455152,5449,172,767469,35073,3398,0.091,0,1,1,Fake
user_2535,486,29,4673,41,366925,44734,167,288461,47676,547,0.186,0,0,0,Fake
user_2536,277,19,20558,623,96449,11608,126,601715,19531,3660,0.034,1,0,1,Fake
user_2537,47,36,19648,272,3900,42,281,218110,44663,1676,0.293,0,1,0,Fake
user_2538,76,8,442,565,455697,5419,18,123548,27682,2219,0.018,0,1,0,Real
user_2539,287,50,25965,284,410625,43703,407,138217,31782,2507,0.215,0,1,1,Fake
user_2540,556,19,307,93,86077,8862,105,128435,26837,3776,0.166,0,0,1,Fake
user_2541,577,10,25941,760,131386,11943,464,299342,41886,4751,0.003,0,1,0,Fake
user_2542,33,50,3484,194,217999,28687,236,417576,32454,2331,0.145,1,1,0,Fake
user_2543,183,16,17772,750,48872,20561,161,821825,32924,2612,0.16,1,1,0,Fake
user_2544,322,14,24121,850,255272,37086,430,206002,1210,4792,0.056,1,1,0,Fake
user_2545,16,30,26812,939,459025,23418,47,620917,40030,1508,0.01,1,0,1,Fake
user_2546,212,23,11088,65,175403,3900,440,805530,26163,1918,0.076,1,0,1,Fake
user_2547,147,18,27941,927,77682,693,164,312318,18254,2564,0.014,0,0,1,Fake
user_2548,407,49,23181,924,22033,10348,267,821032,21230,962,0.071,0,1,1,Fake
user_2549,78,3,2784,135,463585,27373,443,810822,36153,3352,0.297,0,0,0,Fake
user_2550,306,9,6629,535,73579,49777,176,463493,14339,1743,0.216,1,0,0,Fake
user_2551,166,22,4562,310,125841,45851,371,416138,31433,4512,0.003,0,0,1,Fake
user_2552,577,18,15742,62,268846,3327,245,192878,17616,1867,0.261,0,0,1,Fake
user_2553,246,29,24892,212,316628,5173,353,339020,48107,1329,0.28,0,1,0,Fake
user_2554,580,10,18443,233,259710,20939,102,673651,18397,3461,0.061,1,0,1,Fake
user_2555,398,39,29241,249,145679,7274,206,291473,37652,2281,0.188,1,1,0,Fake
user_2556,553,10,14559,599,475690,22102,35,879051,21328,4213,0.17,0,1,0,Fake
user_2557,339,45,26721,779,106040,14063,92,151152,37672,4964,0.034,0,0,1,Fake
user_2558,393,34,5345,595,377898,47151,298,785032,31125,3984,0.251,1,0,0,Fake
user_2559,143,18,10072,488,94640,11999,98,606236,21936,746,0.05,1,1,0,Fake
user_2560,80,11,10870,475,219084,22742,180,871731,9604,378,0.114,1,1,0,Fake
user_2561,512,11,15692,100,20158,42904,142,663575,5200,434,0.204,0,0,0,Fake
user_2562,354,45,5063,549,404152,44982,404,172435,15142,741,0.008,1,1,1,Fake
user_2563,54,44,7989,902,4836,44983,394,407477,23423,3645,0.258,0,0,0,Fake
user_2564,100,42,1830,800,331107,38548,211,883370,41692,104,0.261,0,0,1,Fake
user_2565,447,50,17810,52,189125,17015,360,736657,13150,3810,0.064,0,0,1,Fake
user_2566,237,9,22676,326,372960,28845,280,310942,5318,4556,0.08,0,1,0,Fake
user_2567,77,10,8764,808,179811,41531,216,361205,31298,847,0.023,1,1,1,Fake
user_2568,348,15,20561,649,419539,40477,85,787116,21127,1027,0.07,0,1,1,Fake
user_2569,406,7,17813,74,322372,22268,467,425155,22584,2325,0.205,1,0,1,Fake
user_2570,334,2,4032,201,195571,2096,240,215078,44805,2767,0.226,0,1,0,Fake
user_2571,30,20,694,489,176779,28708,105,961713,46472,3673,0.056,0,0,0,Fake
user_2572,279,36,27031,119,1435,18515,294,855580,21610,3318,0.135,1,0,1,Fake
user_2573,461,8,1459,452,54839,2872,274,200545,39301,613,0.048,0,0,0,Fake
user_2574,502,28,3369,85,253125,32264,436,626888,41189,1961,0.044,0,1,1,Fake
user_2575,233,16,17846,487,404523,6546,163,114173,10396,335,0.261,0,1,1,Fake
user_2576,364,23,9723,202,432183,29028,33,482354,32961,2216,0.265,0,1,1,Fake
user_2577,566,11,3360,102,262708,46149,239,145431,45876,4638,0.026,1,1,1,Fake
user_2578,384,13,16762,555,105755,12534,223,784388,40806,2471,0.034,0,0,0,Fake
user_2579,442,35,29047,603,110657,8463,229,975959,32017,4582,0.131,1,1,1,Fake
user_2580,190,45,27409,220,77492,30388,138,613500,17992,2308,0.169,0,0,1,Fake
user_2581,599,2,13608,612,174335,38991,79,902377,35222,736,0.218,0,1,1,Fake
user_2582,389,42,4647,498,356702,36093,15,845703,46434,2362,0.05,0,1,1,Fake
user_2583,87,20,39,307,345330,3245,238,617224,29973,1423,0.286,0,1,1,Real
user_2584,302,22,29889,582,449720,23190,344,661241,18116,2008,0.224,1,0,1,Fake
user_2585,252,9,7350,9,386161,46418,466,942961,5700,2567,0.05,0,0,1,Fake
user_2586,75,23,786,595,390097,48703,203,315175,44946,2872,0.116,0,1,0,Fake
user_2587,84,28,7427,440,264755,38658,359,11899,4218,1226,0.204,1,1,0,Fake
user_2588,274,34,13996,881,143364,44175,115,225686,46252,4438,0.03,0,0,1,Fake
user_2589,157,10,12628,926,278328,23996,83,414619,41688,1654,0.227,0,1,1,Fake
user_2590,389,34,4829,114,204834,42199,254,860523,19079,1747,0.12,1,1,0,Fake
user_2591,157,19,11577,737,466399,1838,494,600474,34508,3959,0.152,1,1,0,Fake
user_2592,398,7,21474,907,277209,15112,44,275004,25281,1384,0.034,1,0,1,Fake
user_2593,324,1,9399,453,309585,43674,450,530188,44820,4381,0.13,1,0,1,Fake
user_2594,369,25,7401,796,321107,49217,437,887599,10255,3865,0.277,1,1,1,Fake
user_2595,109,31,28802,658,485793,4309,371,697244,28084,2942,0.238,0,0,1,Fake
user_2596,93,49,22426,199,320981,3155,115,83806,29082,3320,0.223,0,0,1,Fake
user_2597,5,9,12607,603,103107,637,492,700207,21183,4029,0.123,1,1,1,Fake
user_2598,315,29,22503,825,228032,25734,183,115172,49847,4700,0.041,0,1,0,Fake
user_2599,455,20,28974,650,403550,18864,116,190339,7884,4544,0.179,1,1,0,Fake
user_2600,368,9,23424,629,497977,44403,382,673218,49033,1021,0.054,0,0,0,Fake
user_2601,276,0,26961,773,383396,40766,290,433703,42723,1704,0.029,1,0,0,Fake
user_2602,104,47,29544,467,419576,14170,481,736641,7721,395,0.057,0,1,0,Fake
user_2603,135,34,3683,0,20670,19927,215,955298,40442,1134,0.119,1,1,0,Fake
user_2604,89,32,16115,257,238526,47275,253,401885,40554,3396,0.077,1,1,0,Fake
user_2605,191,21,5556,772,377019,799,223,753512,32310,2668,0.051,0,0,0,Fake
user_2606,441,41,3608,416,309841,13321,364,306322,27813,3099,0.133,0,0,0,Fake
user_2607,459,45,7357,615,286850,45221,80,594707,16854,2243,0.234,0,1,0,Fake
user_2608,570,18,3333,277,152144,37943,193,482517,21931,3738,0.051,0,1,1,Fake
user_2609,568,30,9234,504,282482,7767,319,92726,14681,3869,0.012,1,0,1,Fake
user_2610,524,18,11708,646,396243,196,74,650559,17578,785,0.172,1,0,0,Fake
user_2611,417,48,2499,180,239304,18181,121,429914,40181,678,0.025,0,0,1,Fake
user_2612,105,36,20175,336,23337,22820,467,473429,26624,2798,0.206,0,0,0,Fake
user_2613,26,42,10935,519,149152,8261,280,704889,23304,4240,0.279,1,1,0,Fake
user_2614,91,9,3878,494,174381,2059,230,26817,20859,4590,0.101,0,0,1,Real
user_2615,362,36,11812,526,9392,14058,379,431692,4714,1064,0.192,0,0,1,Fake
user_2616,567,46,2778,290,213561,28076,268,715053,23474,530,0.007,0,1,0,Fake
user_2617,95,28,29346,974,308973,2988,437,932191,42029,4298,0.284,1,0,1,Fake
user_2618,332,21,1420,660,328750,33192,253,577454,28562,3839,0.004,1,1,1,Fake
user_2619,394,44,19808,306,415151,40080,320,235086,20360,307,0.238,0,0,1,Fake
user_2620,12,7,4951,270,32924,45791,36,229062,7313,4274,0.023,0,0,1,Real
user_2621,298,46,5834,888,248783,49828,218,344600,40067,4870,0.157,1,1,1,Fake
user_2622,423,30,14045,544,434924,18626,468,231393,26430,2274,0.234,1,1,0,Fake
user_2623,397,2,17382,254,460447,4221,353,629231,28875,597,0.018,0,1,1,Fake
user_2624,86,8,10972,349,218756,4719,365,116326,34693,16,0.103,1,0,0,Fake
user_2625,572,43,19648,281,487088,35570,25,34457,39246,3994,0.134,1,0,0,Fake
user_2626,248,35,5942,694,243030,19653,418,109973,27968,4725,0.239,1,1,1,Fake
user_2627,585,7,22263,574,479254,41081,144,408556,15570,989,0.001,1,0,0,Fake
user_2628,533,19,13934,515,463663,40201,274,112654,47357,950,0.078,1,0,1,Fake
user_2629,173,1,4922,316,319165,6146,480,178056,520,3412,0.096,0,0,1,Real
user_2630,389,25,29265,640,299839,14508,489,366901,3265,976,0.164,1,1,0,Fake
user_2631,173,39,21865,450,121081,42856,277,823412,37075,623,0.124,1,1,0,Fake
user_2632,142,14,22516,114,483964,22073,211,810923,13536,2463,0.147,1,0,0,Fake
user_2633,275,28,9881,1000,165244,40329,312,598966,23000,3287,0.019,1,0,1,Fake
user_2634,308,22,20472,774,437676,40409,357,28877,48260,2111,0.235,0,0,0,Fake
user_2635,274,5,26789,968,309798,11420,129,119106,33050,2085,0.151,1,1,1,Fake
user_2636,504,20,9404,186,116863,35746,100,420848,12038,3127,0.131,1,1,0,Fake
user_2637,149,3,11415,499,235547,23538,39,813769,3999,669,0.183,1,1,0,Fake
user_2638,64,38,28685,6,138779,22682,365,753313,7225,844,0.015,0,0,1,Fake
user_2639,171,41,3405,326,157434,49805,181,258891,25952,4772,0.002,1,0,0,Fake
user_2640,445,12,8883,914,467409,49154,409,595262,12561,4135,0.197,0,0,1,Fake
user_2641,282,37,16359,997,341864,15966,199,630856,2466,1975,0.068,0,1,0,Fake
user_2642,431,33,21683,521,446779,24497,408,285326,5627,494,0.007,1,0,1,Fake
user_2643,306,14,12095,481,20295,44959,130,766909,49715,4723,0.135,1,1,1,Fake
user_2644,495,50,8696,507,428205,37164,142,613523,48261,3747,0.082,1,1,1,Fake
user_2645,78,49,26565,167,120309,22312,13,35533,21448,2975,0.088,0,1,0,Fake
user_2646,369,17,29720,183,350450,9601,187,798405,37722,2485,0.012,1,0,1,Fake
user_2647,257,12,23308,67,474155,2995,413,790993,31155,1412,0.28,1,1,0,Fake
user_2648,252,1,26171,778,303858,23681,23,85253,42743,2473,0.07,1,0,1,Fake
user_2649,507,5,2502,442,133243,25422,361,204144,41897,4009,0.098,0,1,1,Fake
user_2650,200,34,25849,689,206995,4630,278,237420,10173,1743,0.269,1,1,0,Fake
user_2651,468,28,71,311,139128,2179,493,242875,11308,4228,0.025,1,0,1,Fake
user_2652,109,43,28236,96,2246,3887,437,285396,18401,4477,0.271,1,0,1,Fake
user_2653,138,42,4870,947,278262,26709,319,285104,9475,2756,0.133,0,0,1,Fake
user_2654,311,5,25486,882,120177,31909,405,225909,8274,1513,0.136,0,0,1,Fake
user_2655,6,32,21491,453,21256,37315,84,499371,34362,1975,0.178,1,1,0,Fake
user_2656,405,25,4803,350,116287,37854,252,962217,18400,4071,0.133,1,0,0,Fake
user_2657,340,12,10494,653,499126,855,112,698229,49763,3955,0.279,0,0,0,Fake
user_2658,389,31,4842,703,430706,42213,305,439628,35484,2395,0.041,0,1,0,Fake
user_2659,337,20,12799,551,235536,1259,224,873705,48831,4583,0.056,1,1,0,Fake
user_2660,450,38,14637,842,125294,26069,390,505446,14088,4059,0.008,0,1,0,Fake
user_2661,342,38,23636,187,208131,37433,52,688695,20008,3755,0.254,1,1,0,Fake
user_2662,440,32,26111,198,1179,28080,499,838973,43438,38,0.164,0,1,0,Fake
user_2663,139,3,25740,797,225449,35880,473,215082,39334,462,0.071,1,1,0,Fake
user_2664,307,42,15677,111,25041,3852,177,718957,10970,3840,0.003,0,0,0,Fake
user_2665,328,23,26694,781,39901,4829,315,286923,31430,4590,0.032,0,0,0,Fake
user_2666,205,25,2205,237,420684,35830,447,559393,25006,4591,0.225,1,1,0,Fake
user_2667,490,9,3708,218,421152,25353,240,833162,26883,991,0.019,1,0,1,Fake
user_2668,321,45,18934,314,143463,46997,229,105267,36260,1204,0.058,1,1,1,Fake
user_2669,181,27,14006,513,280629,28785,497,295118,3199,2790,0.008,1,1,0,Fake
user_2670,407,23,23812,312,426993,31293,141,47805,37206,1984,0.269,0,1,0,Fake
user_2671,326,24,9125,327,471593,17220,407,865625,41184,1413,0.255,0,0,0,Fake
user_2672,298,23,4740,784,286547,2889,14,590717,34072,2738,0.16,1,0,1,Fake
user_2673,502,0,2963,543,492787,45577,170,571993,16648,776,0.022,1,1,0,Fake
user_2674,589,18,10585,483,218499,15835,108,835864,28566,1284,0.185,1,1,0,Fake
user_2675,248,22,4179,105,8568,31390,359,724938,42919,708,0.012,1,0,0,Fake
user_2676,333,22,5959,701,263062,32830,345,278189,45492,4545,0.009,0,0,0,Fake
user_2677,385,19,25150,307,455368,17501,387,92915,3231,252,0.091,1,1,1,Fake
user_2678,287,28,12616,949,499435,45507,174,763751,5427,4510,0.12,1,0,1,Fake
user_2679,402,35,11554,624,384172,44578,220,65091,41534,1338,0.019,1,1,0,Fake
user_2680,373,5,10463,215,416614,8212,240,74615,33171,1359,0.202,0,0,1,Fake
user_2681,116,13,16194,584,402013,46966,39,906992,2201,3327,0.191,1,1,0,Fake
user_2682,577,46,13888,688,335554,14274,387,455250,17995,3957,0.25,1,1,0,Fake
user_2683,204,28,15770,158,413135,43398,252,517602,531,4683,0.257,0,1,1,Fake
user_2684,558,47,22722,331,160539,12703,266,629665,13368,4796,0.142,1,0,0,Fake
user_2685,184,26,13564,160,403125,37373,314,227027,12880,494,0.023,0,1,0,Fake
user_2686,563,28,19717,196,314701,18938,461,39528,19661,3351,0.027,1,0,1,Fake
user_2687,27,18,26001,784,347767,20103,247,77503,36277,3324,0.015,1,1,0,Fake
user_2688,472,10,20860,405,26841,38079,265,263240,328,3374,0.118,0,0,0,Fake
user_2689,214,46,10926,804,260380,45802,373,952851,4717,159,0.162,0,0,1,Fake
user_2690,448,27,4529,175,304179,24573,183,570848,21865,1215,0.282,1,1,1,Fake
user_2691,298,46,26284,872,111890,14747,186,95568,14363,4433,0.257,0,1,1,Fake
user_2692,70,26,21428,161,280016,1344,140,108768,28746,3525,0.17,0,1,0,Fake
user_2693,418,8,8057,624,346705,182,91,419909,49004,2953,0.274,1,0,1,Fake
user_2694,511,37,12556,678,289595,25731,233,10928,15860,1665,0.167,0,1,0,Fake
user_2695,142,38,13718,160,150762,32163,445,296669,24558,4499,0.286,0,0,1,Fake
user_2696,310,5,18000,333,408774,30046,49,606435,34536,1761,0.189,1,1,0,Fake
user_2697,247,9,16289,979,60750,24705,310,686243,26157,4678,0.027,1,0,1,Fake
user_2698,258,13,17653,528,448388,49726,370,744884,26230,2957,0.268,0,1,1,Fake
user_2699,157,19,17490,485,123120,10300,451,618990,48946,3763,0.236,1,1,0,Fake
user_2700,433,30,16141,669,485296,21900,24,695118,31848,517,0.076,1,1,1,Fake
user_2701,386,33,17448,609,203961,21501,133,689642,6837,3357,0.017,1,0,1,Fake
user_2702,75,21,17570,807,293996,527,435,87071,22670,2518,0.221,0,1,1,Fake
user_2703,459,4,26915,426,380486,14284,410,809143,21384,3297,0.181,1,0,1,Fake
user_2704,490,37,7540,798,172274,10530,279,26125,17118,4338,0.092,0,1,0,Fake
user_2705,596,48,12603,743,92923,41476,142,49870,17862,1094,0.089,1,1,0,Fake
user_2706,410,24,2739,275,285770,22802,85,889633,27317,888,0.205,0,1,0,Fake
user_2707,547,5,19037,234,343986,724,442,326684,1033,9,0.282,1,1,1,Fake
user_2708,518,0,23426,955,104992,4776,102,688030,22613,113,0.163,0,0,0,Fake
user_2709,428,26,13822,269,7450,32324,254,942626,16059,1547,0.197,1,0,0,Fake
user_2710,556,40,17266,483,359181,13927,117,967521,38389,3869,0.036,0,1,0,Fake
user_2711,37,17,18935,956,225181,24869,450,169397,10108,78,0.019,0,0,1,Fake
user_2712,368,26,25447,876,41773,20519,216,937041,25752,4863,0.037,1,1,1,Fake
user_2713,549,11,22724,854,172372,16718,393,956145,2680,173,0.299,1,1,0,Fake
user_2714,87,35,26584,310,339132,8520,438,40530,40308,3661,0.285,0,0,0,Fake
user_2715,111,29,24519,379,128763,25635,76,157833,28666,382,0.082,1,0,0,Fake
user_2716,254,45,7187,148,496279,12035,243,555364,31755,2014,0.273,0,1,1,Fake
user_2717,363,36,23038,313,251587,18734,383,589112,17519,3992,0.21,0,1,0,Fake
user_2718,170,48,2859,341,10847,6931,115,871150,49003,4261,0.15,1,0,1,Fake
user_2719,45,8,7706,744,52145,30105,102,924529,26404,497,0.209,0,1,1,Fake
user_2720,576,12,11852,362,68093,35208,40,437496,41483,4323,0.139,1,1,1,Fake
user_2721,409,11,93,849,488155,16696,371,894661,45908,4195,0.125,0,0,1,Fake
user_2722,339,24,6661,763,392906,12043,100,437249,9029,3415,0.021,1,0,0,Fake
user_2723,440,18,27872,322,383263,38149,99,970802,32490,3560,0.258,1,0,0,Fake
user_2724,108,35,562,460,135367,4007,493,124853,8915,4751,0.039,1,0,0,Fake
user_2725,10,31,11875,315,88616,41139,339,423832,3150,1841,0.169,0,1,1,Fake
user_2726,100,2,18296,435,344696,12240,85,960473,41230,1345,0.221,0,1,0,Fake
user_2727,264,19,15529,576,153258,43351,256,570730,21807,299,0.029,1,0,0,Fake
user_2728,227,37,4377,402,352222,37531,62,34582,49111,4085,0.012,1,1,0,Fake
user_2729,522,19,3609,780,134790,46036,64,784324,13514,287,0.046,1,1,1,Fake
user_2730,531,31,1952,427,217881,9794,399,75868,25892,4674,0.028,0,0,1,Fake
user_2731,571,35,29863,5,84862,14341,48,918731,45663,4217,0.127,0,1,0,Fake
user_2732,594,47,11447,780,474981,14504,437,651002,19589,1921,0.099,1,0,1,Fake
user_2733,589,29,11824,962,223582,20166,247,631475,40897,2236,0.28,1,1,0,Fake
user_2734,226,14,27811,413,107003,21694,435,41476,37577,4133,0.145,0,1,0,Fake
user_2735,456,1,27830,56,382290,6242,199,258419,4126,2222,0.284,1,1,0,Fake
user_2736,383,50,28402,991,85934,4570,343,306161,7017,4864,0.228,0,1,0,Fake
user_2737,400,0,25514,418,189493,998,464,151392,39275,1266,0.012,1,1,1,Fake
user_2738,474,9,26837,362,51172,48315,260,127919,45277,3565,0.265,0,1,1,Fake
user_2739,512,16,4566,661,401128,2093,228,886709,10037,4028,0.2,0,0,1,Fake
user_2740,154,19,9656,824,488500,37441,320,807097,46569,2494,0.167,1,0,1,Fake
user_2741,353,40,15086,143,151403,2610,71,210315,34780,4430,0.075,1,0,0,Fake
user_2742,25,40,4723,998,162263,42149,261,270340,22873,3606,0.296,0,1,1,Fake
user_2743,494,30,27369,467,284331,27640,64,526326,26789,3353,0.287,0,1,1,Fake
user_2744,107,7,27961,785,362575,44352,226,938809,29127,1441,0.092,1,0,1,Fake
user_2745,302,41,18071,280,287666,3040,94,778796,48423,3357,0.151,1,1,0,Fake
user_2746,425,42,29915,19,335031,23341,39,979930,41060,2847,0.049,0,1,1,Fake
user_2747,87,18,13797,838,35960,16009,409,345114,44748,485,0.138,0,0,0,Fake
user_2748,118,26,7946,721,39964,368,160,317051,10063,3889,0.041,0,0,0,Fake
user_2749,145,11,6905,207,81562,41759,90,580404,32853,2346,0.259,1,1,0,Real
user_2750,356,31,27126,213,457819,35455,325,273817,23883,2203,0.219,1,1,1,Fake
user_2751,319,44,7359,677,63669,36423,462,931298,48356,2787,0.018,1,0,1,Fake
user_2752,351,41,1830,733,447233,27132,288,163511,2790,3235,0.275,0,0,1,Fake
user_2753,466,15,24477,262,491311,33451,200,62824,11187,2594,0.191,1,0,0,Fake
user_2754,211,1,4515,301,1744,16598,68,219707,5602,3617,0.193,1,1,0,Real
user_2755,533,7,3841,852,499953,15923,157,334759,23423,1091,0.055,1,1,0,Fake
user_2756,494,48,22799,382,125593,913,147,207074,21035,3498,0.08,1,1,1,Fake
user_2757,356,17,23067,24,34593,9926,438,78315,47359,3857,0.169,1,1,0,Fake
user_2758,487,31,4688,329,408244,7644,292,446134,42533,3237,0.142,0,0,1,Fake
user_2759,99,4,12368,437,403879,5792,216,64365,43015,2952,0.071,1,0,0,Fake
user_2760,448,38,24021,809,416508,25167,305,729136,14254,2262,0.213,1,1,1,Fake
user_2761,463,47,863,391,397645,25728,293,501277,36508,735,0.15,1,1,1,Fake
user_2762,326,23,22810,333,495118,29102,129,592942,16115,4899,0.294,0,1,1,Fake
user_2763,68,37,13916,571,141584,14414,26,703908,1285,4176,0.287,1,1,1,Fake
user_2764,307,30,12179,573,93832,8918,201,100839,44143,1312,0.186,1,0,0,Fake
user_2765,45,36,1772,756,59438,40387,99,509255,32579,4113,0.263,1,1,0,Fake
user_2766,117,27,22983,204,401028,425,491,878007,29752,843,0.057,0,1,0,Fake
user_2767,23,16,3473,816,236606,18454,63,984834,22294,3659,0.189,0,1,1,Fake
user_2768,351,40,21716,220,176962,44455,437,973228,20973,4800,0.102,0,1,1,Fake
user_2769,111,43,19058,632,63669,21922,227,620419,35980,2223,0.142,0,1,1,Fake
user_2770,168,30,2417,515,262386,29919,499,104531,9093,4082,0.205,0,0,1,Fake
user_2771,249,44,15624,450,401604,21894,306,215386,5855,3904,0.005,1,0,0,Fake
user_2772,528,7,27441,876,437880,49429,14,965508,10401,4730,0.21,0,1,0,Fake
user_2773,178,23,19461,280,408702,36868,116,569948,25315,2867,0.076,1,0,0,Fake
user_2774,565,32,28523,109,280280,36469,309,400721,11953,28,0.268,0,1,0,Fake
user_2775,163,46,5183,76,243949,35588,448,61615,27314,330,0.184,0,1,0,Fake
user_2776,338,36,989,248,267795,29566,422,83715,17027,1587,0.173,0,1,0,Fake
user_2777,573,1,4813,164,64014,21186,101,339660,14256,2517,0.12,0,1,0,Fake
user_2778,436,16,11968,333,252309,37066,105,825443,39802,2734,0.127,1,0,1,Fake
user_2779,473,10,4629,740,350223,12194,25,503895,24299,1084,0.214,0,1,0,Fake
user_2780,237,37,2588,491,322104,5749,470,103685,26061,1221,0.24,1,1,1,Fake
user_2781,414,3,8029,964,145909,11206,102,896755,31306,499,0.093,0,0,1,Fake
user_2782,188,9,2525,738,411826,38890,392,735985,42031,1522,0.115,1,0,0,Real
user_2783,190,20,408,607,43656,48296,221,926689,33554,3583,0.16,1,0,1,Fake
user_2784,442,29,18650,481,186782,38901,301,90607,17497,1470,0.08,0,1,1,Fake
user_2785,405,44,27232,974,413663,27754,416,829125,18911,3253,0.203,0,1,1,Fake
user_2786,29,8,26663,994,48250,20426,291,519582,49046,1849,0.075,1,0,0,Fake
user_2787,202,22,13647,969,185199,10976,17,121641,25914,477,0.167,1,1,1,Fake
user_2788,460,10,4905,47,92483,25902,58,213152,165,1775,0.096,1,1,0,Fake
user_2789,439,3,25081,799,203361,3042,465,919501,29216,1024,0.228,0,1,1,Fake
user_2790,398,17,5977,675,422891,15135,146,141800,36777,3186,0.239,0,1,0,Fake
user_2791,4,23,15393,399,99247,15746,104,820710,39944,2094,0.104,0,1,0,Fake
user_2792,219,26,24364,704,285896,27464,357,739692,1466,2828,0.213,0,1,0,Fake
user_2793,210,40,4591,982,495421,43977,213,102509,31489,1407,0.181,1,0,1,Fake
user_2794,285,22,24513,930,131216,11742,147,611284,22504,3041,0.166,1,0,0,Fake
user_2795,64,3,17283,723,380274,555,263,714966,5386,3631,0.166,1,0,0,Fake
user_2796,591,18,22890,498,9556,45496,434,324468,43666,1824,0.198,1,1,1,Fake
user_2797,104,18,9814,255,477584,9271,49,971215,36869,1978,0.122,1,1,1,Fake
user_2798,549,33,15407,286,479136,29987,41,888768,45676,82,0.237,0,0,1,Fake
user_2799,191,40,13484,621,325237,24251,226,856595,37323,270,0.047,0,1,1,Fake
user_2800,374,4,23676,600,421724,23181,289,17011,6557,3780,0.075,0,0,1,Fake
user_2801,333,32,11053,384,415922,34122,22,141933,39790,2112,0.292,0,1,1,Fake
user_2802,201,12,14548,60,401858,12224,454,318195,33087,321,0.26,1,0,0,Fake
user_2803,468,49,25604,103,45311,5094,46,950232,4238,3121,0.249,1,1,0,Fake
user_2804,116,40,21130,57,33257,16766,240,486466,29889,1860,0.257,0,0,0,Fake
user_2805,268,11,22781,654,85087,30273,247,701504,31671,2744,0.268,0,1,1,Fake
user_2806,501,48,432,350,76447,30367,462,909568,24552,708,0.282,0,0,0,Fake
user_2807,540,6,9396,282,179359,1616,464,4517,24269,3544,0.189,1,1,0,Fake
user_2808,320,38,3645,550,84064,45541,398,169420,4490,4218,0.017,0,0,0,Fake
user_2809,397,48,5108,378,273723,39048,19,978166,10038,2808,0.031,0,1,1,Fake
user_2810,401,10,1966,448,427408,8262,481,546050,37525,1201,0.127,0,1,1,Fake
user_2811,116,34,28873,945,361512,71,120,582636,44406,1216,0.074,0,0,0,Fake
user_2812,356,20,21051,291,280394,29158,422,842010,45088,2226,0.234,1,0,1,Fake
user_2813,360,20,1052,113,101801,7506,51,687031,18175,3809,0.035,1,0,1,Fake
user_2814,468,43,19797,483,250971,5952,214,92552,19591,3274,0.207,0,1,1,Fake
user_2815,176,19,24613,137,484816,22560,483,303382,6289,3920,0.04,0,0,0,Fake
user_2816,304,17,5687,901,397050,10623,109,96485,20107,3015,0.112,1,1,1,Fake
user_2817,86,43,16491,767,331124,14788,238,125022,39584,1000,0.207,0,1,1,Fake
user_2818,137,44,5254,75,184225,46772,464,138957,10827,1025,0.077,0,1,1,Fake
user_2819,320,44,356,332,15618,49278,408,881205,22220,2806,0.207,1,0,0,Fake
user_2820,120,23,12988,1000,178352,36092,30,559538,13500,4570,0.103,0,1,0,Fake
user_2821,244,6,27285,793,447483,401,464,481691,44052,1639,0.292,1,0,0,Fake
user_2822,312,34,13881,750,204093,11857,185,892426,6573,3950,0.125,0,0,1,Fake
user_2823,119,37,22279,423,415584,12389,360,662700,28144,4708,0.12,0,1,1,Fake
user_2824,187,22,28703,844,396758,28275,15,313601,18061,4862,0.24,1,0,1,Fake
user_2825,382,9,14886,155,226702,45902,491,332517,40626,202,0.158,1,1,1,Fake
user_2826,144,0,18158,894,54300,11026,26,143358,35487,506,0.126,1,1,0,Fake
user_2827,523,8,23311,154,423244,6486,159,952776,11655,2934,0.266,0,1,0,Fake
user_2828,397,33,27181,603,268655,42404,308,508117,34079,1719,0.058,1,0,0,Fake
user_2829,428,18,8455,306,406775,39845,111,979251,49763,3272,0.138,0,1,0,Fake
user_2830,141,23,18745,587,425621,47550,116,731067,44103,3343,0.085,1,1,0,Fake
user_2831,588,49,16445,204,211004,43270,104,78730,49804,4919,0.08,1,0,1,Fake
user_2832,392,31,10028,575,111337,11201,221,810137,16025,1711,0.109,1,1,1,Fake
user_2833,433,26,23244,90,87830,4425,437,974584,33905,1590,0.215,0,0,1,Fake
user_2834,190,21,7448,448,99690,23106,244,637085,42211,1114,0.222,1,1,0,Fake
user_2835,498,10,13882,251,325622,34369,103,223479,22042,4035,0.265,1,0,1,Fake
user_2836,550,6,5138,335,334227,8158,139,457325,43447,3559,0.283,0,1,1,Fake
user_2837,177,13,8907,586,253452,34226,479,499580,37379,1888,0.061,1,1,1,Real
user_2838,568,9,3012,559,405517,37542,153,890380,31186,1778,0.261,1,1,0,Fake
user_2839,170,32,17088,781,307418,32036,202,534853,17833,2112,0.28,1,0,1,Fake
user_2840,501,14,12371,676,392028,47368,305,386402,28834,1061,0.025,0,0,1,Fake
user_2841,295,12,4100,266,365614,280,124,514703,29159,1224,0.032,1,1,0,Real
user_2842,143,50,24351,570,35075,44983,446,399050,28467,4364,0.102,0,1,1,Fake
user_2843,191,35,6942,543,390411,23988,67,308872,22970,2907,0.267,0,1,0,Fake
user_2844,322,39,13120,836,118882,37063,451,901970,24853,3278,0.079,1,0,0,Fake
user_2845,461,44,20284,298,437524,6190,423,449527,20921,1305,0.297,0,1,0,Fake
user_2846,54,33,1834,706,344470,28425,235,196631,38164,4256,0.1,1,0,1,Fake
user_2847,367,34,7173,22,489578,6974,91,634594,2405,1891,0.192,1,1,1,Fake
user_2848,9,45,12854,143,478613,7344,298,75232,31549,3812,0.05,0,1,1,Fake
user_2849,496,35,6019,790,409345,32973,152,250444,1228,1145,0.244,0,0,0,Fake
user_2850,139,44,26951,788,259194,28608,410,581024,23700,1794,0.19,0,1,0,Fake
user_2851,199,48,24444,69,292268,13856,237,826925,21374,4073,0.159,0,0,0,Fake
user_2852,393,7,18326,891,404141,35096,231,83562,19856,1447,0.09,0,0,1,Fake
user_2853,575,26,19827,804,240046,24341,133,39331,47532,1525,0.257,1,1,1,Fake
user_2854,517,29,27581,716,203043,21778,478,962562,40157,2760,0.23,1,0,0,Fake
user_2855,506,4,2529,728,168932,36060,294,668102,17257,4749,0.114,1,1,1,Fake
user_2856,418,7,26756,756,336869,36084,12,523571,42509,1703,0.152,0,1,0,Fake
user_2857,503,8,22689,321,193394,5344,286,316319,46423,835,0.27,0,0,0,Fake
user_2858,425,1,15349,980,104392,47862,123,644524,13778,289,0.022,1,0,0,Fake
user_2859,454,30,15643,873,471843,38570,500,116600,41854,1909,0.187,1,1,0,Fake
user_2860,500,22,10262,369,22001,20509,298,689565,20048,1879,0.037,0,0,1,Fake
user_2861,171,19,21387,926,19073,37288,26,397358,14591,3862,0.273,1,0,0,Fake
user_2862,84,44,21033,791,237454,49127,389,128046,28305,435,0.082,1,1,0,Fake
user_2863,578,23,13274,456,98608,30392,213,820466,35195,56,0.147,0,0,1,Fake
user_2864,31,8,27107,765,1951,45237,397,605652,30851,4450,0.183,1,0,0,Fake
user_2865,225,28,12467,905,299336,30831,485,300173,43073,4784,0.271,0,0,1,Fake
user_2866,299,38,5400,219,186343,10975,176,177544,32284,2557,0.198,0,0,0,Fake
user_2867,33,33,1791,188,8976,46135,143,261623,6674,1167,0.086,1,1,1,Fake
user_2868,281,48,26323,328,348431,45267,41,672572,22038,1700,0.176,0,1,0,Fake
user_2869,230,21,12172,479,489643,6173,90,159123,26904,2056,0.264,0,1,1,Fake
user_2870,550,11,21189,233,195316,25016,461,124749,36941,278,0.297,0,0,0,Fake
user_2871,295,45,13900,471,340114,36438,189,365272,11450,1674,0.052,0,1,1,Fake
user_2872,172,19,6380,370,177589,33866,325,297752,9231,3651,0.132,1,0,0,Real
user_2873,468,1,8844,341,217859,2913,383,919578,47574,91,0.061,1,1,0,Fake
user_2874,579,47,3552,203,393075,46453,323,50211,175,2188,0.064,1,1,0,Fake
user_2875,507,7,3420,693,439101,3299,428,79833,38159,1618,0.272,1,1,1,Fake
user_2876,562,14,2549,994,3899,49179,291,744474,17408,1565,0.185,1,1,1,Fake
user_2877,523,8,11885,720,165239,22260,176,249003,40140,1910,0.265,0,1,1,Fake
user_2878,115,44,19765,265,451939,15488,65,86403,3523,1610,0.112,0,0,0,Fake
user_2879,586,9,25519,261,242997,31375,367,964775,31907,1014,0.194,0,0,1,Fake
user_2880,116,44,27741,618,44682,35060,319,351813,26536,4402,0.244,0,0,0,Fake
user_2881,274,14,10992,765,70296,45833,122,228374,45477,4215,0.108,1,0,1,Fake
user_2882,556,19,919,955,441986,39575,387,347599,15793,1724,0.256,1,1,1,Fake
user_2883,375,8,7848,23,50319,14152,319,53895,19559,4369,0.018,0,1,0,Fake
user_2884,555,13,9247,143,311767,4401,125,430927,7376,2301,0.095,0,0,0,Fake
user_2885,42,8,5333,122,272899,35880,75,625802,22660,3007,0.036,1,0,0,Real
user_2886,451,5,17746,657,294341,24604,246,695687,13795,3265,0.111,1,1,1,Fake
user_2887,559,27,3488,420,401670,39888,368,454392,23589,675,0.283,0,1,1,Fake
user_2888,223,44,2140,437,61076,10130,90,694041,38911,1047,0.023,1,1,1,Fake
user_2889,435,48,6943,405,310842,33326,398,194559,30396,2949,0.159,0,1,0,Fake
user_2890,104,50,19566,825,71182,38134,262,407409,30580,3988,0.257,1,1,1,Fake
user_2891,253,7,359,498,248213,31430,102,69656,8191,4484,0.144,1,0,1,Real
user_2892,304,4,24789,817,259179,11296,286,426267,3339,103,0.171,0,1,0,Fake
user_2893,33,1,29808,49,290238,33362,450,574480,43515,2206,0.275,1,0,0,Fake
user_2894,460,49,10129,851,289199,18095,54,265573,3128,3807,0.269,1,1,1,Fake
user_2895,269,30,6151,541,380582,21738,91,853696,7195,1795,0.015,0,1,1,Fake
user_2896,356,48,18077,61,399289,20381,468,361123,8065,3603,0.287,1,0,0,Fake
user_2897,89,27,6610,934,178626,3500,303,353511,21825,827,0.244,1,1,1,Fake
user_2898,449,2,20918,524,62785,43080,70,175343,42169,4853,0.167,1,1,0,Fake
user_2899,120,12,1060,382,327651,6289,430,338873,16532,4290,0.078,0,1,1,Real
user_2900,242,6,7875,16,425108,33679,208,184025,30300,3044,0.222,1,0,0,Real
user_2901,214,2,8820,579,17028,9050,123,794464,29809,931,0.299,0,1,1,Real
user_2902,359,50,2786,447,412167,11018,188,687853,14989,3911,0.008,0,1,0,Fake
user_2903,438,42,18681,32,437899,47342,343,520983,18857,3448,0.151,1,1,0,Fake
user_2904,169,32,18507,982,334537,49413,34,775520,40275,4680,0.042,1,0,1,Fake
user_2905,142,37,1470,516,166234,31245,162,327038,17224,3159,0.121,0,0,1,Fake
user_2906,211,3,18472,894,128994,10650,405,936820,15754,4426,0.09,0,1,1,Fake
user_2907,211,30,25894,817,163608,79,298,78697,43464,135,0.285,1,0,0,Fake
user_2908,60,7,15853,334,281585,3537,428,2114,4702,3163,0.223,0,0,1,Fake
user_2909,583,16,1496,809,431051,11641,229,145679,43205,2423,0.161,0,0,0,Fake
user_2910,359,2,1574,551,223158,36123,40,663745,17197,3027,0.204,1,0,1,Fake
user_2911,545,4,10308,503,153853,14008,74,380931,45497,2920,0.294,1,1,1,Fake
user_2912,287,19,3054,289,20415,40307,435,296742,35163,2516,0.282,1,0,0,Real
user_2913,551,42,10112,588,450183,19303,230,510193,31703,2477,0.093,1,0,1,Fake
user_2914,172,0,277,341,55875,35170,377,755670,8748,1180,0.223,0,1,1,Real
user_2915,331,48,11686,649,28790,8353,224,848010,11334,785,0.296,0,0,0,Fake
user_2916,299,6,24631,68,492331,40977,241,68162,23094,3011,0.191,0,1,0,Fake
user_2917,296,50,9253,752,157393,14984,212,979618,23939,4009,0.276,0,1,0,Fake
user_2918,586,7,13046,77,348559,8865,340,741958,30690,4418,0.19,1,1,0,Fake
user_2919,273,38,16391,578,71785,43416,179,489207,32799,1822,0.004,0,0,0,Fake
user_2920,526,13,6385,94,364855,10190,431,612105,22070,3797,0.126,0,1,0,Fake
user_2921,97,37,10304,997,135413,3877,97,569170,26298,1288,0.223,1,1,1,Fake
user_2922,138,12,24636,571,427658,16512,242,626220,16682,3564,0.117,1,0,1,Fake
user_2923,421,11,12800,799,199009,5811,451,739022,6806,2370,0.218,1,0,1,Fake
user_2924,60,42,23779,115,80235,18181,95,643387,14630,246,0.113,1,1,0,Fake
user_2925,283,22,11660,544,147150,18267,293,289320,22453,2647,0.259,1,1,1,Fake
user_2926,129,1,4244,162,178227,31934,339,545884,17718,1689,0.188,0,0,0,Real
user_2927,135,5,23024,817,445506,18268,165,551248,42477,1191,0.073,0,0,0,Fake
user_2928,255,9,22108,525,216022,42915,192,959343,47921,3688,0.134,1,0,1,Fake
user_2929,149,47,3190,866,39005,13855,115,954017,41541,1623,0.093,0,0,0,Fake
user_2930,329,17,10856,871,278377,47916,311,376321,31968,4935,0.031,1,1,0,Fake
user_2931,253,37,13345,89,190728,8629,260,446608,20251,3511,0.244,1,0,0,Fake
user_2932,402,22,29376,587,39380,49106,145,409392,6241,4279,0.24,0,1,1,Fake
user_2933,501,22,24295,944,261245,34399,329,633873,25788,4336,0.239,1,0,0,Fake
user_2934,145,10,16501,479,161682,49006,393,296040,34994,2970,0.156,0,0,1,Fake
user_2935,591,32,3309,624,387254,7189,330,531296,21548,1672,0.147,0,1,0,Fake
user_2936,275,49,16455,665,157192,4327,310,597911,42513,2155,0.287,1,0,1,Fake
user_2937,424,46,26459,195,213317,27620,201,995767,24516,1087,0.189,0,1,0,Fake
user_2938,384,39,25397,769,11918,23586,21,626927,30644,4310,0.116,1,1,1,Fake
user_2939,462,15,4921,74,13708,37832,241,231636,14024,4555,0.003,0,1,0,Fake
user_2940,77,32,776,785,149503,39481,380,61188,40604,1748,0.023,1,1,0,Fake
user_2941,95,36,19240,700,171837,46565,10,32113,43593,4687,0.232,1,0,1,Fake
user_2942,412,4,26085,441,96875,12863,268,387180,20583,311,0.131,0,0,1,Fake
user_2943,527,6,12521,837,373188,45947,449,111114,9938,1810,0.105,0,0,0,Fake
user_2944,284,37,15628,283,48798,668,289,619548,15583,4941,0.003,0,0,0,Fake
user_2945,377,48,19213,476,455870,44114,232,659206,9474,3742,0.032,1,1,0,Fake
user_2946,465,0,28469,462,72050,8292,164,734796,35153,4974,0.049,0,1,1,Fake
user_2947,499,33,27919,910,488327,48216,427,765952,24033,3839,0.001,1,1,0,Fake
user_2948,335,13,1225,901,275227,41110,11,357284,24437,4242,0.218,0,0,0,Fake
user_2949,595,45,9506,756,316096,48154,224,453704,22906,1783,0.057,1,0,1,Fake
user_2950,2,12,5282,155,314334,854,393,473345,36220,1730,0.125,1,0,0,Real
user_2951,95,18,4965,666,446467,8361,263,364766,1156,657,0.0,0,1,0,Real
user_2952,469,10,22360,338,52493,2366,196,984696,44181,3049,0.076,0,1,1,Fake
user_2953,366,48,15175,74,190071,41552,395,695633,49143,187,0.016,0,0,1,Fake
user_2954,64,34,2580,186,59440,13622,221,961559,38146,1949,0.273,1,1,0,Fake
user_2955,547,0,29006,663,49889,3323,443,421412,22545,1351,0.144,0,1,1,Fake
user_2956,407,46,20511,589,138516,18153,455,218321,31849,774,0.167,1,0,0,Fake
user_2957,223,6,3056,347,402652,46818,21,383380,48944,4864,0.243,1,0,1,Real
user_2958,439,13,23542,464,174999,45605,96,381746,39177,4176,0.162,0,1,0,Fake
user_2959,216,32,7588,540,166887,9782,32,816103,19753,3064,0.237,0,0,1,Fake
user_2960,506,45,28980,799,465781,14353,289,529390,31968,4764,0.289,1,0,1,Fake
user_2961,274,30,7066,709,64868,8598,15,310634,23732,3445,0.153,1,0,1,Fake
user_2962,330,23,26459,757,95744,8557,350,929575,32871,2829,0.068,1,0,1,Fake
user_2963,290,44,22330,839,302205,46985,376,152719,6404,2972,0.04,0,0,0,Fake
user_2964,345,37,21437,971,111311,28764,482,893111,42835,661,0.278,1,0,1,Fake
user_2965,560,11,4615,442,305255,32638,62,193180,26790,244,0.018,0,0,0,Fake
user_2966,591,28,25192,910,419625,23538,299,470029,26375,1046,0.117,0,1,1,Fake
user_2967,133,43,23545,21,41334,8335,441,669150,2903,2716,0.024,0,1,0,Fake
user_2968,579,6,5277,411,121382,45577,442,759599,10183,95,0.224,1,1,1,Fake
user_2969,496,11,16437,588,25731,6765,97,90620,34793,3245,0.185,0,1,0,Fake
user_2970,351,22,16918,300,144973,15971,314,477820,17202,3570,0.089,0,1,0,Fake
user_2971,49,24,23878,6,163309,24440,33,163643,41161,3558,0.112,1,0,0,Fake
user_2972,47,27,19947,638,441171,47045,94,408647,41961,4292,0.255,0,1,1,Fake
user_2973,101,13,21344,848,398791,12711,105,423842,7704,3316,0.186,1,1,0,Fake
user_2974,470,32,17147,399,288467,2715,405,139742,12675,301,0.229,0,1,0,Fake
user_2975,16,14,25186,19,395753,49761,49,797359,26905,3303,0.185,0,1,0,Fake
user_2976,127,26,11187,8,283800,8561,472,685150,10986,3749,0.244,0,0,0,Fake
user_2977,161,7,14663,230,478660,32986,200,379191,15619,1828,0.226,0,0,0,Fake
user_2978,451,48,25734,330,450495,6130,407,424771,13985,2438,0.136,1,0,0,Fake
user_2979,467,20,4299,437,41766,27389,432,384783,48605,4048,0.263,1,1,0,Fake
user_2980,0,7,11109,154,425500,21985,493,27147,48238,3420,0.049,0,0,1,Fake
user_2981,438,29,9530,265,373719,3082,163,271571,42939,3858,0.279,1,1,1,Fake
user_2982,207,7,11806,876,287800,26683,461,401375,41817,766,0.194,1,1,1,Fake
user_2983,135,33,20429,228,490319,16611,426,916418,19788,2439,0.086,0,0,1,Fake
user_2984,309,8,28047,598,302703,25943,131,8383,29100,4655,0.083,1,1,1,Fake
user_2985,162,31,14119,690,456288,12913,327,499553,123,4726,0.081,1,0,1,Fake
user_2986,280,48,1311,786,362011,189,26,23650,19699,4357,0.077,0,0,0,Fake
user_2987,95,23,29185,334,286295,44707,153,695559,1195,3510,0.004,0,0,0,Fake
user_2988,369,45,23355,545,155821,3764,142,44914,30475,2020,0.143,0,0,0,Fake
user_2989,256,18,25368,468,475172,22572,287,87035,6669,1165,0.253,1,1,0,Fake
user_2990,84,35,22376,669,289599,46874,303,308344,16490,4583,0.051,1,0,0,Fake
user_2991,380,46,12701,681,344928,38985,477,900749,26243,4780,0.212,0,1,1,Fake
user_2992,169,2,7835,205,155999,15126,27,685673,38856,2935,0.16,1,1,0,Real
user_2993,53,5,6842,788,52657,28833,309,965718,29136,729,0.127,1,1,1,Fake
user_2994,405,20,20001,841,469408,29944,125,287786,41523,7,0.216,1,1,0,Fake
user_2995,312,31,19886,588,211628,30120,98,116634,46944,1893,0.106,0,0,1,Fake
user_2996,239,7,2457,947,394422,23321,470,879579,6292,4323,0.11,1,1,1,Fake
user_2997,439,24,4993,363,488000,26075,90,233289,16677,2743,0.156,0,1,0,Fake
user_2998,93,18,18576,914,21358,38309,188,5341,47810,1517,0.278,0,0,0,Fake
user_2999,97,29,20571,901,163521,6288,500,858166,32289,2542,0.097,0,1,1,Fake
user_3000,1,38,16302,732,481735,40049,108,396438,43872,1201,0.18,1,1,1,Fake
user_3001,218,47,3191,888,460306,35210,136,533981,38657,3847,0.26,0,0,0,Fake
user_3002,488,19,26369,590,220290,14696,115,679772,32056,3122,0.082,0,1,0,Fake
user_3003,79,43,489,156,48741,8652,98,441428,47209,1383,0.293,0,1,1,Fake
user_3004,135,28,4673,193,344927,4655,13,902976,45451,1250,0.198,1,1,1,Fake
user_3005,231,14,25110,791,174727,44812,500,188777,16092,845,0.209,0,1,0,Fake
user_3006,531,35,28523,151,141058,1501,95,273339,19060,2664,0.064,1,0,0,Fake
user_3007,455,26,10143,211,388546,42713,135,42493,8158,2887,0.226,1,0,0,Fake
user_3008,9,18,17928,315,27291,10610,193,825704,36436,4636,0.147,0,1,0,Fake
user_3009,8,27,28427,185,71770,39204,44,734457,22891,3280,0.229,1,0,1,Fake
user_3010,351,12,26128,103,36043,5875,30,536819,46769,1982,0.151,0,0,0,Fake
user_3011,123,4,25606,26,49448,27244,88,466699,20928,3618,0.178,1,1,0,Fake
user_3012,432,30,29331,546,497540,44737,424,815822,37480,2416,0.009,0,1,0,Fake
user_3013,135,43,2856,616,495292,44943,201,847277,22285,1686,0.094,0,0,1,Fake
user_3014,489,23,16348,967,308440,48647,473,107591,2735,4692,0.143,1,0,1,Fake
user_3015,72,11,3083,864,2102,4851,343,919547,33960,3396,0.141,0,0,1,Fake
user_3016,234,0,14903,40,56009,30780,422,5398,46718,1866,0.246,0,1,0,Fake
user_3017,392,43,10279,798,467351,19564,179,3597,14205,4887,0.192,1,0,1,Fake
user_3018,91,31,5561,130,250073,24780,186,669171,32723,4945,0.255,0,1,1,Fake
user_3019,104,43,9686,553,22295,39853,446,852210,18572,2106,0.063,1,0,1,Fake
user_3020,105,6,5291,356,246008,2678,40,431856,24435,2759,0.133,0,1,0,Real
user_3021,320,25,2233,977,424411,10428,68,429054,46785,4886,0.005,0,0,0,Fake
user_3022,376,28,9178,70,189335,38144,326,567799,26373,2367,0.094,1,0,1,Fake
user_3023,306,33,18891,335,212854,49091,462,628626,2430,59,0.188,0,0,1,Fake
user_3024,140,42,11905,891,284145,34792,383,61860,8038,1647,0.012,0,0,1,Fake
user_3025,391,43,11579,322,56041,14297,125,704974,30243,4557,0.176,1,0,0,Fake
user_3026,136,5,2923,950,138560,7820,182,285153,1664,4611,0.182,1,1,1,Fake
user_3027,146,7,2330,235,83260,1911,155,843272,12514,2849,0.219,1,1,0,Fake
user_3028,70,9,5871,673,309777,17279,178,796599,39877,2624,0.161,0,1,1,Real
user_3029,543,25,23286,213,492650,16249,417,105162,25447,2342,0.095,1,0,1,Fake
user_3030,576,25,25294,206,294225,48619,377,509462,6604,3397,0.232,1,1,0,Fake
user_3031,8,44,15097,310,469250,35468,359,142161,1264,2967,0.245,0,0,0,Fake
user_3032,168,37,8452,167,416340,18081,469,562349,5100,3567,0.069,1,1,0,Fake
user_3033,450,6,15507,434,129801,4383,27,147554,30154,3014,0.017,1,1,0,Fake
user_3034,359,47,8389,277,42996,40638,125,8082,22802,1625,0.071,0,0,0,Fake
user_3035,218,10,25006,238,175145,25368,447,494626,40355,610,0.292,0,0,1,Fake
user_3036,155,4,28726,958,88279,25682,217,427445,44420,3849,0.13,1,0,0,Fake
user_3037,421,23,14484,941,97061,10630,307,176685,2047,476,0.008,1,1,1,Fake
user_3038,453,12,21308,222,339993,9885,268,201509,43191,4206,0.04,1,0,1,Fake
user_3039,222,21,4602,790,481381,37190,426,525863,2576,4018,0.107,1,0,0,Fake
user_3040,88,12,4062,363,298327,5318,293,755095,49674,1779,0.165,1,0,1,Real
user_3041,102,38,18636,27,367367,13305,423,116728,6872,256,0.123,0,0,0,Fake
user_3042,143,25,15999,140,454396,7767,296,127627,28726,438,0.19,1,0,1,Fake
user_3043,126,7,1297,898,54459,27511,155,368232,49132,1225,0.115,0,0,1,Fake
user_3044,393,14,11910,920,330741,31906,365,912451,2311,745,0.215,1,0,1,Fake
user_3045,359,27,28147,967,425851,916,411,831251,25114,128,0.256,0,0,1,Fake
user_3046,439,46,9392,450,8831,32839,116,691641,30147,1199,0.126,1,0,1,Fake
user_3047,322,31,13137,126,246580,3661,329,169174,37537,3831,0.107,1,0,1,Fake
user_3048,143,17,13403,854,114513,24044,109,146807,42349,1671,0.203,0,1,0,Fake
user_3049,253,48,28082,970,382074,26598,396,240510,17675,3114,0.272,0,0,0,Fake
user_3050,283,45,20305,384,371280,36515,407,149763,37658,3080,0.118,1,1,1,Fake
user_3051,86,49,22301,26,66407,24154,135,579038,2191,1814,0.272,1,1,0,Fake
user_3052,254,37,4226,454,88798,27373,108,155276,32039,1374,0.098,1,1,0,Fake
user_3053,566,37,14445,888,386852,25772,458,189772,35585,2874,0.025,0,1,1,Fake
user_3054,291,17,12017,761,431056,30179,93,183489,28342,3199,0.051,0,1,0,Fake
user_3055,27,48,16792,874,452893,49357,160,583077,45922,3778,0.017,0,0,1,Fake
user_3056,308,50,27683,757,357799,2659,445,162553,39150,1678,0.15,0,1,1,Fake
user_3057,210,41,20467,213,267221,25111,136,297699,11671,1522,0.039,0,0,0,Fake
user_3058,530,25,10277,389,125088,15326,211,13810,34668,1392,0.05,0,1,1,Fake
user_3059,521,22,12244,50,213862,45903,480,562089,20486,1675,0.041,1,0,1,Fake
user_3060,193,30,2735,457,2771,25821,93,291208,20566,2335,0.093,0,0,0,Fake
user_3061,401,42,22354,449,357255,10025,313,493923,44558,4136,0.197,0,0,0,Fake
user_3062,302,38,13539,408,274189,5512,228,342613,6413,3702,0.274,0,1,0,Fake
user_3063,55,25,16578,203,458790,37377,77,908410,26074,2194,0.158,0,0,0,Fake
user_3064,245,31,14748,210,143295,33563,13,163100,46113,4622,0.263,0,0,1,Fake
user_3065,506,32,8612,789,302352,25802,425,551560,10229,1751,0.039,0,1,1,Fake
user_3066,395,17,28750,389,416631,23727,285,201960,7198,4902,0.083,1,1,0,Fake
user_3067,115,9,28689,604,382652,23702,23,375301,49103,535,0.175,0,1,0,Fake
user_3068,246,49,22365,834,406985,3961,187,635432,23931,3490,0.018,0,0,1,Fake
user_3069,511,29,1398,127,441366,19870,298,619766,37899,3206,0.105,1,0,1,Fake
user_3070,72,6,20336,95,98330,38090,392,624422,15489,41,0.236,0,0,1,Fake
user_3071,540,7,21098,992,258291,18804,389,311595,43554,786,0.19,0,0,0,Fake
user_3072,12,16,1869,179,287081,16694,285,33501,36023,4753,0.096,1,1,0,Real
user_3073,369,31,24282,518,124734,19693,340,1351,38363,1014,0.112,0,0,1,Fake
user_3074,324,31,25906,935,31127,42993,128,286176,27801,273,0.101,1,0,1,Fake
user_3075,135,14,8022,592,225298,2370,72,96751,29174,4941,0.24,0,1,0,Real
user_3076,396,40,22929,741,110628,28899,74,40908,26332,85,0.192,0,0,0,Fake
user_3077,582,8,26910,528,321523,28277,435,761570,44358,2476,0.141,1,1,1,Fake
user_3078,430,1,18376,124,349638,25658,413,787804,16383,4495,0.136,0,1,0,Fake
user_3079,374,6,260,166,203655,12867,147,581167,23130,4254,0.219,1,1,0,Fake
user_3080,559,47,5064,774,100910,44882,395,280993,12972,3529,0.177,1,0,1,Fake
user_3081,176,3,27953,214,432550,20065,148,474345,28078,3246,0.011,1,0,0,Fake
user_3082,482,4,3450,123,276709,39626,56,634744,31903,187,0.134,1,0,0,Fake
user_3083,74,31,9524,963,153462,12357,92,841517,15738,3623,0.268,1,0,1,Fake
user_3084,17,43,12314,500,180495,47007,460,121448,24118,1702,0.276,0,0,0,Fake
user_3085,69,1,5184,758,71413,14727,306,239256,44158,1263,0.278,1,1,1,Real
user_3086,14,11,18682,619,212085,37195,39,391145,23333,3386,0.232,0,1,0,Fake
user_3087,268,24,13083,366,309733,27317,237,933134,46086,2535,0.097,1,1,0,Fake
user_3088,220,38,27978,767,215767,22530,409,819729,34549,2492,0.269,0,0,1,Fake
user_3089,40,43,2391,324,477493,559,180,106723,38951,3664,0.146,0,0,0,Fake
user_3090,61,20,7308,425,303212,19811,394,738754,26707,4568,0.258,1,1,1,Real
user_3091,407,9,12721,195,150818,42416,316,121069,2980,4677,0.168,1,0,1,Fake
user_3092,518,19,28644,215,141222,39617,211,981480,32050,1619,0.225,1,1,0,Fake
user_3093,293,39,15147,92,130563,24702,170,258237,3787,3842,0.218,1,0,1,Fake
user_3094,513,39,21926,818,323163,10962,474,363886,29783,4211,0.218,1,0,1,Fake
user_3095,425,6,3063,519,448863,29728,457,699414,8394,2927,0.225,0,0,0,Fake
user_3096,433,48,11433,368,466389,12436,323,31144,8705,2974,0.099,1,1,1,Fake
user_3097,411,4,15265,489,65351,8485,317,866168,34994,2288,0.051,0,1,0,Fake
user_3098,84,42,15351,261,370621,11071,324,894428,35280,748,0.283,1,0,0,Fake
user_3099,549,48,21052,520,220318,25253,78,991630,14050,3967,0.281,0,1,0,Fake
user_3100,550,33,17534,114,133693,8827,497,811915,17700,3528,0.223,1,1,1,Fake
user_3101,156,49,29495,967,339915,28432,38,329691,5595,477,0.249,0,1,1,Fake
user_3102,284,31,26813,467,317328,7698,70,203675,14000,190,0.126,0,0,1,Fake
user_3103,85,50,15232,16,260926,5797,83,334164,15104,4910,0.238,0,0,1,Fake
user_3104,317,29,3575,7,761,19367,134,817646,22636,1620,0.254,0,1,0,Fake
user_3105,80,12,2812,389,60089,9624,264,989519,6977,4060,0.015,0,1,1,Fake
user_3106,523,18,5907,822,212622,16759,215,464515,49367,792,0.198,0,0,1,Fake
user_3107,208,42,23978,430,309716,14184,111,972706,12704,3398,0.242,1,1,1,Fake
user_3108,159,31,3550,409,100225,26931,48,152692,40114,2397,0.232,0,0,1,Fake
user_3109,549,31,13007,984,391530,43611,256,172734,478,2996,0.256,0,0,1,Fake
user_3110,334,32,25172,878,132611,9007,245,803359,4876,4581,0.256,0,0,1,Fake
user_3111,400,16,14192,102,362440,48420,168,674369,17832,880,0.177,1,1,1,Fake
user_3112,600,34,6536,363,67209,22513,311,556387,12423,118,0.19,1,0,1,Fake
user_3113,67,21,13157,369,302312,42896,200,620808,3088,2339,0.053,1,0,1,Fake
user_3114,317,34,10771,968,96656,36359,152,137627,39557,2867,0.082,0,0,0,Fake
user_3115,447,34,2112,317,427004,45575,91,968397,30677,4020,0.206,1,1,1,Fake
user_3116,244,1,10396,856,335974,21008,43,865748,20308,2022,0.254,1,0,1,Fake
user_3117,59,48,11220,66,304194,17468,474,8027,10811,2227,0.128,0,1,0,Fake
user_3118,250,2,19803,444,62902,44138,17,829995,32276,3428,0.263,1,0,0,Fake
user_3119,88,27,15934,968,351809,9915,206,974631,41631,3566,0.063,0,1,0,Fake
user_3120,444,7,6967,868,130432,6646,103,457892,20300,4707,0.187,0,1,0,Fake
user_3121,118,24,23012,667,69441,44510,314,303319,40270,2458,0.149,0,0,0,Fake
user_3122,464,28,24290,307,372804,33730,406,123375,14857,2088,0.204,1,1,0,Fake
user_3123,56,20,15604,234,21079,33635,453,670623,28325,4044,0.175,0,1,0,Fake
user_3124,316,24,3746,718,121034,41696,147,734222,26554,1748,0.281,1,0,1,Fake
user_3125,179,28,9121,86,131069,2574,338,981475,44064,1915,0.185,1,1,0,Fake
user_3126,122,29,14895,666,390531,34983,57,697203,14746,4420,0.043,0,1,0,Fake
user_3127,12,2,1254,659,24413,48165,299,376841,20555,3608,0.246,0,0,1,Real
user_3128,140,2,17861,829,383386,32308,114,513146,31443,4498,0.199,1,0,0,Fake
user_3129,11,11,5103,399,37853,38936,471,583558,46679,466,0.102,1,0,0,Real
user_3130,167,35,15399,896,358648,45039,239,42923,47656,2667,0.011,0,0,1,Fake
user_3131,508,42,4768,482,206946,40481,185,627882,37209,1071,0.0,0,1,1,Fake
user_3132,355,49,20978,16,69710,6428,328,796048,27134,4105,0.168,1,0,0,Fake
user_3133,535,19,6994,974,114365,48490,417,486918,28942,4690,0.228,1,0,1,Fake
user_3134,529,45,10491,987,144991,40814,60,549653,4099,245,0.103,0,1,0,Fake
user_3135,265,10,18618,281,59041,26710,310,251935,45515,2717,0.214,0,0,1,Fake
user_3136,170,31,1026,747,301242,9667,77,30629,17565,3186,0.282,1,1,1,Fake
user_3137,380,27,19696,662,1477,41908,102,133825,34089,3577,0.085,0,0,0,Fake
user_3138,129,8,25369,918,341758,15735,212,971646,1464,2824,0.124,1,0,1,Fake
user_3139,275,19,12461,331,110207,47471,238,566702,12846,719,0.222,0,1,0,Fake
user_3140,120,45,2044,46,376038,20390,48,18028,46110,4531,0.141,1,0,1,Fake
user_3141,30,24,26494,144,58077,46610,369,892849,43749,1567,0.096,0,0,1,Fake
user_3142,343,31,11845,867,435143,5546,127,76323,721,3624,0.251,1,1,1,Fake
user_3143,439,48,25872,254,365021,43123,61,24882,43528,4442,0.163,1,1,1,Fake
user_3144,278,7,14093,181,7214,39373,256,938428,3378,2481,0.021,1,0,0,Fake
user_3145,536,36,15512,578,216717,37414,200,314679,29902,3681,0.298,0,1,1,Fake
user_3146,65,43,6993,9,56074,44741,128,107297,44141,3625,0.203,1,0,0,Fake
user_3147,269,31,1772,131,178969,24921,379,652276,47245,741,0.182,0,1,0,Fake
user_3148,590,42,6930,531,108178,17279,215,301673,14963,4861,0.145,1,1,1,Fake
user_3149,78,35,28443,159,234395,14457,75,954239,23868,4330,0.212,0,0,1,Fake
user_3150,508,43,751,143,75698,13173,493,908823,41214,4421,0.1,0,1,0,Fake
user_3151,466,34,24858,711,77063,36680,226,746895,28636,4116,0.185,1,1,1,Fake
user_3152,523,36,22402,481,379749,22205,447,989040,23904,1936,0.125,0,1,0,Fake
user_3153,368,30,13858,780,339719,15690,496,345430,36747,3645,0.094,1,1,1,Fake
user_3154,56,30,8842,39,411879,8780,150,254368,10051,2240,0.217,1,1,0,Fake
user_3155,511,35,8259,62,64615,47196,252,315917,25548,2011,0.224,0,1,0,Fake
user_3156,580,10,20830,610,455502,18463,173,80951,1650,2162,0.007,0,0,1,Fake
user_3157,170,32,5770,821,193334,30207,87,643054,33663,2906,0.018,0,1,1,Fake
user_3158,376,3,2739,214,170452,12232,351,349088,11410,355,0.106,0,0,1,Fake
user_3159,161,25,4644,887,215548,23962,446,913925,22459,4966,0.007,0,0,0,Fake
user_3160,261,16,2269,757,198560,43693,270,795926,11893,3303,0.237,0,1,1,Real
user_3161,105,31,8975,676,345778,3775,332,132380,43869,4162,0.061,1,0,0,Fake
user_3162,587,37,13273,300,272035,23899,479,824855,27202,2612,0.266,0,1,0,Fake
user_3163,118,24,2677,380,356680,34840,214,799132,15550,1755,0.023,1,1,1,Fake
user_3164,233,39,9775,632,144213,15456,138,535338,47805,4123,0.158,1,1,1,Fake
user_3165,521,43,28631,424,232475,14739,206,797914,30859,332,0.149,1,0,0,Fake
user_3166,2,22,23337,843,347665,16090,62,950418,38751,3236,0.149,1,0,1,Fake
user_3167,45,49,14792,161,105669,17087,469,100251,17328,1292,0.135,0,0,0,Fake
user_3168,12,18,28550,429,449711,13258,473,975002,46369,2649,0.156,1,1,0,Fake
user_3169,250,20,13753,176,332949,2276,82,687641,4476,473,0.195,0,0,0,Fake
user_3170,47,3,17195,178,76501,45188,369,275394,9272,1227,0.271,0,0,1,Fake
user_3171,483,1,7015,958,108413,15786,23,301896,33199,1963,0.299,1,0,1,Fake
user_3172,372,37,21942,531,204058,5082,465,492338,34281,369,0.268,1,0,0,Fake
user_3173,392,2,29264,988,185167,5156,327,582662,25581,4190,0.057,1,0,1,Fake
user_3174,153,8,8501,155,98566,46295,227,429906,28125,4674,0.066,1,1,0,Real
user_3175,183,23,6031,759,456104,23975,71,838721,38225,4847,0.152,1,1,1,Fake
user_3176,36,22,27215,828,349100,43808,239,476192,6795,3194,0.086,0,1,0,Fake
user_3177,566,47,1761,829,449898,34668,424,301819,5797,2297,0.214,1,1,0,Fake
user_3178,429,37,3029,684,496377,32735,402,768358,8274,3221,0.184,0,0,0,Fake
user_3179,229,1,29325,185,347237,26585,127,926716,44054,4982,0.144,0,1,0,Fake
user_3180,329,48,29544,373,127280,1834,23,659353,8416,1354,0.241,0,0,1,Fake
user_3181,254,40,14042,900,256855,24501,12,135153,12853,2172,0.242,0,0,1,Fake
user_3182,426,21,11207,947,256331,47105,302,577348,10895,1821,0.014,0,1,0,Fake
user_3183,327,24,24680,112,497624,17503,313,38181,4951,2442,0.074,0,1,0,Fake
user_3184,277,6,9728,805,143601,24234,91,183800,17291,1902,0.296,1,0,0,Fake
user_3185,79,27,5391,166,229350,30599,347,89131,41066,2935,0.221,1,1,0,Fake
user_3186,585,22,6507,30,25655,47694,389,672723,43101,2057,0.203,1,0,0,Fake
user_3187,381,22,11445,509,132178,25585,460,534710,10904,4328,0.018,1,1,1,Fake
user_3188,122,26,13733,208,1602,45208,282,706881,21120,3323,0.245,0,0,0,Fake
user_3189,514,22,15781,313,227170,36943,472,582447,10424,4873,0.088,1,0,0,Fake
user_3190,53,3,15581,413,243050,44245,147,971336,24747,2703,0.026,1,0,0,Fake
user_3191,183,42,17547,640,83154,17600,171,639886,5413,1448,0.195,1,0,0,Fake
user_3192,228,15,22571,382,32193,32727,457,234118,7091,918,0.075,0,1,1,Fake
user_3193,528,15,25685,930,409675,21680,80,23669,38376,1529,0.196,0,1,1,Fake
user_3194,47,15,5265,861,466058,29722,148,404253,32062,836,0.26,1,1,0,Fake
user_3195,410,41,22829,271,437093,26304,41,232797,42068,2913,0.016,0,0,0,Fake
user_3196,70,19,14312,636,31243,38458,107,792732,35818,3185,0.054,0,0,0,Fake
user_3197,476,37,11622,328,392337,46668,95,361080,37198,263,0.005,1,0,0,Fake
user_3198,289,5,29904,29,240515,47222,371,521899,9617,1926,0.181,0,1,1,Fake
user_3199,318,44,22704,802,274874,17580,64,957063,21833,4132,0.06,1,0,0,Fake
user_3200,335,4,18688,26,151557,47300,42,586411,40546,3701,0.067,0,0,0,Fake
user_3201,88,19,12751,339,106870,41663,191,673684,20062,520,0.273,1,1,0,Fake
user_3202,566,7,26968,29,216742,21987,363,744875,25841,41,0.162,0,1,0,Fake
user_3203,467,21,325,910,57890,13065,127,26148,49690,4268,0.219,0,0,0,Fake
user_3204,8,10,18379,481,462058,23625,450,706413,49727,4472,0.205,1,0,0,Fake
user_3205,377,1,25659,35,150580,15723,179,238387,20871,368,0.02,1,0,1,Fake
user_3206,205,34,29287,752,73766,28612,191,487230,29589,1716,0.174,0,0,0,Fake
user_3207,298,20,19566,892,148607,24295,15,585431,17308,2704,0.279,1,1,0,Fake
user_3208,577,2,6506,147,146448,36983,172,613608,41233,2542,0.146,0,1,0,Fake
user_3209,311,29,2549,935,92830,30945,58,810663,41229,3437,0.293,1,1,1,Fake
user_3210,248,42,23682,417,223426,17750,148,121014,17881,2381,0.28,1,1,0,Fake
user_3211,475,27,21887,47,403205,25757,117,700065,24742,3127,0.15,1,0,0,Fake
user_3212,377,36,18955,552,7218,25340,378,152996,24399,3499,0.137,0,0,0,Fake
user_3213,505,32,20201,386,248110,47718,405,102075,45879,5,0.139,0,1,0,Fake
user_3214,200,26,4738,780,411930,38970,81,232698,14075,2454,0.072,1,1,1,Fake
user_3215,559,17,10608,612,399839,32950,61,863929,11853,4812,0.125,0,1,1,Fake
user_3216,251,1,21760,739,277658,25054,307,692745,24561,480,0.23,0,0,0,Fake
user_3217,154,44,26984,537,34233,4166,337,650709,44986,1736,0.137,1,0,1,Fake
user_3218,6,30,24063,173,307486,28239,63,760621,20776,3907,0.093,0,1,0,Fake
user_3219,419,37,24341,161,238251,13672,163,948857,18360,3296,0.105,0,0,1,Fake
user_3220,24,1,27041,102,182369,18373,131,753637,18770,2126,0.099,1,1,1,Fake
user_3221,238,20,24140,15,158961,8288,351,466231,5007,3615,0.266,1,0,1,Fake
user_3222,554,24,24023,357,337772,5182,440,262753,7168,2262,0.062,1,1,1,Fake
user_3223,354,36,10371,918,117606,11605,35,976395,34129,3764,0.27,0,0,0,Fake
user_3224,9,24,464,228,235585,22495,274,962291,6393,3525,0.151,1,1,0,Fake
user_3225,343,20,4931,94,105342,18713,445,947765,45058,4774,0.184,1,0,1,Fake
user_3226,1,36,29376,429,360936,24244,236,251187,34886,1003,0.242,1,0,0,Fake
user_3227,385,6,15029,67,452905,1450,258,861949,43629,671,0.209,1,0,1,Fake
user_3228,314,31,4832,115,144501,35093,479,755495,45631,3490,0.061,0,0,0,Fake
user_3229,106,6,16365,991,440122,45727,312,422049,22453,664,0.231,0,1,0,Fake
user_3230,210,44,28321,487,249998,519,246,625225,5592,1525,0.217,0,0,1,Fake
user_3231,542,43,10368,475,204784,37531,336,603674,14013,1453,0.032,1,1,1,Fake
user_3232,243,13,3722,425,141368,21760,81,14408,25037,948,0.015,0,0,1,Real
user_3233,429,21,25952,876,84126,40522,143,334429,29500,2769,0.115,1,0,0,Fake
user_3234,503,31,22083,919,251841,20076,248,853877,12293,362,0.061,0,0,1,Fake
user_3235,61,32,13316,549,115639,33295,319,348057,33502,1947,0.095,0,1,1,Fake
user_3236,145,48,8611,450,229705,5736,74,579390,1198,4706,0.062,1,1,1,Fake
user_3237,286,42,17062,137,474379,22393,201,338860,45033,3318,0.247,1,1,1,Fake
user_3238,95,21,23667,877,69985,12148,364,361214,22159,2564,0.161,1,0,1,Fake
user_3239,44,10,120,617,8989,49834,389,959411,9462,2876,0.219,1,0,1,Fake
user_3240,237,39,14763,828,409473,26155,138,516934,3797,4515,0.041,0,0,1,Fake
user_3241,532,19,27279,652,122904,39055,450,822343,13505,3348,0.207,0,1,0,Fake
user_3242,422,23,28090,0,338281,9345,77,390155,36216,4118,0.057,1,0,0,Fake
user_3243,381,27,4119,318,254752,21174,88,621130,42471,574,0.284,0,0,1,Fake
user_3244,469,12,20784,487,201631,24327,57,599958,42170,4612,0.025,1,1,0,Fake
user_3245,86,31,14723,480,114752,37730,266,320928,35381,363,0.11,1,1,0,Fake
user_3246,594,40,20936,921,497295,24988,289,731772,6571,347,0.224,1,0,1,Fake
user_3247,97,50,18952,924,289274,26022,130,805469,45220,2479,0.021,1,1,0,Fake
user_3248,517,4,3193,263,267228,19797,372,21868,38870,1004,0.292,0,1,1,Fake
user_3249,136,34,1195,131,336534,29273,429,571192,14181,2571,0.156,0,0,1,Fake
user_3250,403,13,7163,330,489672,11909,140,796456,29134,4269,0.101,1,1,0,Fake
user_3251,76,18,24435,672,75860,7395,331,291773,47335,4933,0.236,1,0,1,Fake
user_3252,581,16,6149,552,57579,15697,418,195635,28104,1815,0.139,1,1,0,Fake
user_3253,63,3,13768,374,140339,887,355,603888,33619,1760,0.043,1,1,0,Fake
user_3254,445,19,22821,979,378138,29700,174,938258,19720,1775,0.075,1,1,0,Fake
user_3255,133,36,17894,628,194423,18099,368,772350,6535,3054,0.13,1,0,0,Fake
user_3256,242,25,25375,684,273693,8959,487,694,35196,1073,0.24,0,1,0,Fake
user_3257,298,14,5442,733,133594,15702,286,874633,18314,4454,0.127,0,1,0,Fake
user_3258,267,39,19691,98,361710,24113,415,439460,32548,3407,0.116,1,0,0,Fake
user_3259,322,47,12371,489,51817,47015,66,632021,5260,3285,0.084,1,0,0,Fake
user_3260,402,5,7082,504,142507,38568,312,450809,17050,10,0.032,1,1,1,Fake
user_3261,334,45,11406,766,451937,7776,102,593954,25034,822,0.19,1,0,0,Fake
user_3262,325,37,6873,851,345135,17412,386,668606,43958,1830,0.037,0,0,0,Fake
user_3263,463,6,6263,872,270784,11900,484,51211,8819,4223,0.247,1,0,0,Fake
user_3264,278,37,22270,584,419147,25218,13,722962,10866,2570,0.092,1,0,1,Fake
user_3265,239,21,18901,200,162643,8030,164,312514,1828,2585,0.152,1,0,0,Fake
user_3266,76,17,470,128,391330,18737,405,376738,4882,2,0.131,0,0,0,Real
user_3267,207,4,12132,224,211662,3449,287,937283,17107,212,0.032,1,1,0,Fake
user_3268,139,36,26665,527,10642,43758,257,160669,43376,1370,0.281,1,0,1,Fake
user_3269,598,33,11920,132,33013,17352,262,545072,34224,4801,0.294,1,1,1,Fake
user_3270,111,30,530,824,297353,42641,31,637258,15979,2774,0.288,1,0,0,Fake
user_3271,159,27,9894,964,463894,35681,230,839912,12997,3947,0.169,1,1,0,Fake
user_3272,108,13,29381,146,56161,38241,262,569609,15920,1581,0.073,0,1,0,Fake
user_3273,168,22,10058,230,126471,12806,334,449997,21210,4248,0.297,0,0,1,Fake
user_3274,460,50,16452,675,471217,16240,205,15490,17495,94,0.198,0,0,0,Fake
user_3275,477,4,26838,84,148275,10316,434,395588,3910,867,0.136,1,0,1,Fake
user_3276,321,41,28434,761,132172,27227,304,69916,6386,255,0.264,0,1,1,Fake
user_3277,416,19,4087,97,424521,7624,111,763245,7293,561,0.267,0,0,1,Fake
user_3278,123,32,22915,734,128080,19726,116,50825,12096,1510,0.136,1,0,0,Fake
user_3279,548,19,16355,413,397272,20757,460,407379,29026,2410,0.016,1,1,1,Fake
user_3280,366,27,21263,289,350458,20247,130,347665,11074,2898,0.175,1,0,1,Fake
user_3281,212,42,14942,908,488306,13991,397,440798,35501,3814,0.016,0,1,0,Fake
user_3282,462,34,13567,629,291482,47080,97,482028,13569,775,0.17,1,1,0,Fake
user_3283,315,20,13447,107,448711,3659,311,252279,25504,4439,0.248,0,0,1,Fake
user_3284,474,12,11525,255,321700,29675,311,244872,748,758,0.275,0,1,0,Fake
user_3285,271,26,11541,231,301158,37130,295,474320,12818,3070,0.103,1,0,0,Fake
user_3286,122,25,27137,256,418903,27043,230,792876,106,4578,0.2,1,0,0,Fake
user_3287,92,16,17775,189,484667,14418,191,286647,33302,448,0.047,0,0,0,Fake
user_3288,161,39,13954,747,277830,43108,58,389288,31567,3152,0.222,0,1,1,Fake
user_3289,311,32,17143,675,483303,30008,193,465622,25879,742,0.232,0,1,1,Fake
user_3290,41,29,25070,308,95917,14811,456,937091,19076,4896,0.108,1,1,0,Fake
user_3291,220,42,11004,336,329000,6832,326,45331,30717,2418,0.186,0,0,1,Fake
user_3292,335,48,3715,727,260590,44608,492,87025,31647,4977,0.136,1,0,0,Fake
user_3293,151,35,5761,997,276995,1184,39,418458,3028,4654,0.231,0,0,1,Fake
user_3294,93,11,15034,473,1767,1965,94,333811,47992,4738,0.048,0,0,0,Fake
user_3295,254,1,14037,684,78169,35006,184,150891,37552,949,0.164,0,0,1,Fake
user_3296,364,40,12226,604,10260,42311,249,465734,692,1553,0.161,0,0,0,Fake
user_3297,405,45,5796,532,171639,44974,376,434503,27642,3286,0.159,1,0,1,Fake
user_3298,525,33,18112,529,402911,47898,287,97762,43345,3061,0.23,0,0,0,Fake
user_3299,50,11,19493,591,361568,7994,350,971446,43582,296,0.181,0,0,1,Fake
user_3300,306,36,5329,904,403537,32485,158,233487,31664,2918,0.025,1,0,0,Fake
user_3301,266,31,17785,273,290388,34788,231,438571,28540,2752,0.201,1,1,1,Fake
user_3302,178,13,14282,778,220057,23348,150,696130,7104,989,0.248,1,1,0,Fake
user_3303,31,42,12503,921,297769,10945,39,587348,35616,4715,0.177,1,1,0,Fake
user_3304,414,47,9339,134,178937,9311,462,72469,15547,777,0.288,0,1,0,Fake
user_3305,463,29,27691,335,765,7880,276,313357,30476,4858,0.249,1,1,0,Fake
user_3306,569,17,21613,432,252192,5203,180,616296,24721,1823,0.107,1,1,0,Fake
user_3307,563,40,22562,383,101407,24140,335,942584,9462,4721,0.025,0,1,1,Fake
user_3308,255,34,22291,677,98236,47834,267,578643,48526,3373,0.204,0,0,0,Fake
user_3309,96,39,14335,148,56867,35978,412,61432,39564,4360,0.1,0,0,1,Fake
user_3310,473,49,20778,593,384103,29270,411,146814,24456,3588,0.175,1,0,1,Fake
user_3311,104,27,9281,754,160609,6054,193,375090,169,667,0.225,1,0,1,Fake
user_3312,143,36,23006,957,377949,36502,386,230636,31665,4109,0.21,1,1,0,Fake
user_3313,124,46,20328,871,400641,18405,279,665864,27595,3547,0.083,1,1,0,Fake
user_3314,12,40,29683,35,222743,20862,281,21491,42874,4034,0.251,1,0,0,Fake
user_3315,63,3,28082,765,131684,10251,108,536900,31639,629,0.118,0,1,1,Fake
user_3316,227,33,3251,927,364918,13704,434,293971,45157,3956,0.3,1,0,1,Fake
user_3317,133,12,2871,818,421838,23773,388,203896,4304,63,0.3,0,1,0,Fake
user_3318,202,23,26409,394,142575,43118,287,502174,41714,4393,0.13,1,1,0,Fake
user_3319,410,29,27434,647,307333,18308,97,758000,27265,93,0.23,0,1,1,Fake
user_3320,381,9,3401,49,104578,48439,406,417824,12159,2549,0.043,1,0,1,Fake
user_3321,86,15,2937,813,329696,11548,174,645886,6147,4999,0.247,0,0,1,Fake
user_3322,596,9,21286,202,210739,28373,368,643595,32701,1209,0.002,1,0,0,Fake
user_3323,600,47,538,186,351187,33127,233,168536,9652,4894,0.077,0,1,1,Fake
user_3324,265,43,20193,14,441403,30189,373,671243,2739,1671,0.291,1,1,0,Fake
user_3325,76,48,13476,146,315397,17023,416,642640,18477,1334,0.051,0,0,1,Fake
user_3326,22,19,3397,649,296335,17501,254,890114,35756,4575,0.262,1,1,0,Fake
user_3327,66,27,16266,34,295709,44582,79,417091,34311,2995,0.293,0,0,1,Fake
user_3328,202,26,24574,855,187111,42630,217,310127,33826,141,0.264,1,0,0,Fake
user_3329,454,20,24632,813,50378,44480,413,282437,25870,4017,0.221,0,1,1,Fake
user_3330,131,4,20441,243,199188,32640,98,315929,36760,830,0.113,0,1,0,Fake
user_3331,94,40,17849,165,247387,3185,19,482168,3232,4916,0.162,0,0,1,Fake
user_3332,339,13,3267,406,327480,7368,388,811463,43042,3461,0.099,0,1,1,Fake
user_3333,125,26,20759,330,102901,32585,270,878039,19647,685,0.148,1,0,0,Fake
user_3334,43,17,14552,11,466751,12713,146,523131,6748,1259,0.003,1,0,0,Fake
user_3335,472,18,16494,585,128389,42127,213,901441,32833,4841,0.021,1,1,1,Fake
user_3336,51,41,19045,492,170244,10721,256,953572,25554,1802,0.176,1,0,1,Fake
user_3337,172,10,26406,495,24014,42474,74,189110,37637,1700,0.229,0,1,1,Fake
user_3338,587,16,1069,878,449732,44348,347,338803,14573,1150,0.18,1,0,1,Fake
user_3339,443,43,21879,352,176238,1659,309,841699,2930,608,0.104,0,1,1,Fake
user_3340,404,38,9499,192,187108,45318,408,919013,14823,1595,0.014,1,1,1,Fake
user_3341,508,15,27908,643,247140,34670,96,851015,43993,2289,0.268,0,1,1,Fake
user_3342,30,25,13783,890,397896,26930,195,9594,10606,4722,0.09,0,0,0,Fake
user_3343,391,15,6942,836,126441,22376,166,557322,25370,2891,0.135,0,0,0,Fake
user_3344,436,7,7303,994,279176,48625,483,295681,19488,1336,0.013,0,0,0,Fake
user_3345,176,9,25456,591,174812,9672,120,708116,42882,1104,0.28,0,1,0,Fake
user_3346,362,12,14897,415,258552,14585,451,193132,21529,344,0.204,1,0,0,Fake
user_3347,219,1,18074,462,119316,29144,409,252065,26254,4608,0.069,1,1,0,Fake
user_3348,191,15,12487,219,225875,30330,336,780084,16823,2172,0.147,1,1,0,Fake
user_3349,281,19,3751,464,294878,29685,457,147679,40288,338,0.228,1,0,0,Real
user_3350,286,29,6408,636,8614,8654,173,944718,28141,427,0.286,1,0,1,Fake
user_3351,456,31,28060,269,361616,37834,387,262702,30622,1746,0.271,1,1,1,Fake
user_3352,152,35,15387,558,39986,28178,201,182566,19563,3915,0.223,1,0,0,Fake
user_3353,35,27,4077,450,54102,26234,51,222918,7155,598,0.272,0,1,0,Fake
user_3354,251,27,11488,120,296306,44693,412,316126,38589,3859,0.209,0,1,1,Fake
user_3355,302,41,26009,762,469722,21228,309,537168,40165,4063,0.017,0,0,0,Fake
user_3356,510,2,29950,286,71825,26655,210,4999,5460,2975,0.207,0,1,0,Fake
user_3357,421,12,15202,671,121270,12340,96,804040,26298,4277,0.2,1,1,0,Fake
user_3358,563,10,13531,786,215343,12778,294,33459,2425,4552,0.138,1,1,0,Fake
user_3359,490,17,29753,526,454322,30672,91,287211,21161,2857,0.27,1,0,1,Fake
user_3360,62,8,26883,946,23004,223,98,83903,47049,3156,0.01,0,1,1,Fake
user_3361,89,1,21130,345,107457,7305,103,476440,44871,1265,0.191,1,1,0,Fake
user_3362,286,16,23063,345,244885,18262,455,743899,49331,3677,0.072,1,1,0,Fake
user_3363,392,50,25710,913,216195,4059,189,132140,15118,2088,0.21,0,0,0,Fake
user_3364,140,17,24286,190,280483,42316,14,322766,39926,4431,0.127,0,1,1,Fake
user_3365,429,42,12969,261,387247,3056,396,115983,44677,56,0.202,1,1,0,Fake
user_3366,204,35,249,349,38065,41241,64,755128,1339,3183,0.032,0,0,1,Fake
user_3367,538,11,12276,826,53799,45892,283,347072,25356,3272,0.029,0,1,1,Fake
user_3368,255,41,25631,892,357019,23403,103,358621,16395,870,0.199,1,0,0,Fake
user_3369,556,2,7337,499,287607,9994,190,258579,37298,559,0.004,1,0,0,Fake
user_3370,19,46,16631,790,231358,28791,383,988069,2175,1485,0.146,0,0,0,Fake
user_3371,391,31,9293,562,376664,35193,417,915517,36998,3395,0.185,0,1,1,Fake
user_3372,367,50,8769,467,71157,4121,349,417669,47141,1075,0.241,1,0,0,Fake
user_3373,491,1,28822,679,115727,1611,488,629515,46507,268,0.224,0,0,0,Fake
user_3374,557,3,21583,98,386937,24083,335,113259,49197,1880,0.116,0,1,0,Fake
user_3375,496,5,8667,684,112477,21330,217,343543,31886,487,0.08,0,0,0,Fake
user_3376,352,20,10072,876,114541,42537,96,560544,42282,3181,0.144,1,1,1,Fake
user_3377,579,38,27475,350,194446,34022,397,354457,1013,4848,0.253,1,1,1,Fake
user_3378,514,19,29578,781,50780,43141,462,330642,15038,3035,0.146,1,0,0,Fake
user_3379,329,4,26055,531,19197,2990,163,480809,19553,601,0.087,1,0,0,Fake
user_3380,397,26,29797,269,134457,2383,238,295476,8564,3517,0.054,0,0,1,Fake
user_3381,276,23,13589,64,6133,1659,98,886932,22039,2605,0.151,0,0,1,Fake
user_3382,184,42,22062,800,481403,9960,292,613374,43385,4017,0.276,1,0,1,Fake
user_3383,26,42,7915,374,308019,31709,220,973253,7503,764,0.262,0,0,1,Fake
user_3384,326,5,136,436,214506,44722,106,30192,46213,1376,0.261,1,1,0,Fake
user_3385,224,25,29497,657,63060,11677,311,402834,39071,902,0.228,0,0,0,Fake
user_3386,30,46,29788,26,147016,47807,399,182575,29532,965,0.226,0,1,1,Fake
user_3387,287,8,13584,987,337127,8390,138,874613,44739,4541,0.147,1,1,0,Fake
user_3388,59,15,1070,556,308609,4306,460,523226,3478,3535,0.27,0,0,1,Real
user_3389,483,7,508,129,466512,20262,102,590452,8086,393,0.102,0,0,0,Fake
user_3390,542,36,860,96,235844,12209,340,848290,36196,519,0.027,1,1,1,Fake
user_3391,366,47,5025,232,468243,20957,16,397225,4531,4440,0.107,0,0,1,Fake
user_3392,598,32,25903,998,109620,30350,56,15672,48325,670,0.016,0,0,1,Fake
user_3393,238,7,12268,468,49011,43422,445,170028,24494,994,0.272,1,1,1,Fake
user_3394,163,33,27550,849,178684,12770,494,291032,36611,1079,0.117,0,1,0,Fake
user_3395,102,42,26761,113,484215,7858,96,172535,37609,1884,0.281,0,1,0,Fake
user_3396,253,37,17005,123,124103,27880,415,386843,6543,4986,0.021,1,0,0,Fake
user_3397,246,49,26870,563,320745,1734,93,474143,12309,1815,0.108,1,0,0,Fake
user_3398,272,33,24289,729,62274,39597,135,64418,26024,1602,0.14,0,0,1,Fake
user_3399,546,16,19659,302,49026,19734,482,250779,35705,485,0.208,0,1,1,Fake
user_3400,57,31,10402,129,422269,14857,150,799946,9319,1491,0.109,1,1,1,Fake
user_3401,224,5,10980,894,131238,37595,54,223236,37983,2658,0.125,1,1,0,Fake
user_3402,589,15,5584,355,414763,45370,157,232388,25641,2925,0.125,1,0,1,Fake
user_3403,397,38,18749,314,313693,8088,301,689081,30444,4781,0.258,0,1,0,Fake
user_3404,363,7,14090,463,281485,14261,303,151413,706,4161,0.124,1,0,0,Fake
user_3405,177,49,7924,446,391337,26083,99,650728,30301,4057,0.296,1,0,1,Fake
user_3406,180,20,18210,566,329833,34674,314,833437,18171,4757,0.267,1,0,1,Fake
user_3407,242,21,12824,962,491924,41126,15,354352,11478,1111,0.294,1,0,0,Fake
user_3408,325,37,6313,84,398936,45490,413,708477,7724,487,0.17,0,0,0,Fake
user_3409,367,47,20193,989,126463,5691,16,628918,21765,3515,0.126,1,1,0,Fake
user_3410,28,24,21116,887,23158,32399,320,305257,16161,1234,0.224,1,0,0,Fake
user_3411,360,47,12888,995,249567,10779,369,376267,4389,1811,0.116,0,0,0,Fake
user_3412,581,47,27149,516,361232,2299,345,190089,39214,942,0.122,1,0,0,Fake
user_3413,577,15,1690,186,145270,13006,223,976137,16316,2330,0.004,0,0,0,Fake
user_3414,145,27,26258,407,283679,7970,211,233036,41786,2792,0.171,1,0,0,Fake
user_3415,576,13,18935,839,87575,12983,97,889531,26081,4915,0.111,1,0,0,Fake
user_3416,192,9,14060,963,344612,24778,435,86577,47751,3526,0.036,1,0,1,Fake
user_3417,504,6,4222,906,397057,40791,365,337807,9079,4546,0.124,1,0,0,Fake
user_3418,555,11,20849,523,364835,22666,237,671126,22343,4136,0.259,0,1,1,Fake
user_3419,316,13,12793,199,382030,23007,30,563945,11263,4958,0.022,0,1,0,Fake
user_3420,179,17,23858,145,3332,46477,78,966391,26314,863,0.062,1,1,1,Fake
user_3421,502,28,5692,860,485610,10103,219,849797,225,165,0.1,0,1,0,Fake
user_3422,38,26,13209,696,441475,33954,214,146066,9214,4773,0.295,0,0,0,Fake
user_3423,92,16,29627,227,256664,25609,10,550880,11418,3169,0.056,1,0,1,Fake
user_3424,57,37,10424,794,428377,11535,144,405667,7410,882,0.078,1,1,1,Fake
user_3425,238,3,16950,17,113434,47241,480,237355,27750,4675,0.111,0,0,1,Fake
user_3426,224,31,5191,203,417187,1755,435,48329,37446,3314,0.022,1,1,1,Fake
user_3427,20,34,14332,751,215906,39382,466,293112,48167,4485,0.045,1,1,1,Fake
user_3428,539,23,7568,762,465288,42262,185,21239,49593,396,0.118,1,0,1,Fake
user_3429,489,44,3262,362,173405,12221,433,955932,1643,2360,0.121,1,1,0,Fake
user_3430,0,7,23266,538,52477,37723,439,868367,36071,2943,0.178,1,1,1,Fake
user_3431,339,20,26252,615,46509,47595,36,146613,46388,252,0.024,0,0,1,Fake
user_3432,206,34,4139,798,264084,41364,307,634494,33426,2816,0.044,0,0,0,Fake
user_3433,133,27,16523,155,305596,31761,194,456217,29851,1337,0.213,1,1,1,Fake
user_3434,348,30,3878,576,120234,16130,230,411366,24041,729,0.271,0,1,0,Fake
user_3435,181,43,20691,880,484867,22542,109,192750,18110,533,0.135,1,0,0,Fake
user_3436,331,15,18904,543,301819,8376,104,948773,33711,1154,0.222,1,0,0,Fake
user_3437,60,17,25699,537,145579,47129,44,924578,685,401,0.094,0,1,1,Fake
user_3438,22,50,12845,48,48,24479,254,723683,9277,1778,0.252,0,0,1,Fake
user_3439,151,9,27624,819,223926,40328,438,647219,39549,3458,0.21,0,1,0,Fake
user_3440,600,23,24974,545,365103,23084,155,629244,15198,48,0.116,0,1,0,Fake
user_3441,145,30,20555,371,182954,43206,341,95049,13040,4250,0.146,0,1,1,Fake
user_3442,113,45,8527,552,490028,44753,30,464122,24120,1003,0.091,1,1,1,Fake
user_3443,538,23,27437,235,187118,13972,19,165603,35732,3317,0.145,1,1,0,Fake
user_3444,373,19,18117,710,394960,15376,377,104027,15125,2245,0.226,0,0,0,Fake
user_3445,74,1,5211,969,237164,9722,128,508950,49545,845,0.152,0,1,1,Fake
user_3446,382,41,10564,543,291654,11074,324,309844,32996,4561,0.182,0,1,0,Fake
user_3447,405,38,6676,170,364872,9881,48,997487,19532,109,0.123,0,1,1,Fake
user_3448,600,2,3055,383,86137,41938,35,164599,12591,2073,0.059,1,1,0,Fake
user_3449,103,47,3056,162,14103,45431,387,629395,44724,2089,0.171,1,0,0,Fake
user_3450,344,42,840,102,387396,29012,399,145578,40734,3334,0.279,1,0,0,Fake
user_3451,309,3,14333,696,51123,14866,53,869500,41862,348,0.018,1,0,0,Fake
user_3452,330,44,378,169,328836,45830,304,137386,5418,4432,0.049,1,1,0,Fake
user_3453,139,50,20607,650,299737,40366,122,27727,279,617,0.188,0,0,0,Fake
user_3454,161,42,25232,649,11199,12458,135,316707,26755,4092,0.078,0,1,1,Fake
user_3455,447,15,19440,879,349856,34223,199,91239,23729,837,0.061,0,1,1,Fake
user_3456,498,16,5015,633,144314,39543,400,427054,29401,2102,0.171,1,1,1,Fake
user_3457,324,35,911,231,100948,39840,112,486550,15683,312,0.249,1,1,0,Fake
user_3458,178,24,20253,863,90213,11423,285,567881,21382,4520,0.055,1,1,1,Fake
user_3459,575,19,23185,952,431129,93,327,972670,5535,1934,0.229,1,0,0,Fake
user_3460,365,40,17815,769,82289,18830,100,806458,31458,2237,0.244,1,1,1,Fake
user_3461,228,44,2581,733,122798,23828,78,185423,20414,3480,0.22,1,1,0,Fake
user_3462,179,23,18736,155,386649,31043,92,949142,22155,4619,0.127,0,0,1,Fake
user_3463,387,43,12530,553,23700,45297,162,125014,16627,2667,0.04,1,0,1,Fake
user_3464,314,7,828,964,384009,45448,438,376630,24732,2159,0.001,1,1,1,Fake
user_3465,301,34,24324,978,94052,14552,247,717747,37611,2297,0.036,1,0,1,Fake
user_3466,130,15,24057,624,102684,23202,57,252432,14265,4636,0.145,0,0,1,Fake
user_3467,181,28,4277,434,433731,14778,54,619016,45237,2886,0.122,1,1,0,Fake
user_3468,1,24,14867,878,109613,8467,496,184646,46269,244,0.275,1,0,0,Fake
user_3469,586,0,20790,207,103622,14852,313,943558,22620,3309,0.23,1,0,1,Fake
user_3470,400,25,20693,285,69535,27736,123,425847,8003,94,0.033,1,1,0,Fake
user_3471,581,16,25480,50,154664,27972,205,401027,1703,4838,0.117,0,1,1,Fake
user_3472,33,19,11734,982,241620,5708,446,633469,10677,2723,0.292,0,1,0,Fake
user_3473,186,5,6113,992,32125,33244,12,220112,48129,4108,0.226,1,0,0,Fake
user_3474,325,48,7855,971,346901,22938,365,497904,5340,284,0.027,0,1,1,Fake
user_3475,226,15,21381,410,235650,2277,33,900137,19939,3391,0.248,0,0,1,Fake
user_3476,579,19,29422,303,118292,30771,224,874735,3085,1078,0.259,1,0,0,Fake
user_3477,106,13,7266,399,324348,26024,20,5194,5795,3741,0.073,1,0,0,Real
user_3478,508,10,9729,922,70524,6005,487,415461,9865,2148,0.299,0,0,1,Fake
user_3479,144,28,6351,534,16510,3208,280,232040,35591,2789,0.195,0,0,1,Fake
user_3480,339,40,17544,995,61801,36125,83,132332,16026,3263,0.251,0,0,1,Fake
user_3481,79,20,27540,431,380498,30088,246,859210,12412,3540,0.109,1,1,0,Fake
user_3482,243,49,8036,915,478277,2985,258,372193,5687,4867,0.104,1,0,1,Fake
user_3483,355,41,23799,487,379616,33518,347,788030,37444,4567,0.244,1,1,1,Fake
user_3484,327,26,25559,479,107040,12283,29,34620,21654,1805,0.001,0,0,1,Fake
user_3485,171,50,26446,329,192226,25499,174,225914,24093,4475,0.236,0,0,0,Fake
user_3486,90,2,25757,139,328797,39789,214,126993,33634,2853,0.052,0,1,1,Fake
user_3487,343,17,12389,738,396670,32626,153,879756,41601,4681,0.004,0,0,1,Fake
user_3488,457,5,25244,960,461460,7916,214,241831,38201,332,0.057,1,0,1,Fake
user_3489,11,49,8535,307,399031,33139,66,614852,46303,3990,0.125,1,0,0,Fake
user_3490,271,31,21602,0,157073,10380,482,164512,31600,2112,0.062,0,0,0,Fake
user_3491,214,30,1695,76,437647,13100,360,524405,37110,1160,0.221,0,0,0,Fake
user_3492,255,47,9010,257,360059,24977,393,47351,37892,4983,0.147,0,1,1,Fake
user_3493,69,26,2718,725,226399,2528,224,316743,782,2246,0.112,0,0,0,Fake
user_3494,358,21,4711,569,80703,6466,435,557463,14453,640,0.186,1,0,1,Fake
user_3495,262,45,20559,684,360666,927,440,818135,22208,2498,0.087,1,0,0,Fake
user_3496,110,27,758,319,33170,32203,38,983166,49700,1172,0.23,1,1,0,Fake
user_3497,1,6,20918,213,437056,8171,252,861220,39511,131,0.156,1,0,0,Fake
user_3498,49,10,18984,945,472465,10221,233,375696,29739,2378,0.24,0,1,1,Fake
user_3499,395,44,28407,751,83397,25980,455,7958,6551,2941,0.001,0,1,0,Fake
user_3500,448,16,3388,627,248370,6538,76,193930,32294,3721,0.089,1,1,1,Fake
user_3501,429,32,3635,608,198226,23214,210,158569,32305,3629,0.003,0,1,1,Fake
user_3502,170,4,15044,982,3996,42258,154,47273,5337,3531,0.292,0,1,0,Fake
user_3503,423,22,19526,68,89849,36282,121,438290,31846,1467,0.011,1,1,1,Fake
user_3504,504,26,4020,60,196364,14566,372,99845,45826,2590,0.257,1,1,0,Fake
user_3505,387,38,3508,773,18417,36587,279,704039,1758,1560,0.048,1,0,0,Fake
user_3506,359,46,4647,420,279461,44418,375,613457,12599,4371,0.061,0,1,0,Fake
user_3507,559,35,9255,143,91800,36714,490,51116,2140,2356,0.065,1,0,0,Fake
user_3508,384,47,8585,147,358843,41426,191,111403,22636,3720,0.038,1,0,0,Fake
user_3509,103,20,29314,492,441926,11985,15,604456,26922,3327,0.23,0,1,1,Fake
user_3510,490,29,5918,842,468136,46274,17,250986,32788,3199,0.052,1,0,0,Fake
user_3511,591,44,3040,164,220387,5874,303,674220,29615,4954,0.133,1,0,1,Fake
user_3512,230,1,2535,782,56898,32308,176,255347,3734,701,0.259,1,0,1,Real
user_3513,166,48,16195,995,44473,43661,126,221927,37560,4919,0.296,1,1,1,Fake
user_3514,462,3,27676,826,400774,41305,247,391823,19887,2829,0.062,0,1,0,Fake
user_3515,75,41,11842,999,82593,28491,98,649063,4830,1599,0.238,0,1,1,Fake
user_3516,34,41,29907,973,111036,46363,112,236656,8491,367,0.038,0,0,0,Fake
user_3517,301,11,27469,248,38384,49941,148,513182,16623,784,0.217,1,0,0,Fake
user_3518,20,40,6814,400,80603,17179,226,633544,45786,3200,0.236,0,0,1,Fake
user_3519,326,28,12805,805,217607,35004,56,510880,25033,2340,0.252,1,0,0,Fake
user_3520,267,50,3298,163,56853,16926,237,88869,315,4058,0.024,1,1,1,Fake
user_3521,107,41,16090,661,227865,26380,432,633028,21624,1138,0.167,0,0,1,Fake
user_3522,75,8,26065,429,120196,31357,227,64795,6109,4296,0.207,1,1,0,Fake
user_3523,350,0,719,400,366837,13127,347,2161,25700,3283,0.045,0,1,1,Fake
user_3524,174,25,13557,605,426036,21254,85,60958,16604,1011,0.29,0,1,1,Fake
user_3525,384,12,2410,198,87130,29007,448,677513,35446,3845,0.25,1,0,0,Fake
user_3526,164,40,15942,254,139534,49397,124,22731,15195,2404,0.162,0,0,1,Fake
user_3527,76,19,20502,854,374182,17213,354,192735,49857,3074,0.206,0,1,1,Fake
user_3528,560,20,2500,358,272767,8586,66,743160,41588,4249,0.129,0,1,0,Fake
user_3529,95,36,6890,72,374196,9512,115,610027,41366,2622,0.247,1,0,0,Fake
user_3530,346,5,22522,231,290978,13750,454,679509,36390,4771,0.211,1,0,1,Fake
user_3531,494,7,13759,986,463380,14201,463,358184,38705,117,0.175,0,1,1,Fake
user_3532,31,10,12296,971,355017,45275,111,451188,21021,1103,0.152,1,0,1,Fake
user_3533,441,15,29154,282,278326,10011,412,104280,13686,3173,0.295,1,1,1,Fake
user_3534,168,33,10275,143,498056,9282,220,395085,15667,1060,0.29,1,1,1,Fake
user_3535,444,45,20760,914,472338,10576,68,153327,29374,4986,0.198,1,1,1,Fake
user_3536,160,49,29763,411,488663,46666,16,193153,25243,3653,0.169,0,1,0,Fake
user_3537,54,41,14774,126,310212,33315,339,882572,36609,3179,0.06,1,0,1,Fake
user_3538,103,48,26494,743,471321,1106,489,357052,16965,694,0.195,0,1,1,Fake
user_3539,339,8,5279,757,480844,41598,415,394865,7556,990,0.199,0,0,1,Fake
user_3540,210,38,5891,599,307033,6955,326,750300,49548,3196,0.019,0,1,1,Fake
user_3541,194,43,9789,967,173040,49439,142,752816,36526,3169,0.031,0,1,1,Fake
user_3542,419,26,332,688,464722,39808,154,709901,29723,1123,0.197,0,1,1,Fake
user_3543,567,50,29610,155,237531,19138,374,294411,26457,4424,0.049,0,1,0,Fake
user_3544,553,20,5854,210,82521,16630,57,734017,29983,3268,0.229,0,0,1,Fake
user_3545,271,28,21615,454,434517,10090,232,516139,30460,3566,0.14,0,0,1,Fake
user_3546,288,30,18589,145,311568,22682,163,67098,43727,64,0.239,1,1,0,Fake
user_3547,304,47,20683,688,279365,36714,80,539096,28546,1553,0.009,1,1,0,Fake
user_3548,243,8,19878,282,346300,43932,490,775906,3974,2526,0.282,0,0,0,Fake
user_3549,98,16,28010,778,297425,48533,112,386364,615,4888,0.191,0,0,0,Fake
user_3550,50,11,1030,335,113029,37098,376,371088,25413,4276,0.127,0,1,0,Real
user_3551,402,43,3840,11,499970,10111,60,628833,18337,1044,0.118,1,1,1,Fake
user_3552,585,37,11233,652,235436,47012,209,324119,14708,2212,0.118,1,1,0,Fake
user_3553,562,20,11363,120,222762,43581,188,2576,20326,3276,0.216,1,1,0,Fake
user_3554,502,18,15856,533,90248,44913,151,762413,21272,4492,0.185,1,0,0,Fake
user_3555,157,12,20119,318,320313,41375,470,471331,42995,4870,0.144,0,0,1,Fake
user_3556,55,5,19660,536,438666,12067,428,607510,46819,3383,0.152,1,0,0,Fake
user_3557,369,26,17907,105,416660,11707,157,651846,38477,3957,0.195,1,1,1,Fake
user_3558,3,23,164,790,233347,48119,69,851334,46922,376,0.048,0,1,1,Fake
user_3559,437,11,5190,643,146368,23182,478,942164,29821,1023,0.285,1,1,1,Fake
user_3560,89,25,17096,612,165533,26543,393,149554,44323,3242,0.098,0,0,0,Fake
user_3561,301,24,24303,482,136434,3746,110,237926,41616,3027,0.155,1,1,1,Fake
user_3562,491,36,8339,237,317866,24708,245,493,43797,3100,0.101,0,1,0,Fake
user_3563,204,14,3984,676,112274,11995,101,299530,15281,1289,0.058,1,0,1,Real
user_3564,99,1,6319,448,485602,40496,247,832487,5244,4076,0.293,0,1,1,Fake
user_3565,26,1,19861,305,384520,22120,250,817507,41880,4022,0.147,1,0,0,Fake
user_3566,211,35,968,841,418540,13832,347,360845,49975,2419,0.015,0,1,1,Fake
user_3567,174,41,17562,127,404650,24352,468,762268,30960,367,0.052,1,1,1,Fake
user_3568,298,39,754,554,438107,42997,208,842846,49827,1295,0.199,0,1,1,Fake
user_3569,83,40,16973,760,10500,3231,277,227745,15488,515,0.083,1,0,0,Fake
user_3570,484,14,16768,624,102901,25533,195,143357,2923,2981,0.298,0,1,1,Fake
user_3571,118,5,24935,465,212764,15875,254,778986,14919,4073,0.25,0,1,0,Fake
user_3572,315,29,4992,157,154945,41643,496,245715,14797,1082,0.147,1,1,0,Fake
user_3573,407,12,7087,72,196883,47320,225,86868,11602,1689,0.066,1,1,0,Fake
user_3574,482,16,28405,901,405042,31377,467,403775,17314,710,0.19,0,0,1,Fake
user_3575,500,44,11956,772,280728,16032,480,682507,38020,1208,0.059,1,0,1,Fake
user_3576,271,10,3761,932,243724,4369,395,658007,27538,2640,0.223,0,0,0,Fake
user_3577,93,3,29444,737,486144,42451,26,491491,49048,1212,0.198,0,1,1,Fake
user_3578,557,25,7109,349,47723,7519,226,488084,47353,2240,0.047,1,0,0,Fake
user_3579,396,39,966,896,458607,34837,449,960547,47532,1468,0.075,1,0,1,Fake
user_3580,189,27,10732,278,304822,3632,364,819818,29569,1663,0.103,1,1,0,Fake
user_3581,379,38,4540,972,60475,17796,116,560437,21845,2786,0.254,0,1,0,Fake
user_3582,390,16,7201,41,417648,26005,414,805704,49475,1240,0.134,0,0,1,Fake
user_3583,378,9,2734,390,364127,44805,138,79134,32759,2798,0.207,1,1,0,Fake
user_3584,191,5,23846,858,66468,32229,319,298701,17303,3197,0.124,0,1,1,Fake
user_3585,456,23,22662,912,472294,18073,159,347600,22300,277,0.249,1,1,0,Fake
user_3586,45,10,4147,261,28202,6851,102,395150,7622,5,0.175,1,1,0,Real
user_3587,269,36,8768,115,120448,15487,329,303694,21,4268,0.103,0,1,1,Fake
user_3588,450,7,8967,641,386402,413,33,462518,19804,2629,0.244,1,1,1,Fake
user_3589,476,0,15780,477,367142,31822,429,769567,35575,4280,0.248,0,1,0,Fake
user_3590,269,45,6528,436,279730,43843,152,301926,18409,2530,0.219,1,1,0,Fake
user_3591,231,33,3013,599,497844,20660,460,878567,34952,4916,0.016,1,0,0,Fake
user_3592,275,27,11421,172,449406,15015,229,256967,2830,3198,0.121,1,1,0,Fake
user_3593,577,49,23202,897,59330,36627,424,465502,38446,512,0.136,1,0,0,Fake
user_3594,63,29,18071,726,293635,19981,45,13472,19888,3707,0.018,0,0,0,Fake
user_3595,154,43,21362,708,251302,7997,252,820375,45934,1472,0.237,0,0,0,Fake
user_3596,99,31,9644,886,206887,42808,177,776040,28756,884,0.038,1,0,0,Fake
user_3597,87,7,15304,813,476752,36810,449,124014,47537,2965,0.257,0,1,0,Fake
user_3598,352,14,24418,498,340606,21230,184,644810,14235,463,0.119,1,1,0,Fake
user_3599,554,45,26509,776,304434,9731,61,310072,7672,2781,0.046,0,1,1,Fake
user_3600,423,13,16246,298,373528,888,271,990884,35481,1230,0.255,1,1,0,Fake
user_3601,232,12,14288,230,386721,43253,291,793705,6077,67,0.187,1,1,0,Fake
user_3602,566,50,16798,535,428188,4701,235,369878,22573,2948,0.239,1,0,0,Fake
user_3603,62,17,13105,105,70893,14401,20,205323,25363,1865,0.181,1,0,1,Fake
user_3604,396,18,6326,90,27699,25255,54,710598,1280,2707,0.15,0,1,1,Fake
user_3605,535,47,8195,749,271557,11437,437,644118,22341,1631,0.048,0,1,1,Fake
user_3606,428,31,5667,617,94263,26299,443,733268,18973,718,0.217,1,1,1,Fake
user_3607,548,24,6484,982,282604,43325,263,956760,10629,1543,0.287,1,1,0,Fake
user_3608,486,8,22513,613,459170,3757,327,109481,31696,975,0.071,0,1,0,Fake
user_3609,586,27,27722,885,121530,33339,325,964686,3372,4219,0.151,0,1,1,Fake
user_3610,241,13,29075,371,418876,18797,299,84179,29819,2229,0.051,1,0,0,Fake
user_3611,487,38,23507,247,66284,43513,106,702629,38951,3043,0.001,0,1,1,Fake
user_3612,306,13,9210,890,126082,26168,98,473285,38251,3389,0.214,0,0,1,Fake
user_3613,80,18,12872,870,476054,15023,163,523190,23585,136,0.098,0,1,1,Fake
user_3614,404,46,3371,680,26611,37415,367,448694,37992,2698,0.083,1,1,0,Fake
user_3615,35,43,19124,506,266556,47192,103,441157,47062,1883,0.14,1,0,0,Fake
user_3616,514,12,25990,856,449998,31033,31,746060,19588,2360,0.149,0,1,1,Fake
user_3617,584,26,25114,718,318191,43047,461,448802,31281,1223,0.08,1,1,1,Fake
user_3618,529,11,19253,986,285039,23945,96,356496,27102,1984,0.027,1,1,1,Fake
user_3619,585,26,10210,442,463691,25304,156,61250,7691,1224,0.12,0,0,0,Fake
user_3620,150,50,5428,431,38887,4145,296,361340,6893,1039,0.025,1,0,0,Fake
user_3621,123,9,26021,58,126612,20567,122,185383,7045,1012,0.257,1,0,1,Fake
user_3622,459,1,6744,653,282592,47873,237,690836,3357,54,0.132,1,0,0,Fake
user_3623,177,18,23660,107,289552,18143,167,493807,31727,4952,0.252,1,1,0,Fake
user_3624,171,16,15985,885,43813,31204,146,679584,37757,697,0.041,0,0,1,Fake
user_3625,216,15,14203,788,177792,2951,405,939870,30976,1203,0.271,1,0,0,Fake
user_3626,197,39,28929,286,275290,23693,146,796567,25703,4740,0.05,1,1,1,Fake
user_3627,129,28,14619,862,281839,20868,49,438399,20098,2218,0.04,0,0,1,Fake
user_3628,43,15,13885,741,49040,16477,403,70146,29463,2114,0.284,0,0,0,Fake
user_3629,433,23,19540,750,136135,37268,264,131094,23727,1853,0.225,0,1,1,Fake
user_3630,80,37,24480,282,136912,4765,96,27790,19000,892,0.033,0,0,0,Fake
user_3631,445,43,8902,926,174103,11421,122,821825,44145,2270,0.17,1,1,0,Fake
user_3632,206,41,26735,257,287785,41039,147,603454,48705,615,0.098,0,0,0,Fake
user_3633,151,29,10444,655,71397,43233,186,167899,23009,2302,0.081,0,0,1,Fake
user_3634,264,5,20411,520,434168,4410,229,580674,27415,253,0.279,0,0,1,Fake
user_3635,327,0,3524,336,93485,24136,409,90744,22375,4409,0.2,1,1,0,Fake
user_3636,68,30,19899,429,23078,5667,181,861265,30234,3977,0.007,1,1,1,Fake
user_3637,89,8,12551,682,224248,28057,417,734310,9821,4194,0.257,1,1,0,Fake
user_3638,397,20,14067,856,257167,47210,110,679480,33537,1822,0.039,1,0,1,Fake
user_3639,569,44,6544,257,445773,17541,266,336752,37045,2172,0.091,0,1,1,Fake
user_3640,406,25,18584,365,439301,4719,431,499950,29878,1612,0.257,1,0,0,Fake
user_3641,565,43,11564,85,107636,5078,209,574032,9941,3814,0.174,0,1,1,Fake
user_3642,333,13,12253,13,73249,37108,303,57613,10906,3946,0.089,1,1,0,Fake
user_3643,282,45,29422,103,420935,44120,140,426539,25388,4847,0.201,1,1,1,Fake
user_3644,532,24,20732,730,414202,22427,239,694346,44769,4456,0.223,1,0,1,Fake
user_3645,469,45,26848,825,115609,21623,301,77782,37789,1238,0.077,0,1,1,Fake
user_3646,12,27,2105,497,366359,28066,399,835876,13768,2488,0.258,0,0,0,Fake
user_3647,535,47,14726,248,333577,17800,15,756402,19401,369,0.137,0,1,1,Fake
user_3648,429,38,5480,599,46862,1108,94,655305,33220,1217,0.25,0,1,1,Fake
user_3649,115,16,29145,506,271557,37327,193,62782,22141,791,0.296,0,1,1,Fake
user_3650,424,4,1106,226,77501,43943,457,163451,17587,940,0.259,0,1,0,Fake
user_3651,153,6,16756,605,327596,5985,160,138459,44584,3498,0.023,0,1,1,Fake
user_3652,151,35,8292,444,231917,37763,405,257851,1620,4349,0.264,1,1,1,Fake
user_3653,580,3,19230,681,37452,47244,284,72611,49690,1206,0.276,1,0,0,Fake
user_3654,596,3,13428,272,221313,24639,199,707969,13318,1868,0.161,1,1,1,Fake
user_3655,102,21,9616,106,377969,38825,391,119408,38008,759,0.131,1,1,0,Fake
user_3656,108,15,19788,799,332322,13862,125,409774,682,1777,0.188,1,0,1,Fake
user_3657,576,30,27088,846,286642,38727,203,501702,39901,4031,0.005,0,1,1,Fake
user_3658,103,22,28745,725,42025,21039,441,656475,33257,4635,0.221,0,0,1,Fake
user_3659,292,38,21138,499,386788,29547,399,573670,16896,4235,0.264,1,1,0,Fake
user_3660,548,42,17383,574,398532,35856,80,712772,44910,661,0.01,0,1,1,Fake
user_3661,352,38,11542,621,168738,32548,224,972408,24918,4114,0.268,0,0,0,Fake
user_3662,420,45,13051,857,241643,23445,296,463259,34630,893,0.255,1,0,0,Fake
user_3663,270,47,981,579,86315,12115,300,25208,22863,126,0.209,0,0,1,Fake
user_3664,392,2,3756,384,357217,3945,31,405150,48604,349,0.178,0,0,1,Fake
user_3665,497,0,5895,621,144866,31271,153,659763,27319,4643,0.216,1,0,0,Fake
user_3666,585,16,26510,531,444190,34,362,866024,747,3136,0.223,0,0,1,Fake
user_3667,484,32,10573,891,177042,8984,249,501034,28434,1233,0.155,0,0,1,Fake
user_3668,38,39,14070,947,15707,1190,98,663340,24835,2545,0.042,0,1,0,Fake
user_3669,176,24,25916,683,17357,16621,111,448348,47419,1332,0.062,1,0,1,Fake
user_3670,282,19,6092,391,401331,11057,274,214431,38674,3345,0.209,0,0,0,Real
user_3671,412,25,11722,43,6044,28481,232,351587,47770,2816,0.292,1,1,1,Fake
user_3672,147,42,8038,616,408969,10374,385,258027,39155,3794,0.235,1,1,1,Fake
user_3673,411,23,2380,110,14324,43690,371,142064,11927,4254,0.109,0,1,1,Fake
user_3674,39,8,7051,604,406482,977,146,158511,42595,3565,0.281,0,0,0,Real
user_3675,405,35,21527,858,348589,4660,42,208061,47043,1778,0.177,1,1,1,Fake
user_3676,339,2,12178,812,362221,40812,344,717179,26720,2723,0.056,0,0,1,Fake
user_3677,243,37,12188,658,12691,42731,16,509916,4435,2962,0.242,1,1,0,Fake
user_3678,50,11,4752,976,452400,32514,500,129084,14318,4128,0.277,1,1,1,Fake
user_3679,486,16,25543,100,424462,6297,11,565340,34039,3878,0.174,1,0,1,Fake
user_3680,275,10,10303,589,379107,8909,314,373015,8664,3699,0.085,0,0,0,Fake
user_3681,381,32,4007,97,15910,47773,183,614228,26854,2312,0.046,0,0,1,Fake
user_3682,20,31,315,120,43848,43360,126,162856,35904,2841,0.138,1,1,1,Fake
user_3683,345,21,10439,989,169081,5885,266,75090,31218,1044,0.125,1,1,1,Fake
user_3684,310,29,22553,782,86467,9808,457,911217,2213,3416,0.032,1,1,0,Fake
user_3685,318,8,357,244,397178,20151,182,144765,40946,1746,0.233,0,0,0,Fake
user_3686,287,5,23488,369,389125,4803,330,396939,29023,2461,0.201,0,1,0,Fake
user_3687,503,20,10776,594,423610,13224,463,858506,28882,4114,0.123,0,1,0,Fake
user_3688,100,45,7004,688,333992,37458,170,666641,29898,4281,0.212,1,0,0,Fake
user_3689,233,33,15249,726,307149,15967,256,541921,28772,4367,0.148,0,1,1,Fake
user_3690,137,27,18594,925,42500,49276,389,755458,39068,1177,0.012,1,0,0,Fake
user_3691,307,9,26058,618,43323,46953,493,298302,24548,1600,0.281,0,1,1,Fake
user_3692,453,16,10536,431,360687,28180,147,678556,30696,4046,0.041,1,0,1,Fake
user_3693,328,7,29450,834,99835,40652,99,537530,2679,1221,0.201,0,0,0,Fake
user_3694,275,20,7623,403,252067,26445,56,385492,49602,2576,0.009,0,0,1,Real
user_3695,426,2,18403,735,499692,30327,210,434199,42877,2546,0.257,1,0,0,Fake
user_3696,91,8,2170,762,422247,34863,381,231389,13442,2420,0.067,1,0,0,Real
user_3697,192,31,12635,40,51516,37128,152,955897,37322,1521,0.19,1,1,0,Fake
user_3698,452,17,9293,355,230151,42419,130,522170,37027,1050,0.064,0,1,0,Fake
user_3699,216,47,19719,662,410858,29747,174,87858,26625,2637,0.282,0,0,1,Fake
user_3700,416,23,6952,807,468867,26606,409,87164,9457,1659,0.03,1,0,1,Fake
user_3701,496,27,17277,450,282607,2381,312,299962,24657,2678,0.02,1,0,0,Fake
user_3702,528,18,7125,872,339501,37119,318,886888,14602,956,0.003,1,1,0,Fake
user_3703,382,16,3372,471,194793,34289,18,159616,32571,553,0.274,1,0,0,Fake
user_3704,57,39,18381,587,30014,31101,437,635724,30699,3816,0.185,0,1,1,Fake
user_3705,527,48,9111,884,412858,14130,418,326703,38617,4312,0.119,1,1,0,Fake
user_3706,162,16,23470,535,330745,4862,26,201919,12041,4563,0.143,1,0,1,Fake
user_3707,67,33,19919,38,392414,10811,307,22621,48852,1528,0.294,1,1,1,Fake
user_3708,318,20,28945,962,317126,27942,409,41987,49728,4534,0.133,1,1,0,Fake
user_3709,518,27,26457,408,13548,32148,122,30322,29100,206,0.283,0,0,1,Fake
user_3710,413,10,28177,832,377081,31711,254,984570,4571,2712,0.06,1,1,1,Fake
user_3711,138,20,21998,824,78525,15160,283,782717,43914,377,0.133,0,1,1,Fake
user_3712,536,47,2451,643,185250,5236,49,256734,5596,2044,0.089,1,1,0,Fake
user_3713,582,31,18807,762,164020,39448,144,475587,3615,2062,0.075,0,1,1,Fake
user_3714,29,48,29250,796,198728,12148,354,870504,28691,2755,0.067,0,0,1,Fake
user_3715,177,9,21176,442,352415,8641,228,353005,49760,2994,0.269,1,0,0,Fake
user_3716,197,35,13819,685,60375,28694,35,810453,15621,1887,0.108,1,1,0,Fake
user_3717,205,42,22352,929,416646,42731,166,952453,23435,4538,0.145,0,1,1,Fake
user_3718,59,40,24779,26,479335,25519,260,257591,8074,4319,0.138,1,1,0,Fake
user_3719,255,28,14260,221,264251,44233,443,597476,8520,1529,0.03,1,0,1,Fake
user_3720,33,3,10413,580,338484,1855,341,788887,36300,4184,0.189,0,0,0,Fake
user_3721,467,12,26653,185,151971,30171,335,564001,39129,3864,0.001,1,0,0,Fake
user_3722,51,9,10489,24,394542,22224,220,592025,27488,1301,0.122,1,0,0,Fake
user_3723,369,3,6492,645,153164,45577,387,951964,11297,58,0.257,0,0,0,Fake
user_3724,203,14,6459,968,136736,37799,58,730742,12283,2146,0.147,1,0,0,Fake
user_3725,280,11,1627,336,83505,34761,160,155716,43298,3615,0.086,0,1,1,Real
user_3726,377,2,26303,101,44585,35046,123,916142,2128,3249,0.259,1,1,1,Fake
user_3727,475,30,16185,299,286143,40739,243,255107,26664,3873,0.058,0,1,1,Fake
user_3728,517,16,16339,942,426123,31139,268,737189,35365,3564,0.122,0,0,1,Fake
user_3729,406,10,1533,422,77565,42516,499,731163,42805,3110,0.143,1,1,1,Fake
user_3730,126,45,8992,821,314755,35697,474,76702,11005,3103,0.095,0,0,1,Fake
user_3731,31,29,13803,29,350299,27548,277,217243,18836,362,0.117,0,1,0,Fake
user_3732,247,27,3907,746,302191,23095,144,150157,13219,4360,0.135,0,0,0,Fake
user_3733,381,7,4066,467,283122,15547,151,272266,10745,1052,0.18,0,0,0,Fake
user_3734,500,31,14836,869,249969,41772,118,458598,15193,4426,0.023,0,0,0,Fake
user_3735,456,2,5607,912,150567,13631,244,361317,12621,4472,0.075,1,0,1,Fake
user_3736,181,28,19707,259,257498,41350,36,628556,44853,4056,0.179,1,1,1,Fake
user_3737,485,22,10711,367,273794,44888,212,690702,15850,2451,0.177,0,0,1,Fake
user_3738,600,45,19371,838,477235,37464,382,656795,3400,2629,0.223,0,1,1,Fake
user_3739,564,35,12545,699,402646,45762,202,526599,9378,4100,0.103,1,1,0,Fake
user_3740,358,31,7747,352,40162,45414,52,892817,14134,3659,0.296,1,0,1,Fake
user_3741,352,29,18887,360,78945,20235,287,398562,40421,647,0.268,0,1,1,Fake
user_3742,167,31,696,996,92130,13304,395,398447,38626,1059,0.196,1,1,0,Fake
user_3743,264,7,9340,988,432200,7555,241,642363,15059,455,0.149,1,0,0,Fake
user_3744,92,46,584,254,400151,39493,441,218829,16530,3871,0.29,1,1,1,Fake
user_3745,291,9,21091,283,151507,6009,343,132969,18345,2567,0.216,1,0,0,Fake
user_3746,28,7,25667,456,262886,41285,448,502003,24843,1700,0.015,1,1,0,Fake
user_3747,395,22,28052,802,325926,25049,189,791638,1478,591,0.106,0,1,1,Fake
user_3748,50,5,18866,48,413301,21549,459,561378,26288,1762,0.29,1,1,1,Fake
user_3749,166,13,152,332,22261,20235,222,748269,46423,3195,0.129,1,0,1,Real
user_3750,585,18,29872,469,164686,12345,141,270380,1804,4550,0.037,1,0,1,Fake
user_3751,219,11,15131,715,198938,2023,468,108298,24762,2948,0.255,1,1,0,Fake
user_3752,226,10,9318,650,245825,33586,222,514734,37093,4949,0.099,0,0,1,Real
user_3753,230,47,4294,269,21172,44047,444,691127,16946,1553,0.294,0,1,0,Fake
user_3754,211,32,27578,787,265889,47518,249,580642,46381,841,0.041,1,0,1,Fake
user_3755,275,17,13199,812,227902,37894,77,211503,14848,3042,0.177,0,0,0,Fake
user_3756,419,36,1212,164,245006,41742,357,840378,44567,1116,0.053,1,0,0,Fake
user_3757,525,42,29354,214,13763,21946,458,716189,151,3245,0.252,0,1,0,Fake
user_3758,20,37,17480,571,23145,11907,208,521071,26137,1051,0.126,1,0,0,Fake
user_3759,9,13,17285,789,314159,15281,396,432783,40106,780,0.095,0,1,1,Fake
user_3760,485,37,1281,884,25613,8171,129,359135,22530,282,0.295,0,0,1,Fake
user_3761,135,0,11055,560,1465,9485,216,597819,42884,3938,0.233,0,0,0,Fake
user_3762,177,33,21128,663,347098,2993,293,75055,8553,2421,0.268,0,0,1,Fake
user_3763,8,49,533,329,136988,10390,483,925247,12499,673,0.206,1,1,1,Fake
user_3764,229,36,2275,758,464410,7933,424,357383,22349,2104,0.169,1,1,1,Fake
user_3765,258,11,15397,410,128771,38410,471,939017,28681,2157,0.155,1,0,0,Fake
user_3766,312,26,3116,771,198126,4538,410,220525,35237,1801,0.092,1,0,0,Fake
user_3767,281,4,27192,356,181063,23066,44,964008,25676,31,0.255,1,0,0,Fake
user_3768,433,15,26296,799,333797,1541,198,549236,21175,997,0.234,1,1,0,Fake
user_3769,385,49,13601,835,179038,22878,347,146235,9212,124,0.116,1,1,0,Fake
user_3770,357,31,23699,176,46498,31869,162,43247,39242,3175,0.25,1,1,0,Fake
user_3771,470,43,9863,864,189512,24781,461,98825,20022,668,0.183,1,0,1,Fake
user_3772,258,6,9000,511,379531,17844,365,103139,5920,2272,0.14,1,1,1,Real
user_3773,223,21,10393,877,270475,18532,54,816781,8948,2344,0.22,1,1,1,Fake
user_3774,477,1,24696,91,144220,36899,275,288139,33151,2912,0.012,1,1,1,Fake
user_3775,309,18,11331,341,277891,41948,200,699713,22520,1166,0.021,0,0,0,Fake
user_3776,533,43,13118,360,78621,29890,428,913098,15888,4840,0.174,0,1,0,Fake
user_3777,406,43,2613,631,212432,18618,274,31807,31614,4894,0.017,1,0,0,Fake
user_3778,598,7,18233,551,198034,31453,392,854091,46884,3128,0.267,1,0,1,Fake
user_3779,104,25,25382,757,295174,451,321,406674,3182,2505,0.01,1,1,1,Fake
user_3780,7,23,10262,824,64457,46593,302,842875,2163,2887,0.063,0,1,1,Fake
user_3781,523,37,16181,856,123628,3272,27,370251,25070,3779,0.152,0,1,0,Fake
user_3782,383,6,20064,989,216516,78,490,171617,17360,2554,0.096,1,1,1,Fake
user_3783,574,20,1542,233,78262,9193,40,734348,16633,2221,0.118,0,0,1,Fake
user_3784,289,9,12888,324,418224,27581,86,448759,34803,1677,0.275,1,0,1,Fake
user_3785,305,1,9779,848,141248,36782,241,412005,36417,1749,0.213,1,0,0,Fake
user_3786,110,5,22821,313,268269,30426,253,307061,22041,566,0.189,0,0,0,Fake
user_3787,493,29,14895,103,119456,25928,483,192926,18826,4875,0.219,0,0,1,Fake
user_3788,65,45,16165,936,168632,20065,366,452022,34846,3922,0.085,0,0,1,Fake
user_3789,344,42,27809,739,193759,20262,95,466738,31383,792,0.253,0,0,0,Fake
user_3790,283,30,21007,92,346724,35701,305,907855,22324,1003,0.226,0,1,1,Fake
user_3791,332,29,29834,654,25689,43606,441,831537,16083,2968,0.07,1,0,1,Fake
user_3792,283,40,3978,415,191999,49972,66,919416,6988,1857,0.172,1,0,1,Fake
user_3793,267,17,27625,320,162595,28525,15,231031,7631,1860,0.291,0,0,0,Fake
user_3794,305,38,12252,636,430743,32532,407,913838,37922,1990,0.166,0,0,0,Fake
user_3795,192,42,20249,509,89252,26274,274,930598,41402,2266,0.083,1,1,0,Fake
user_3796,153,0,3366,654,411639,19512,167,386715,49377,4756,0.063,1,0,0,Real
user_3797,529,21,959,190,302422,37512,181,66703,34097,3693,0.172,0,0,0,Fake
user_3798,246,2,7340,774,196778,29348,30,844609,642,1348,0.095,1,0,1,Fake
user_3799,58,41,1567,391,382520,38868,367,151519,16772,3540,0.173,0,1,1,Fake
user_3800,413,39,27048,207,21953,29500,242,511549,10926,3828,0.149,1,1,0,Fake
user_3801,327,28,340,271,289691,20284,342,191971,23731,233,0.157,1,1,0,Fake
user_3802,143,20,4546,876,374492,5834,440,293234,22941,755,0.043,0,0,0,Fake
user_3803,26,46,3445,724,20644,27511,438,331268,20382,206,0.06,1,1,1,Fake
user_3804,509,46,10579,497,327688,13192,297,988877,9382,374,0.004,0,1,0,Fake
user_3805,302,36,28225,359,246294,25274,207,362205,34695,1687,0.088,0,0,1,Fake
user_3806,265,8,22531,345,27806,22777,20,231323,423,2478,0.28,1,1,0,Fake
user_3807,428,13,23732,825,213244,27959,158,847038,21232,1853,0.162,0,0,0,Fake
user_3808,414,3,14276,448,109008,45260,130,953771,16225,2412,0.076,1,0,0,Fake
user_3809,397,41,7416,917,126033,2213,196,260998,29102,2470,0.238,0,1,1,Fake
user_3810,36,18,5576,370,215054,16838,220,512763,26882,4913,0.053,0,1,1,Real
user_3811,597,20,2884,772,315675,21667,395,996338,49816,4912,0.189,1,1,0,Fake
user_3812,585,3,6263,163,448803,2164,461,874955,19836,4065,0.031,0,1,1,Fake
user_3813,194,47,23727,982,322022,1510,229,383182,8651,2984,0.29,1,1,0,Fake
user_3814,351,4,29565,172,292690,26653,27,705315,23931,4446,0.175,0,0,0,Fake
user_3815,227,35,26616,330,241184,16008,182,411305,21824,2915,0.013,0,1,0,Fake
user_3816,547,38,12087,16,324057,23134,470,329268,1957,4518,0.227,0,0,0,Fake
user_3817,487,24,26743,114,186162,20626,28,975545,31435,3386,0.18,1,0,1,Fake
user_3818,367,5,29585,194,412364,45811,126,787869,36512,563,0.258,0,1,0,Fake
user_3819,519,25,17614,595,8909,14456,371,404648,27805,4347,0.004,1,0,0,Fake
user_3820,307,16,161,317,404942,30818,136,643401,36087,4288,0.088,0,1,0,Fake
user_3821,174,11,22552,930,327364,13053,237,492056,34736,4149,0.199,1,1,1,Fake
user_3822,571,15,28443,518,408217,2466,146,430684,41781,756,0.085,0,1,1,Fake
user_3823,185,49,1720,717,333575,38591,478,272816,29270,3900,0.248,0,1,1,Fake
user_3824,300,25,8509,657,499701,48438,227,554628,35674,4192,0.094,1,0,1,Fake
user_3825,99,5,28944,573,492095,25304,313,462722,26010,3305,0.135,1,1,1,Fake
user_3826,482,1,25721,303,448872,17851,270,536146,1796,439,0.187,0,0,1,Fake
user_3827,131,13,1411,774,484778,37030,135,307762,44481,1071,0.246,1,0,1,Real
user_3828,264,10,3630,573,275682,27959,118,617276,11824,947,0.011,0,1,1,Real
user_3829,572,24,1572,551,96870,40400,23,446547,2755,3001,0.205,0,0,1,Fake
user_3830,187,49,9970,182,65937,12220,212,167502,14987,4691,0.228,1,0,1,Fake
user_3831,343,25,2458,407,33824,30435,257,172686,47323,4839,0.042,1,0,0,Fake
user_3832,91,18,8641,633,31830,28926,340,292219,38672,1257,0.167,0,1,0,Real
user_3833,227,41,10791,712,140409,5182,235,853693,8523,4088,0.213,1,1,1,Fake
user_3834,363,48,22541,77,420475,7203,350,841135,11061,4972,0.204,0,0,0,Fake
user_3835,228,41,20078,203,24634,41614,118,605821,8017,2090,0.296,1,1,1,Fake
user_3836,314,9,25940,95,486611,37056,21,301967,16325,1780,0.117,0,0,1,Fake
user_3837,430,7,26623,92,64178,42603,428,742557,4925,3738,0.129,0,1,0,Fake
user_3838,339,19,12437,728,453640,23468,217,385465,31492,3580,0.298,1,1,1,Fake
user_3839,380,31,8844,612,205351,9001,251,870801,2240,1798,0.116,1,1,0,Fake
user_3840,266,27,22893,936,132547,37310,368,126158,6096,4218,0.05,1,0,1,Fake
user_3841,599,47,5581,897,437727,45609,415,22733,40726,1045,0.218,1,0,1,Fake
user_3842,301,19,4514,679,277125,24913,464,321731,46994,4022,0.173,0,0,1,Fake
user_3843,474,43,19118,414,65150,14597,473,426556,21366,2363,0.096,0,1,1,Fake
user_3844,120,38,15096,872,466723,21043,71,655857,36712,4778,0.299,1,1,1,Fake
user_3845,481,8,3928,269,291395,13493,290,144797,26298,368,0.021,1,1,1,Fake
user_3846,54,22,4138,149,479846,3247,487,330198,27178,1725,0.061,1,1,1,Fake
user_3847,597,42,10463,733,277500,45529,79,6095,13687,1756,0.285,0,0,1,Fake
user_3848,594,6,28242,348,387189,24311,103,433351,38788,962,0.093,1,0,1,Fake
user_3849,72,23,4849,545,2606,38899,386,606700,37793,1312,0.194,0,1,1,Fake
user_3850,483,32,24675,362,137157,30536,103,135909,43373,1371,0.169,1,0,1,Fake
user_3851,199,12,19140,406,327983,47121,225,595048,8632,1525,0.245,1,1,1,Fake
user_3852,512,31,29091,136,384452,521,220,439150,35385,1876,0.141,1,1,1,Fake
user_3853,122,28,27857,943,135613,11747,464,342874,30931,4932,0.065,0,0,0,Fake
user_3854,390,24,29342,394,449286,24117,449,401685,37084,2633,0.138,0,0,0,Fake
user_3855,542,30,13542,106,337524,22922,253,559763,34372,2163,0.087,0,1,1,Fake
user_3856,305,17,20870,865,93032,7216,476,973927,31721,4560,0.21,0,1,0,Fake
user_3857,423,36,14640,979,287035,10584,304,350017,10451,335,0.058,0,0,1,Fake
user_3858,55,38,21896,753,497258,34669,338,900462,34039,3596,0.158,1,1,0,Fake
user_3859,154,27,4009,834,248324,10557,153,115193,32575,112,0.153,1,0,1,Fake
user_3860,140,5,17097,897,261329,30321,407,149940,13302,2374,0.122,1,0,1,Fake
user_3861,205,48,17288,908,461611,27100,51,858179,45853,3690,0.048,1,1,0,Fake
user_3862,350,27,7881,817,488059,44198,324,704819,4999,1693,0.227,0,1,1,Fake
user_3863,419,23,18936,300,130555,13524,18,56871,16488,963,0.199,1,0,0,Fake
user_3864,583,39,15660,628,270356,27955,404,908452,10322,2557,0.19,0,0,1,Fake
user_3865,468,11,21668,583,101636,19641,272,442185,20297,4303,0.262,1,1,1,Fake
user_3866,146,27,16059,994,198226,15385,241,803120,37184,1788,0.246,1,0,0,Fake
user_3867,323,40,9192,84,376533,5135,270,132512,23743,3246,0.212,1,1,0,Fake
user_3868,184,27,10548,331,400478,20579,341,787159,26784,4551,0.054,1,1,1,Fake
user_3869,82,5,25317,230,98400,40244,269,469038,11382,3795,0.226,1,1,0,Fake
user_3870,499,2,23948,453,276992,19004,230,918359,37766,2536,0.073,0,1,1,Fake
user_3871,340,32,15817,845,339603,34374,178,438190,7412,3766,0.05,1,1,0,Fake
user_3872,181,21,7400,41,33641,40682,121,745497,31056,3863,0.001,1,0,0,Fake
user_3873,320,29,3008,251,209562,36673,267,516098,43681,4066,0.037,0,1,1,Fake
user_3874,59,43,8644,561,140404,37350,399,188033,37842,2095,0.28,0,1,1,Fake
user_3875,4,14,25106,158,126996,21980,178,626290,25709,52,0.168,0,0,1,Fake
user_3876,462,41,9707,683,81191,40089,356,990545,20297,3760,0.165,0,0,0,Fake
user_3877,280,43,23310,280,352845,25786,316,242656,19688,147,0.035,1,0,1,Fake
user_3878,214,45,2713,26,34356,22851,423,775626,7527,1811,0.067,0,1,0,Fake
user_3879,172,9,11567,506,74187,18461,433,335100,27991,3298,0.26,1,1,1,Fake
user_3880,590,31,18301,229,365242,27128,33,736261,546,3153,0.023,1,1,1,Fake
user_3881,162,33,27379,853,209758,43087,208,22843,15365,3367,0.141,1,0,1,Fake
user_3882,501,40,28602,711,324573,28483,251,643709,12759,2893,0.124,1,0,1,Fake
user_3883,90,41,7942,224,355416,16253,394,462264,49823,3294,0.102,1,0,1,Fake
user_3884,132,33,21609,251,154744,19564,115,612690,11976,102,0.249,0,1,1,Fake
user_3885,444,5,21205,896,380627,21653,303,815400,35514,30,0.122,0,1,1,Fake
user_3886,439,18,24093,231,89585,49395,222,225979,36484,3680,0.136,0,0,1,Fake
user_3887,413,29,28044,450,273533,17152,114,269904,33197,3093,0.021,0,0,0,Fake
user_3888,439,27,6746,663,299588,19146,165,718080,434,1140,0.041,1,0,1,Fake
user_3889,488,5,22772,831,338263,48845,358,919953,30867,1327,0.211,1,1,0,Fake
user_3890,392,30,2556,221,351008,14510,426,282371,294,4502,0.262,0,1,0,Fake
user_3891,4,19,2462,148,349689,20145,96,908562,1270,1266,0.199,0,0,0,Fake
user_3892,38,9,16207,12,383019,46467,366,145209,21245,984,0.166,0,0,0,Fake
user_3893,546,8,1974,303,161216,16868,273,76492,5149,1482,0.04,1,1,1,Fake
user_3894,204,43,6962,249,213721,4783,365,137353,45978,4413,0.01,1,0,0,Fake
user_3895,382,19,430,987,156021,20011,326,603484,2708,1040,0.068,1,1,1,Fake
user_3896,14,15,21970,21,83148,40107,454,115602,11717,990,0.277,0,0,1,Fake
user_3897,329,33,7082,878,10857,7950,444,315791,34542,4759,0.159,1,0,1,Fake
user_3898,543,27,15340,626,127253,25920,267,458318,31959,1741,0.295,0,1,0,Fake
user_3899,195,18,26820,494,461083,37315,397,910873,20461,4124,0.133,0,1,1,Fake
user_3900,18,36,12617,858,220095,39549,256,820595,22182,3402,0.241,0,0,1,Fake
user_3901,4,3,6157,449,396613,38606,214,688645,44877,4400,0.081,1,0,1,Real
user_3902,254,35,15979,424,375909,16029,22,389281,5196,1351,0.107,1,0,1,Fake
user_3903,231,4,3425,569,68425,49347,389,944802,9834,3938,0.187,1,0,0,Fake
user_3904,352,2,11155,564,193072,39810,442,4582,1389,4551,0.272,0,1,0,Fake
user_3905,319,32,6837,581,378666,15889,171,195083,9642,2142,0.071,0,0,1,Fake
user_3906,132,6,26673,196,380228,46247,418,154501,44636,3607,0.251,1,1,0,Fake
user_3907,105,32,19350,422,443044,16939,336,825671,10434,1094,0.063,0,0,1,Fake
user_3908,392,27,24956,190,276992,18074,175,205398,47882,3495,0.004,1,1,1,Fake
user_3909,515,26,17289,868,225909,37900,444,306925,46092,2141,0.131,1,1,1,Fake
user_3910,313,6,16840,531,112131,29549,21,936356,42997,1765,0.159,0,1,1,Fake
user_3911,171,29,28129,594,54574,18683,442,517396,49292,4904,0.033,1,1,0,Fake
user_3912,66,42,10268,409,162311,14838,353,483885,237,1687,0.262,0,0,0,Fake
user_3913,46,46,24919,642,408050,37677,336,576825,5391,1618,0.051,0,1,0,Fake
user_3914,305,36,10217,589,132041,17671,164,898661,47392,90,0.228,0,1,1,Fake
user_3915,297,16,23216,909,43079,26864,302,723070,32053,2452,0.142,1,1,0,Fake
user_3916,466,22,14877,923,242202,17288,80,980332,23648,2950,0.279,1,1,1,Fake
user_3917,532,16,21472,396,457936,1125,81,896114,19500,4802,0.113,0,0,1,Fake
user_3918,536,37,5046,764,21379,34460,434,733200,24023,3529,0.102,1,0,1,Fake
user_3919,345,5,27780,267,430984,49746,70,700585,17798,4668,0.264,0,1,0,Fake
user_3920,444,49,16531,723,204568,44303,365,765378,4379,1360,0.019,0,1,1,Fake
user_3921,137,32,3462,815,152895,43082,243,732987,26106,300,0.277,0,0,1,Fake
user_3922,350,1,29954,372,495689,45849,40,6556,18050,3295,0.085,0,1,0,Fake
user_3923,501,7,4261,822,331157,36789,144,300809,34722,3284,0.252,1,1,1,Fake
user_3924,367,47,7169,820,204409,11228,341,954946,32655,3252,0.143,0,0,0,Fake
user_3925,192,42,11915,269,82141,9575,448,361642,40600,265,0.078,0,1,0,Fake
user_3926,168,29,12634,441,185952,14714,297,516682,9010,2237,0.109,0,0,0,Fake
user_3927,413,11,14825,379,496050,3128,226,758161,43158,4448,0.208,1,0,0,Fake
user_3928,19,50,28437,373,393369,38883,401,594791,45624,2886,0.093,0,1,1,Fake
user_3929,233,11,20331,921,195908,21508,368,486162,4466,1897,0.069,0,0,0,Fake
user_3930,229,25,16825,947,397231,32801,401,899646,3640,774,0.107,1,0,0,Fake
user_3931,134,2,6652,959,152364,27533,49,919832,17633,1488,0.053,1,0,0,Fake
user_3932,216,5,25559,240,454176,8408,289,143592,26593,1657,0.133,0,1,1,Fake
user_3933,22,26,13113,327,457948,39678,452,391727,27200,2067,0.09,1,0,0,Fake
user_3934,516,45,6158,553,22187,47379,215,121862,8625,2167,0.242,1,1,1,Fake
user_3935,173,19,2249,365,97826,31262,359,905989,30570,1684,0.203,1,0,1,Fake
user_3936,126,20,9104,78,211434,47418,380,544999,20941,2785,0.285,1,1,1,Real
user_3937,375,37,13863,981,413484,14321,236,305457,42613,4268,0.155,1,0,0,Fake
user_3938,38,46,5380,709,120103,37723,25,732026,48478,2270,0.044,0,1,1,Fake
user_3939,384,29,22487,137,378076,43844,218,687277,1173,4737,0.257,1,1,1,Fake
user_3940,261,48,10064,329,354288,34942,210,54462,6401,4607,0.042,0,1,1,Fake
user_3941,547,42,28502,880,193487,42109,115,481249,23298,750,0.126,1,1,0,Fake
user_3942,49,28,18915,847,178221,34235,105,25404,11214,921,0.253,0,0,0,Fake
user_3943,49,39,21246,719,284934,38183,439,213502,26591,4266,0.181,0,0,1,Fake
user_3944,110,16,3344,252,358184,17669,41,241359,44626,2533,0.29,1,1,0,Real
user_3945,20,21,4826,814,98018,6537,400,681291,44600,3547,0.212,0,1,1,Fake
user_3946,49,11,15104,551,154053,16330,45,640642,37431,2879,0.245,1,1,0,Fake
user_3947,118,13,28711,592,100491,10334,215,555430,29315,803,0.11,0,1,1,Fake
user_3948,426,11,3511,131,453754,6790,400,140461,16571,1261,0.031,0,0,1,Fake
user_3949,454,5,24413,98,477853,522,93,98154,18073,2141,0.278,0,0,0,Fake
user_3950,389,47,3611,939,382335,49823,305,306818,11194,1485,0.246,1,0,0,Fake
user_3951,126,38,7882,803,12197,37421,486,474777,3329,969,0.094,0,0,1,Fake
user_3952,560,16,543,519,350572,29199,356,582484,15060,238,0.13,0,0,1,Fake
user_3953,258,43,29297,725,44358,8459,468,713696,47271,3185,0.268,1,0,0,Fake
user_3954,485,6,15101,487,246327,4011,460,881722,26099,1925,0.236,0,1,0,Fake
user_3955,156,27,6128,548,197798,45303,17,992827,3630,3831,0.163,1,1,1,Fake
user_3956,210,34,8741,321,161338,11359,252,989586,31541,4565,0.103,0,0,1,Fake
user_3957,9,1,936,107,215582,7546,108,993522,35032,723,0.096,1,0,0,Fake
user_3958,308,0,15605,826,415285,31374,493,151014,22390,3881,0.128,1,1,0,Fake
user_3959,430,25,21688,846,146689,49917,424,811777,19159,155,0.221,0,0,1,Fake
user_3960,103,7,17396,618,452504,2841,307,254820,48165,2514,0.148,1,1,1,Fake
user_3961,532,0,14832,233,152358,31387,307,202446,35576,4580,0.011,1,1,1,Fake
user_3962,276,10,11532,737,268949,21418,100,466309,12362,1847,0.11,1,0,1,Fake
user_3963,140,41,8702,356,301837,19749,402,676444,13216,3082,0.198,0,0,0,Fake
user_3964,428,30,3877,734,427148,33985,438,766652,877,2067,0.225,0,0,1,Fake
user_3965,107,29,18032,718,278058,22789,270,923618,37543,4333,0.254,1,0,1,Fake
user_3966,523,44,2754,660,264878,12629,439,163640,24409,776,0.16,1,0,1,Fake
user_3967,120,25,11613,999,480391,18813,325,727098,33271,681,0.291,0,1,0,Fake
user_3968,289,42,14138,567,481323,41307,51,58825,32336,3365,0.163,1,0,1,Fake
user_3969,116,47,6948,840,11792,46514,354,971468,9290,2769,0.151,0,1,0,Fake
user_3970,108,38,4935,229,404769,27053,300,594947,15591,4746,0.063,0,0,1,Fake
user_3971,509,46,13006,476,118419,24283,427,732657,45140,2864,0.02,1,0,0,Fake
user_3972,203,31,16455,275,383139,22064,284,737316,36398,2960,0.175,1,0,0,Fake
user_3973,204,19,14118,588,57129,30973,486,282828,14166,4525,0.078,0,1,0,Fake
user_3974,269,39,16643,856,193132,38378,91,332038,26076,3049,0.097,0,1,0,Fake
user_3975,535,39,10935,54,126585,8644,261,67141,35055,4691,0.018,1,1,0,Fake
user_3976,206,23,1741,471,291551,8235,71,752634,46348,2113,0.228,1,0,1,Fake
user_3977,366,44,14461,633,365641,2443,297,967341,42222,1367,0.096,0,1,0,Fake
user_3978,419,43,8932,448,262652,16019,88,413880,685,600,0.286,1,0,0,Fake
user_3979,302,44,12116,509,271972,665,224,511954,27934,2021,0.015,0,0,0,Fake
user_3980,164,43,3205,605,93561,2812,369,419641,3209,4093,0.277,1,0,0,Fake
user_3981,40,25,1610,446,435376,19776,175,803143,5762,4700,0.09,1,1,0,Fake
user_3982,561,19,21254,66,144406,18228,462,765296,17014,1616,0.224,1,1,0,Fake
user_3983,508,5,12534,976,173828,37138,403,466896,21992,855,0.103,1,1,0,Fake
user_3984,212,8,23986,175,380368,28366,114,12321,29191,1708,0.061,1,1,0,Fake
user_3985,492,8,13847,22,70387,19948,405,414632,38955,3359,0.072,0,0,1,Fake
user_3986,338,0,6354,573,244151,25002,421,206706,10061,1584,0.062,1,1,0,Fake
user_3987,240,12,9633,459,319865,4200,129,426766,15015,3226,0.162,0,1,0,Real
user_3988,2,7,6207,572,436078,9724,247,660749,8819,2756,0.045,0,0,1,Real
user_3989,13,1,13195,665,365528,47417,56,230382,26301,4720,0.09,0,0,1,Fake
user_3990,91,44,5788,58,32259,40038,244,703492,31812,4067,0.291,0,0,1,Fake
user_3991,113,12,19465,917,353201,14643,387,147455,4946,1452,0.108,0,1,1,Fake
user_3992,587,1,9041,355,360845,37130,478,889928,17556,4004,0.084,0,0,1,Fake
user_3993,505,13,17352,488,178220,3578,482,904808,48596,3274,0.096,1,0,1,Fake
user_3994,152,30,19904,888,19682,1794,13,821898,43493,3778,0.016,0,1,1,Fake
user_3995,92,41,16174,723,151884,9269,283,847261,34834,3503,0.023,1,0,0,Fake
user_3996,523,9,16994,151,360095,48319,226,545490,22429,4257,0.259,0,1,1,Fake
user_3997,76,41,14207,65,335062,23315,431,447048,32778,4033,0.262,1,0,0,Fake
user_3998,103,15,3577,698,30158,6988,435,210198,46117,3901,0.217,1,0,0,Real
user_3999,262,27,22320,362,447199,8936,167,4555,6535,3998,0.256,1,1,0,Fake
user_4000,236,40,1634,66,152765,7523,322,118304,40695,2999,0.282,0,0,0,Fake
user_4001,467,50,21179,977,125208,13371,144,70635,41567,4652,0.191,0,1,0,Fake
user_4002,303,34,8157,736,107290,48092,97,145037,30166,1717,0.121,1,0,0,Fake
user_4003,270,12,3639,282,480502,30242,217,926187,456,2956,0.161,1,0,0,Fake
user_4004,475,5,7195,583,113316,21844,310,832333,6268,4579,0.002,1,0,0,Fake
user_4005,51,19,3774,258,109543,25787,159,865537,23919,3482,0.192,1,0,0,Fake
user_4006,102,49,1741,970,401104,23346,90,158910,2902,589,0.241,1,1,1,Fake
user_4007,178,29,29329,918,431980,34653,25,28381,47341,1709,0.288,0,0,1,Fake
user_4008,40,9,1169,745,186155,46332,115,861621,7003,2528,0.299,1,0,1,Fake
user_4009,297,30,18849,28,101884,38987,377,995254,37060,731,0.222,1,0,0,Fake
user_4010,368,27,8722,730,434386,25664,366,881864,28330,3977,0.272,0,1,1,Fake
user_4011,320,1,7823,612,275886,12472,312,51391,32528,2104,0.139,0,0,0,Fake
user_4012,436,7,2157,502,135117,21677,284,934639,39931,4879,0.113,1,1,1,Fake
user_4013,118,10,17436,441,307820,38164,361,931256,31679,597,0.2,0,0,1,Fake
user_4014,97,9,3310,721,165189,22110,498,755018,43863,4790,0.224,0,1,1,Real
user_4015,46,47,9026,782,463198,41156,350,708721,8666,2834,0.117,0,1,0,Fake
user_4016,9,44,7420,965,371656,44403,130,543154,1815,1802,0.048,0,1,0,Fake
user_4017,141,28,28921,136,64057,30890,462,306370,40463,4549,0.279,0,0,1,Fake
user_4018,174,31,20323,405,206946,151,54,527831,8462,192,0.153,1,0,1,Fake
user_4019,336,30,22921,220,381918,36397,355,962703,22963,4486,0.19,0,1,1,Fake
user_4020,366,1,23456,677,116328,28196,404,281460,4824,4459,0.174,0,1,1,Fake
user_4021,448,28,13256,462,422945,5169,131,132645,37451,2439,0.139,1,1,1,Fake
user_4022,274,37,12842,317,74142,37595,500,406531,8565,1467,0.221,0,0,0,Fake
user_4023,95,15,12874,551,422548,39943,177,856798,3029,3541,0.144,0,1,1,Fake
user_4024,381,12,3319,713,53569,14313,164,265423,7809,4025,0.217,1,1,0,Fake
user_4025,350,18,7205,690,47216,4507,361,810795,36854,1067,0.054,1,0,0,Fake
user_4026,187,36,24049,311,49584,17110,337,911923,10140,1572,0.268,1,0,1,Fake
user_4027,116,25,27003,338,372928,46256,317,569520,36025,1642,0.065,0,1,0,Fake
user_4028,410,3,28820,238,314496,23625,364,213427,47436,4979,0.141,1,0,0,Fake
user_4029,409,21,22665,583,238416,36211,19,214531,47242,4971,0.063,1,0,1,Fake
user_4030,467,0,8790,817,275886,19552,67,789303,23123,106,0.167,0,0,1,Fake
user_4031,278,6,16225,896,244554,12396,154,222839,8279,4014,0.195,1,0,1,Fake
user_4032,394,40,6740,520,378143,16998,193,443400,15615,3326,0.084,0,1,1,Fake
user_4033,489,45,5604,968,460637,45597,406,890361,14866,941,0.168,0,1,1,Fake
user_4034,431,27,25746,416,412810,21447,299,473284,46204,2976,0.133,1,0,0,Fake
user_4035,170,26,6670,147,64895,25988,322,708517,9790,225,0.261,1,0,0,Fake
user_4036,115,31,11391,784,285410,25420,224,604249,37034,271,0.056,1,1,1,Fake
user_4037,135,47,20869,552,25339,14502,240,399534,29488,769,0.158,0,0,1,Fake
user_4038,60,37,9436,697,317957,5547,23,24055,245,614,0.171,1,0,0,Fake
user_4039,163,38,23129,600,104133,4749,204,992997,17606,671,0.26,1,1,1,Fake
user_4040,106,46,19539,322,126403,14602,316,828357,37706,1834,0.275,0,0,1,Fake
user_4041,426,35,9436,883,311069,35523,101,534258,42430,4995,0.239,0,0,0,Fake
user_4042,494,18,24047,6,47929,36092,42,174467,12956,870,0.047,0,1,0,Fake
user_4043,582,2,101,994,330759,24312,325,984093,49410,2738,0.217,0,1,1,Fake
user_4044,448,31,3088,624,355877,3149,184,724920,31235,2522,0.285,0,1,0,Fake
user_4045,185,25,6064,54,103803,13415,429,566500,38370,4306,0.027,0,0,1,Fake
user_4046,388,31,16490,729,258254,19439,285,634652,22312,1,0.238,1,0,1,Fake
user_4047,367,32,29746,772,113656,12030,234,425167,33129,2521,0.289,1,1,1,Fake
user_4048,29,37,22953,366,70625,12484,107,522993,10585,2318,0.28,1,1,1,Fake
user_4049,133,46,20385,601,212333,26699,11,758940,38888,1502,0.211,1,0,1,Fake
user_4050,494,39,15622,122,337656,10326,198,776015,6759,1628,0.042,1,1,0,Fake
user_4051,499,43,24218,793,169355,43958,142,669135,22522,3380,0.226,0,0,1,Fake
user_4052,115,31,10004,1000,118341,48553,320,89961,35096,2057,0.0,1,1,1,Fake
user_4053,421,14,27936,72,20557,8895,281,731184,41394,4091,0.282,0,0,1,Fake
user_4054,451,45,29709,628,462622,2194,93,216893,24376,1280,0.3,0,1,1,Fake
user_4055,47,3,22542,65,213200,16296,500,399707,21149,611,0.118,1,1,0,Fake
user_4056,64,33,7819,542,448168,12773,149,9150,8184,2142,0.105,1,0,0,Fake
user_4057,267,1,5578,423,18222,20317,128,893199,5067,4792,0.206,0,0,0,Fake
user_4058,321,27,10325,747,379249,29983,297,351868,28138,4945,0.075,0,0,1,Fake
user_4059,12,36,22329,165,40286,19185,477,671209,13828,104,0.22,0,1,0,Fake
user_4060,537,20,2275,750,43969,12000,272,710073,39607,712,0.273,1,1,0,Fake
user_4061,590,35,5460,199,481364,17375,390,265493,42331,20,0.108,1,0,0,Fake
user_4062,578,4,6138,254,393238,26645,407,636055,29073,4297,0.103,0,1,1,Fake
user_4063,229,17,10884,615,320798,13625,152,961915,5457,3225,0.083,0,1,1,Fake
user_4064,346,41,29486,792,399168,42993,347,299934,18508,796,0.253,1,1,0,Fake
user_4065,531,26,14916,777,264705,7063,412,933916,39422,3149,0.184,0,0,0,Fake
user_4066,535,30,4647,183,260396,1226,135,455989,10805,2048,0.095,0,1,0,Fake
user_4067,97,7,417,855,397619,19743,425,919295,1271,3770,0.269,1,1,0,Fake
user_4068,443,31,21824,185,171673,15203,37,960475,30582,4961,0.266,1,1,0,Fake
user_4069,254,39,15551,30,204126,43469,367,628510,21905,151,0.275,0,1,0,Fake
user_4070,493,41,14022,664,49968,29541,85,139545,30113,2554,0.026,1,0,0,Fake
user_4071,354,22,10946,951,242070,46806,410,25193,19838,4938,0.23,0,0,0,Fake
user_4072,394,28,682,506,262502,37974,456,589605,45612,4675,0.015,0,0,0,Fake
user_4073,152,44,5816,746,450037,27242,365,388467,7254,733,0.07,0,0,1,Fake
user_4074,571,27,8645,122,213488,33058,357,961782,20301,2806,0.121,1,0,0,Fake
user_4075,55,1,28877,339,408374,48591,430,439674,12027,3942,0.008,0,0,0,Fake
user_4076,11,10,2522,91,289695,45426,389,293529,19597,1836,0.271,1,1,1,Real
user_4077,160,18,5594,96,377637,44223,48,595863,36784,4344,0.048,0,0,0,Real
user_4078,517,46,22256,968,452993,43124,248,749933,30654,219,0.045,0,0,0,Fake
user_4079,480,12,24912,413,274975,25968,381,874453,15612,3124,0.142,0,0,1,Fake
user_4080,507,30,27954,587,467572,35407,285,54524,38195,3720,0.098,1,0,1,Fake
user_4081,169,22,318,717,4394,1836,67,119248,27003,4688,0.091,1,1,0,Fake
user_4082,76,28,19464,971,5595,2141,222,909206,10384,3120,0.184,1,1,1,Fake
user_4083,503,14,11539,701,477894,36186,251,196919,25262,3782,0.093,1,1,1,Fake
user_4084,328,32,15526,396,96903,42672,267,152642,8538,1893,0.134,1,1,0,Fake
user_4085,246,14,19108,824,109420,20564,450,274256,22664,3171,0.244,0,0,1,Fake
user_4086,338,37,32,417,430099,46580,484,651828,39406,3703,0.164,0,1,1,Fake
user_4087,284,43,16000,390,13929,46389,12,387544,5225,1486,0.114,1,0,0,Fake
user_4088,51,21,28613,713,425033,9231,207,800690,33890,299,0.133,0,1,0,Fake
user_4089,519,38,8110,485,15413,37295,334,909289,35744,4784,0.128,0,1,1,Fake
user_4090,228,45,15485,141,307280,18388,202,98127,15580,3230,0.238,1,0,0,Fake
user_4091,563,42,3584,867,55965,24997,498,952208,45423,968,0.175,0,1,0,Fake
user_4092,387,29,1480,351,175420,49365,338,591318,4593,369,0.131,0,1,1,Fake
user_4093,412,8,26834,187,408227,38179,148,975729,11653,1484,0.042,1,1,1,Fake
user_4094,240,18,569,98,217591,3284,349,225600,19685,1586,0.058,1,1,1,Real
user_4095,80,46,18588,318,58727,10026,123,392377,42803,3752,0.234,1,1,1,Fake
user_4096,470,45,22283,363,288222,42848,357,52343,37690,1484,0.238,1,0,0,Fake
user_4097,454,24,9524,181,67060,5876,68,864939,30790,3541,0.018,0,1,0,Fake
user_4098,586,26,27373,724,439141,42377,185,684808,47685,2503,0.125,1,1,0,Fake
user_4099,458,43,7480,440,313103,43428,462,933231,29460,1832,0.255,0,1,0,Fake
user_4100,90,41,17212,900,274658,31935,340,917105,15442,1420,0.122,1,1,0,Fake
user_4101,510,47,16487,258,484613,28714,280,958,49789,468,0.161,0,0,0,Fake
user_4102,457,23,5482,511,6878,18746,306,81207,42320,2980,0.116,1,0,1,Fake
user_4103,323,50,24739,92,128128,4221,452,113541,28458,4169,0.288,0,0,0,Fake
user_4104,121,30,4803,188,360918,30527,396,942588,46417,3169,0.063,1,0,1,Fake
user_4105,509,10,25403,266,197809,17268,398,347919,30217,4649,0.131,0,1,0,Fake
user_4106,18,39,3077,411,175034,12341,472,305946,31458,4635,0.015,1,1,1,Fake
user_4107,105,13,3276,205,247607,2460,481,410522,11262,3594,0.204,1,1,1,Real
user_4108,413,18,9981,232,333884,19798,36,115054,49250,1296,0.247,1,1,1,Fake
user_4109,422,44,26341,359,368489,13620,62,498276,16900,2186,0.283,0,0,0,Fake
user_4110,36,47,24123,662,260755,20875,204,361738,19468,2974,0.052,0,1,0,Fake
user_4111,570,5,10999,648,138352,3830,343,825316,12535,3841,0.006,1,0,1,Fake
user_4112,562,42,14831,83,382342,10168,445,943330,41638,848,0.051,0,1,1,Fake
user_4113,0,30,16078,347,148713,14967,139,556370,20035,2982,0.108,1,0,1,Fake
user_4114,93,8,24078,462,431510,35164,461,750146,12946,2964,0.132,0,1,1,Fake
user_4115,311,11,11494,769,312513,24026,405,724485,41265,3636,0.156,1,0,1,Fake
user_4116,520,12,17881,96,62757,3075,307,938031,22453,1601,0.237,1,1,1,Fake
user_4117,575,10,8432,536,379992,10706,481,742896,19942,1285,0.192,0,0,0,Fake
user_4118,211,38,21738,263,476020,10615,380,673481,40805,4005,0.119,1,1,0,Fake
user_4119,467,31,15941,20,217847,36640,346,62929,30306,3824,0.28,0,0,0,Fake
user_4120,349,6,8307,900,480600,39944,82,567167,34006,58,0.199,0,1,0,Fake
user_4121,372,50,11937,620,1611,18371,471,920413,32467,971,0.118,1,0,0,Fake
user_4122,55,26,15032,62,462569,27664,445,51157,10799,947,0.023,1,1,0,Fake
user_4123,228,31,444,570,325613,25614,344,227265,39557,2749,0.061,0,0,0,Fake
user_4124,465,19,27123,60,356579,22173,271,997886,24667,2525,0.005,0,0,1,Fake
user_4125,339,15,11554,699,112041,11873,57,549372,23717,785,0.166,1,1,1,Fake
user_4126,573,13,9867,382,205395,29389,178,769390,31231,3821,0.116,0,1,0,Fake
user_4127,484,35,23270,97,192888,49257,10,534324,7229,4088,0.031,0,1,1,Fake
user_4128,372,3,10935,172,319680,22070,112,605109,22122,1684,0.047,0,1,1,Fake
user_4129,463,1,29208,1,415279,47830,491,669958,26614,1498,0.118,1,1,1,Fake
user_4130,116,22,16968,986,181294,49407,239,794120,49327,3389,0.268,1,0,0,Fake
user_4131,99,16,25379,541,70215,49727,406,763628,46596,37,0.154,1,0,0,Fake
user_4132,227,22,21755,12,464458,10451,33,771015,20144,4802,0.004,0,0,1,Fake
user_4133,2,43,28080,4,30379,13039,68,37457,14601,3473,0.283,0,0,1,Fake
user_4134,349,10,28348,334,39977,13175,253,299726,33982,4161,0.21,0,0,0,Fake
user_4135,363,11,29562,393,163173,8747,37,267681,44325,2787,0.122,1,1,0,Fake
user_4136,298,32,27646,313,316508,34099,489,669051,42440,3328,0.183,0,0,1,Fake
user_4137,560,2,19521,28,37178,10047,316,71447,2818,4164,0.155,0,0,1,Fake
user_4138,534,4,15871,819,423893,40868,89,64226,10268,4520,0.243,1,1,1,Fake
user_4139,382,21,3694,926,64578,15320,221,295536,40198,4391,0.235,0,0,1,Fake
user_4140,108,27,8845,581,456571,610,332,64420,37444,4508,0.2,0,0,0,Fake
user_4141,46,7,22471,576,275755,8932,162,285148,3072,3441,0.084,1,0,0,Fake
user_4142,168,39,17016,383,335171,1064,31,253745,49997,514,0.024,0,0,1,Fake
user_4143,504,14,23862,879,404680,8810,238,66977,14836,286,0.027,1,1,0,Fake
user_4144,143,7,20964,71,301480,21639,460,365503,17708,4290,0.242,1,1,0,Fake
user_4145,419,35,679,978,150384,26297,34,425372,34992,2810,0.072,1,0,0,Fake
user_4146,109,14,4846,176,57071,37592,114,403661,42419,4955,0.256,1,0,0,Real
user_4147,260,31,13445,193,282711,7065,25,937033,1229,3885,0.212,1,1,0,Fake
user_4148,200,16,28058,651,153219,14124,272,533694,41989,1642,0.258,1,1,1,Fake
user_4149,192,21,7217,635,118407,13396,332,356442,19452,2840,0.204,0,0,1,Fake
user_4150,123,50,21606,510,121293,652,286,79532,8215,4103,0.069,1,0,0,Fake
user_4151,402,22,4641,186,208143,15055,26,720480,19202,3100,0.029,0,0,0,Fake
user_4152,220,49,11704,548,277814,1439,275,223951,30860,3922,0.214,0,1,0,Fake
user_4153,468,2,16312,223,250267,14382,337,874132,38088,4842,0.207,1,0,0,Fake
user_4154,195,49,1012,999,179804,12928,469,346211,27443,2403,0.116,1,1,1,Fake
user_4155,346,35,8007,353,439387,16622,453,200206,3313,1741,0.07,0,0,0,Fake
user_4156,110,17,18926,99,13828,26757,449,547818,41057,1593,0.113,0,0,1,Fake
user_4157,424,9,24281,893,307524,30700,43,665117,2003,3364,0.054,1,0,0,Fake
user_4158,47,44,22800,699,73029,28899,242,686324,47251,2243,0.226,0,0,0,Fake
user_4159,126,32,14113,934,396634,4438,91,108032,3266,2224,0.043,0,1,1,Fake
user_4160,461,38,11777,158,213531,48107,215,287771,37199,4064,0.082,0,0,1,Fake
user_4161,468,42,6760,614,102081,45367,86,540070,18814,418,0.251,0,0,0,Fake
user_4162,516,6,24391,383,89443,8051,280,677093,621,1378,0.092,0,1,1,Fake
user_4163,137,45,2925,587,427266,43930,94,227794,39413,3134,0.087,0,1,1,Fake
user_4164,510,3,6351,181,379036,28034,317,500497,4313,1644,0.001,1,0,0,Fake
user_4165,4,28,12379,912,82668,29903,494,325367,27456,1231,0.191,1,1,1,Fake
user_4166,543,29,20930,451,493669,23933,222,480333,45809,4014,0.136,1,0,1,Fake
user_4167,49,48,3536,723,113028,701,291,335249,23221,3240,0.274,1,0,0,Fake
user_4168,566,7,8975,866,318016,28674,99,369375,31649,4036,0.256,0,1,1,Fake
user_4169,443,6,28742,900,315602,27975,343,530250,14945,3475,0.114,1,1,1,Fake
user_4170,599,50,20541,790,265212,9305,455,52364,31318,2872,0.049,1,0,1,Fake
user_4171,494,39,22242,181,77532,31351,404,206658,27210,4870,0.172,1,1,1,Fake
user_4172,520,39,17855,519,38535,39955,161,44106,8352,3225,0.023,1,0,1,Fake
user_4173,181,50,29465,152,125903,39974,436,654799,18873,2161,0.251,1,0,1,Fake
user_4174,592,6,29897,833,236606,22765,163,670209,10996,2742,0.19,0,1,1,Fake
user_4175,177,35,14721,838,144189,49211,441,12606,26575,4245,0.153,0,0,0,Fake
user_4176,131,2,28707,455,175736,20656,279,108117,25031,3640,0.158,1,0,0,Fake
user_4177,106,32,17265,31,177049,16326,177,966969,45516,3172,0.024,1,1,0,Fake
user_4178,396,6,5732,637,219293,49046,395,422907,45473,3154,0.115,0,0,0,Fake
user_4179,329,10,8693,39,40236,3713,494,541400,9071,2124,0.295,0,0,1,Fake
user_4180,516,40,29829,957,48352,11374,25,976640,8250,4778,0.124,0,1,1,Fake
user_4181,393,7,22251,550,133770,18218,348,333196,23984,2171,0.013,0,1,1,Fake
user_4182,428,13,11430,909,489568,42058,445,399961,17150,3625,0.198,0,1,0,Fake
user_4183,254,23,29097,981,19127,24261,19,295522,38921,641,0.018,1,0,0,Fake
user_4184,280,10,10852,812,364598,13802,244,469110,10078,2857,0.26,1,1,0,Fake
user_4185,407,46,12813,963,391127,3673,85,115332,2166,2896,0.267,1,1,0,Fake
user_4186,351,18,19305,123,449460,5127,274,510717,14471,1954,0.089,1,0,1,Fake
user_4187,301,45,13673,826,383111,11340,269,881637,27039,2253,0.177,0,0,0,Fake
user_4188,463,28,9052,956,154113,15127,347,855262,39295,3631,0.191,1,0,1,Fake
user_4189,136,48,10135,319,68184,48150,306,472701,15134,2070,0.133,0,1,1,Fake
user_4190,141,32,6244,957,272462,38123,183,575578,3476,2619,0.184,0,1,1,Fake
user_4191,422,31,1346,298,281073,36446,497,275003,39022,295,0.101,0,0,1,Fake
user_4192,524,46,18989,110,213515,16928,299,37844,49838,1062,0.153,1,1,0,Fake
user_4193,306,6,17041,357,493180,31957,104,95641,5539,2074,0.19,0,1,1,Fake
user_4194,560,9,22997,699,391719,11182,338,972178,47043,192,0.032,1,0,1,Fake
user_4195,321,41,11248,184,22467,15400,341,637742,17591,2986,0.247,0,0,1,Fake
user_4196,566,23,27334,604,434940,1903,249,39008,41256,1977,0.114,1,0,1,Fake
user_4197,222,21,20066,530,192327,14207,333,162285,3843,3626,0.246,0,1,0,Fake
user_4198,205,8,4029,171,330552,17750,151,931740,6570,4056,0.27,1,0,0,Fake
user_4199,214,7,14203,921,11143,46972,55,485060,44483,1389,0.083,1,1,0,Fake
user_4200,297,12,26061,102,407905,8638,48,828699,21763,4919,0.289,0,1,0,Fake
user_4201,353,28,14910,509,415252,3058,224,956193,9719,45,0.125,0,0,0,Fake
user_4202,135,26,18568,197,176942,8326,286,688975,30589,4580,0.188,1,0,1,Fake
user_4203,182,49,25969,617,124596,35401,11,107696,15841,2235,0.164,0,1,1,Fake
user_4204,515,49,25963,158,258146,19398,226,424461,7125,4294,0.086,0,1,1,Fake
user_4205,555,0,11370,627,490519,30045,489,941052,46579,3263,0.296,0,1,0,Fake
user_4206,330,15,9450,942,207354,4463,313,635761,7448,2579,0.262,0,0,1,Fake
user_4207,118,30,3610,345,224746,38110,360,552720,49292,1859,0.066,1,1,0,Fake
user_4208,360,21,273,960,228259,48588,67,727622,30154,2119,0.248,0,0,0,Fake
user_4209,575,18,16348,465,414571,1073,378,585896,12081,2726,0.273,1,0,1,Fake
user_4210,491,32,22463,950,389942,5955,317,677210,11945,221,0.129,0,1,1,Fake
user_4211,596,10,4821,674,24305,29767,462,737446,25952,1941,0.017,1,0,0,Fake
user_4212,584,5,15280,561,272283,47035,467,214125,20364,3612,0.053,0,1,0,Fake
user_4213,427,17,22312,851,363691,10685,207,507230,4314,2862,0.205,1,1,1,Fake
user_4214,546,23,4922,398,50323,10709,449,735813,16949,2290,0.046,1,0,0,Fake
user_4215,292,45,17143,802,61086,43379,66,107825,32200,4538,0.063,1,0,0,Fake
user_4216,432,48,9495,458,391298,8677,97,457107,21512,266,0.157,0,1,1,Fake
user_4217,13,26,20440,966,67521,19180,419,97946,27597,3948,0.059,0,1,1,Fake
user_4218,535,23,18289,119,223617,3415,251,111886,37458,4300,0.08,0,0,0,Fake
user_4219,109,40,21768,684,409105,24464,217,383583,835,59,0.076,1,1,0,Fake
user_4220,25,42,5328,567,443829,3833,210,541020,755,3068,0.251,0,1,0,Fake
user_4221,390,15,9949,67,9420,28793,77,972913,41558,1880,0.138,0,0,0,Fake
user_4222,148,9,15952,346,492225,47330,17,408171,4310,4358,0.24,1,0,0,Fake
user_4223,54,48,9445,252,22103,27104,295,444903,34190,1768,0.193,1,0,1,Fake
user_4224,57,48,2117,374,494848,16970,26,837637,17425,1627,0.005,1,1,0,Fake
user_4225,204,33,26207,144,101155,43290,281,542490,8249,4371,0.139,1,0,0,Fake
user_4226,273,26,9657,245,458662,35813,78,442913,40001,3046,0.051,0,0,1,Fake
user_4227,164,50,510,983,29038,30314,440,118303,14599,3300,0.155,1,1,0,Fake
user_4228,293,14,14872,837,272764,47818,18,89325,14249,4754,0.007,0,1,1,Fake
user_4229,256,8,1341,502,463962,6657,132,596377,21624,1544,0.073,1,1,1,Real
user_4230,149,27,7121,192,106525,31213,329,599037,40030,1528,0.198,1,1,1,Fake
user_4231,63,26,9273,813,189436,42086,71,492854,34569,4973,0.297,0,0,1,Fake
user_4232,302,26,27049,413,204781,41684,243,866754,48297,990,0.192,0,1,0,Fake
user_4233,208,29,19433,42,208577,45284,39,872000,17884,2028,0.225,0,0,1,Fake
user_4234,554,33,4044,366,463753,32452,335,404100,29384,3334,0.252,1,1,1,Fake
user_4235,33,50,1743,60,318466,21044,397,459843,20065,4922,0.13,0,0,0,Fake
user_4236,367,43,16002,938,46336,17068,421,373552,10720,3111,0.028,0,1,0,Fake
user_4237,463,23,10021,943,428957,27126,99,607274,10349,2481,0.162,1,1,1,Fake
user_4238,104,1,166,491,456778,6938,482,771587,37696,4299,0.07,0,0,1,Real
user_4239,575,28,14100,830,399893,40782,225,747432,35304,351,0.067,0,0,0,Fake
user_4240,229,9,11542,863,14297,39368,109,546639,41770,2266,0.06,0,1,0,Fake
user_4241,574,49,21635,931,202524,11985,354,211775,15883,239,0.037,0,0,1,Fake
user_4242,398,0,27332,675,80736,17282,471,696249,49916,3888,0.229,1,1,1,Fake
user_4243,243,45,21,724,359089,3279,461,208882,42426,1813,0.076,0,0,0,Fake
user_4244,523,33,1635,772,238880,25317,145,167595,49936,3756,0.172,1,1,0,Fake
user_4245,294,4,8238,859,38104,23577,153,433925,21170,1712,0.095,0,1,1,Fake
user_4246,48,5,4512,605,167970,41931,147,68863,40400,453,0.077,0,0,0,Real
user_4247,390,21,11475,101,492992,35495,121,499636,27345,2251,0.243,1,0,0,Fake
user_4248,396,20,28793,868,390679,14902,176,912035,44852,715,0.051,0,1,0,Fake
user_4249,426,25,9282,532,111596,35181,421,43709,27226,2881,0.276,0,1,0,Fake
user_4250,320,49,25731,93,52400,28882,314,754363,45451,10,0.26,1,1,0,Fake
user_4251,565,10,28148,679,499534,10098,205,336433,31542,3164,0.209,0,0,1,Fake
user_4252,55,27,16449,670,92016,44409,332,906847,31238,1789,0.088,1,1,0,Fake
user_4253,13,3,21801,328,402440,30746,343,29448,5401,1447,0.228,1,1,0,Fake
user_4254,257,25,25194,933,114611,41217,104,349007,23128,2109,0.053,1,0,0,Fake
user_4255,207,48,18374,539,133183,9721,338,562361,16331,240,0.002,1,0,0,Fake
user_4256,453,2,5080,576,470545,22248,139,217453,39002,2574,0.235,0,0,0,Fake
user_4257,230,42,2818,588,178537,33147,181,393136,1302,846,0.152,1,0,0,Fake
user_4258,376,41,23370,719,186539,4200,277,198800,11063,375,0.201,0,1,0,Fake
user_4259,559,9,8869,544,27290,11788,358,267998,10889,1156,0.165,0,1,0,Fake
user_4260,201,36,4674,534,428551,10194,430,373856,28264,3339,0.107,0,0,1,Fake
user_4261,198,3,24020,403,225335,20752,458,674888,10716,2957,0.196,0,1,0,Fake
user_4262,301,40,6446,775,266902,39242,258,565306,48611,4231,0.014,1,1,0,Fake
user_4263,459,45,14157,559,288511,2628,470,70227,19739,1887,0.176,1,0,0,Fake
user_4264,181,42,19176,658,96156,38334,13,616628,30472,4366,0.3,1,1,0,Fake
user_4265,76,33,2644,205,228715,45094,51,364671,47749,3702,0.106,1,1,0,Fake
user_4266,191,18,9529,289,299914,22494,101,442480,15484,4763,0.033,0,0,1,Real
user_4267,177,26,7171,328,57028,25249,15,343040,26390,3537,0.132,0,0,1,Fake
user_4268,526,25,1053,138,254482,25834,386,461092,21262,1687,0.118,0,1,0,Fake
user_4269,122,43,15505,458,328402,49692,392,739863,694,1655,0.001,0,0,0,Fake
user_4270,386,44,11620,781,444298,34981,161,157235,2798,2386,0.292,0,1,1,Fake
user_4271,41,35,8150,202,254421,18464,424,571927,47166,3232,0.047,1,0,1,Fake
user_4272,438,19,26598,299,222546,46701,348,387572,13290,3827,0.182,0,0,1,Fake
user_4273,285,46,22233,966,400058,16693,486,258907,9388,2303,0.05,1,0,0,Fake
user_4274,569,47,20874,641,294320,33235,346,382463,39656,3498,0.289,0,0,1,Fake
user_4275,270,20,12656,436,337720,47494,83,998092,36881,2182,0.255,0,1,0,Fake
user_4276,133,22,13846,413,473126,48463,162,251045,1041,3228,0.228,1,1,0,Fake
user_4277,164,0,13078,445,74761,9662,93,259485,37660,3537,0.143,1,1,0,Fake
user_4278,598,17,29627,386,325676,16213,346,606603,2486,305,0.068,1,1,1,Fake
user_4279,261,33,3215,84,110550,31815,458,688005,46083,2028,0.214,1,1,1,Fake
user_4280,5,39,29262,502,274984,16325,201,622085,41691,1789,0.084,1,1,0,Fake
user_4281,338,9,8560,24,435888,41104,120,807889,3643,1118,0.275,0,1,1,Fake
user_4282,477,44,9896,503,138298,12296,218,798055,28332,3978,0.019,0,1,1,Fake
user_4283,158,25,19563,106,152253,29580,315,533913,19701,1610,0.266,0,0,1,Fake
user_4284,40,28,10182,329,393039,37578,19,171016,29706,4672,0.089,0,0,0,Fake
user_4285,157,41,5678,574,21150,5000,309,296001,26645,3887,0.016,0,0,0,Fake
user_4286,330,13,18478,495,60727,12209,56,166956,4427,2166,0.246,1,1,1,Fake
user_4287,52,34,14280,624,126930,6535,490,406738,42265,913,0.206,1,1,0,Fake
user_4288,308,39,22246,398,159386,8519,484,419618,20431,2749,0.051,1,0,0,Fake
user_4289,502,50,28702,313,469951,5540,89,691491,19733,4871,0.014,0,0,1,Fake
user_4290,586,39,10567,509,290733,5632,499,148925,9545,1201,0.227,0,1,1,Fake
user_4291,563,41,26357,805,2599,3089,124,98843,29596,439,0.146,0,1,1,Fake
user_4292,366,28,18945,789,416185,7813,244,490864,32980,4715,0.18,0,1,0,Fake
user_4293,74,44,4560,294,276724,34794,196,949403,32039,2323,0.244,0,0,1,Fake
user_4294,325,22,22391,789,234582,30008,137,814509,16345,571,0.236,0,1,1,Fake
user_4295,538,50,25154,700,409072,33653,14,734421,48335,437,0.072,1,1,1,Fake
user_4296,225,41,6537,715,101748,2750,103,505390,46246,727,0.069,1,0,1,Fake
user_4297,188,25,8192,56,179625,15447,292,351431,21291,173,0.288,1,1,0,Fake
user_4298,533,49,4446,540,156468,45671,475,586739,20846,1466,0.089,1,0,0,Fake
user_4299,69,12,13641,851,124479,22718,146,45418,17026,4007,0.228,1,1,1,Fake
user_4300,517,19,18162,42,250026,45112,301,69767,43165,3573,0.279,0,0,0,Fake
user_4301,163,5,6537,192,452373,36228,241,714415,3440,367,0.292,0,1,0,Real
user_4302,425,2,9865,969,349756,27258,217,346293,46818,3956,0.204,0,0,1,Fake
user_4303,556,34,9994,91,478530,48676,431,565629,18621,4368,0.07,0,0,0,Fake
user_4304,549,21,2804,314,288509,40251,427,853943,11536,902,0.193,0,1,0,Fake
user_4305,413,24,9743,913,386221,3276,484,280687,42028,4885,0.106,0,0,1,Fake
user_4306,94,46,18568,601,468569,43883,370,974159,16291,2686,0.063,0,1,0,Fake
user_4307,357,46,20588,765,277142,4845,40,445982,8188,941,0.175,0,1,0,Fake
user_4308,226,47,15111,921,71562,29780,137,448535,26250,3209,0.08,1,1,1,Fake
user_4309,218,8,17885,584,213624,3242,322,574675,40582,2449,0.253,0,1,1,Fake
user_4310,339,33,6008,555,24180,31767,202,508430,32290,4241,0.169,1,1,0,Fake
user_4311,339,34,12319,177,111128,19093,342,634128,39235,2149,0.107,0,1,1,Fake
user_4312,369,18,25637,656,122550,45454,399,911219,9411,4848,0.157,1,1,0,Fake
user_4313,300,13,28702,321,338236,2362,239,218122,47455,3780,0.057,0,0,0,Fake
user_4314,223,5,27323,756,196242,41240,10,4509,46224,3897,0.296,0,1,1,Fake
user_4315,543,32,14316,49,322179,14780,77,854366,49147,4634,0.157,0,0,0,Fake
user_4316,486,35,3147,547,379509,39207,480,917474,4008,3844,0.192,1,1,1,Fake
user_4317,574,19,4541,28,65083,9899,396,814080,48149,1656,0.246,1,0,0,Fake
user_4318,9,33,17254,48,27997,23102,160,212225,28368,4246,0.086,0,1,1,Fake
user_4319,117,21,14480,989,53726,6787,134,6773,29024,1608,0.123,0,0,0,Fake
user_4320,354,48,22745,310,349713,38519,202,158990,23834,1933,0.074,1,1,1,Fake
user_4321,456,40,10264,394,194281,40594,172,827004,17540,177,0.038,0,1,1,Fake
user_4322,246,10,16509,192,236733,40452,78,540476,37414,3498,0.195,0,0,1,Fake
user_4323,249,1,22451,360,362339,16503,442,357535,14721,714,0.155,1,1,1,Fake
user_4324,40,1,23350,987,363838,45511,401,214442,40761,2159,0.244,0,0,1,Fake
user_4325,328,50,11716,550,9465,23262,466,165245,12874,2061,0.1,0,0,1,Fake
user_4326,390,34,15347,53,317551,11678,363,944714,20039,1760,0.017,1,1,1,Fake
user_4327,116,37,11606,843,431099,39202,167,865842,15151,2633,0.249,0,1,1,Fake
user_4328,395,16,14013,845,24899,20862,31,484469,44820,3663,0.281,1,0,1,Fake
user_4329,262,15,15287,700,266023,48183,190,187453,37654,3040,0.153,1,0,1,Fake
user_4330,553,49,13779,894,193065,7169,191,502257,26230,2208,0.149,0,0,1,Fake
user_4331,289,19,13443,444,295940,32374,123,790573,38501,3875,0.032,1,0,1,Fake
user_4332,25,46,15115,756,304529,6686,367,402913,1259,4326,0.175,0,0,0,Fake
user_4333,529,27,906,520,370958,11315,401,450885,18165,4833,0.251,1,0,1,Fake
user_4334,383,32,29902,536,33994,11501,227,621309,20936,1723,0.035,0,1,0,Fake
user_4335,526,7,18314,869,421153,9312,140,587386,13894,2796,0.038,0,1,1,Fake
user_4336,520,46,865,182,151702,32258,266,850519,48453,187,0.063,0,0,0,Fake
user_4337,456,3,25125,520,149822,25415,395,678794,44031,2817,0.146,1,1,0,Fake
user_4338,498,23,13792,379,300987,49049,50,232761,38663,1502,0.031,0,0,0,Fake
user_4339,44,16,2897,697,95304,16680,368,267435,12007,3357,0.184,0,1,0,Real
user_4340,303,40,24767,715,490189,16369,282,332037,45147,259,0.145,0,1,0,Fake
user_4341,197,32,4606,45,8269,14438,427,73014,22725,1521,0.087,0,0,0,Fake
user_4342,328,22,20159,932,374683,36540,235,668961,11437,3828,0.141,0,1,1,Fake
user_4343,526,7,29715,219,237559,29779,414,388995,33645,237,0.207,1,1,1,Fake
user_4344,84,3,9908,101,133821,11913,198,850401,30723,3305,0.17,0,1,0,Fake
user_4345,98,48,25776,468,305607,10718,408,774533,36564,4324,0.208,1,0,1,Fake
user_4346,171,41,7951,972,423270,1406,492,744615,45476,3853,0.141,0,1,1,Fake
user_4347,550,7,19016,190,86822,23639,152,64204,14577,2737,0.145,0,1,1,Fake
user_4348,546,28,16783,913,211212,18957,357,172602,21913,3544,0.075,1,0,0,Fake
user_4349,7,19,12226,226,396476,9807,18,335476,29928,3853,0.214,0,0,0,Fake
user_4350,67,36,4170,729,313445,9459,134,131891,12984,495,0.009,0,1,1,Fake
user_4351,215,47,20345,327,370232,7404,457,917281,16260,3939,0.213,0,1,0,Fake
user_4352,218,0,17801,74,300305,24620,214,543014,33485,697,0.107,0,0,0,Fake
user_4353,434,29,29488,731,327038,11544,433,388619,6462,4438,0.158,0,1,0,Fake
user_4354,106,21,18532,208,494189,24699,369,989213,14504,980,0.267,0,1,0,Fake
user_4355,210,15,28763,507,328184,44507,149,314388,16139,1310,0.206,1,0,0,Fake
user_4356,550,47,9612,211,220587,21004,440,447185,1290,4912,0.275,0,1,1,Fake
user_4357,445,37,1754,584,401934,44898,459,111668,31549,1493,0.159,0,1,0,Fake
user_4358,73,36,24750,655,327409,17083,470,250141,15233,1959,0.099,0,0,0,Fake
user_4359,157,45,27692,627,300267,38738,271,4632,18168,3269,0.28,0,1,1,Fake
user_4360,24,40,12866,15,423661,42339,289,842836,22307,777,0.226,1,0,1,Fake
user_4361,470,42,4126,46,197063,25067,85,570811,16289,1789,0.144,0,0,0,Fake
user_4362,339,34,13203,944,455910,12606,70,489806,41226,4669,0.234,0,1,0,Fake
user_4363,38,38,21957,390,409216,12799,190,857928,44512,899,0.18,1,0,0,Fake
user_4364,89,14,195,210,344337,48499,457,199694,13644,1043,0.121,1,1,0,Real
user_4365,75,22,15165,921,155405,48230,377,987105,3307,1536,0.284,1,1,1,Fake
user_4366,55,19,26459,705,435306,98,301,959726,11848,4030,0.133,0,0,1,Fake
user_4367,182,18,25001,119,289773,45374,241,8025,15073,3782,0.066,0,1,0,Fake
user_4368,257,42,28669,946,336461,35361,265,561167,27728,2077,0.114,1,1,0,Fake
user_4369,571,50,16974,297,317016,12812,137,960597,20330,2981,0.017,0,1,1,Fake
user_4370,72,45,15080,4,398193,13261,275,591714,6649,4900,0.088,1,0,1,Fake
user_4371,588,36,27498,926,314735,18998,199,968735,11712,4818,0.264,1,1,0,Fake
user_4372,233,43,1780,246,391128,19295,151,494824,9996,4267,0.141,0,1,1,Fake
user_4373,264,8,2774,675,382603,19794,490,131136,19209,2437,0.031,1,0,1,Real
user_4374,417,45,1792,833,354370,29020,374,929039,49686,839,0.002,0,1,1,Fake
user_4375,397,24,8853,937,355613,1213,214,757135,31172,1696,0.032,0,1,1,Fake
user_4376,461,33,27193,851,399027,19970,220,883289,16613,2035,0.0,1,0,1,Fake
user_4377,414,47,21295,338,447847,32912,87,8360,1418,4081,0.131,1,1,1,Fake
user_4378,443,15,3507,181,239181,33984,111,669944,41519,3368,0.178,0,1,1,Fake
user_4379,323,6,10927,399,47004,32708,75,478863,37359,4100,0.15,0,0,0,Fake
user_4380,17,20,19475,846,466171,33329,128,802711,35306,3652,0.046,1,0,0,Fake
user_4381,398,33,3191,233,273789,39270,229,868903,24530,73,0.252,0,1,0,Fake
user_4382,121,37,26933,380,154952,38018,29,234629,12509,2739,0.04,1,0,0,Fake
user_4383,547,12,9521,939,76116,21665,205,582557,46830,4137,0.16,0,1,0,Fake
user_4384,6,49,18528,857,280632,769,216,907048,30057,95,0.283,0,1,1,Fake
user_4385,64,23,15776,411,410795,17757,423,749757,10307,4008,0.188,0,1,0,Fake
user_4386,599,29,22629,45,191984,30449,247,885638,3602,4741,0.001,1,0,0,Fake
user_4387,46,6,10856,159,303709,1363,319,175025,15841,541,0.065,0,1,1,Fake
user_4388,74,9,28321,145,201378,10892,407,996284,15083,367,0.074,0,0,0,Fake
user_4389,366,45,1994,613,333854,676,329,507280,22730,3313,0.11,1,1,1,Fake
user_4390,514,27,3979,252,499088,24522,280,831896,2937,2976,0.121,0,0,1,Fake
user_4391,108,26,24263,636,298194,40229,218,498195,21246,975,0.041,1,0,0,Fake
user_4392,296,5,19156,684,130128,44768,155,491931,4759,245,0.182,0,1,0,Fake
user_4393,308,5,22099,264,77034,24741,309,478025,26198,3500,0.213,1,0,0,Fake
user_4394,88,3,16738,903,173200,33258,47,964536,3158,2189,0.145,0,1,1,Fake
user_4395,288,27,24227,944,296400,44849,76,783176,8225,334,0.132,0,0,0,Fake
user_4396,448,8,23493,432,53972,22895,200,996279,16288,4062,0.04,1,0,1,Fake
user_4397,390,30,1737,696,154354,4677,307,792375,8655,293,0.275,1,1,0,Fake
user_4398,404,13,22989,584,11153,40113,168,121586,21407,3727,0.126,1,1,0,Fake
user_4399,31,28,6719,727,404907,20527,300,126741,6280,4323,0.087,0,1,1,Fake
user_4400,485,4,16916,884,262373,12416,428,921509,1857,1679,0.168,1,0,1,Fake
user_4401,160,23,4723,923,465220,44687,258,796871,31947,4406,0.015,0,1,0,Fake
user_4402,546,43,18417,641,162316,29372,476,525612,46445,2468,0.2,0,1,0,Fake
user_4403,225,33,24262,317,298572,32560,447,306697,5883,3615,0.03,1,1,1,Fake
user_4404,139,25,16230,209,324420,16867,464,147019,23962,4349,0.059,0,0,1,Fake
user_4405,400,37,4469,962,415392,40888,351,334537,23363,2202,0.141,1,1,1,Fake
user_4406,558,35,7325,899,449228,46005,473,134502,21251,4196,0.021,0,0,0,Fake
user_4407,302,33,29329,669,101948,11905,99,726971,35017,1607,0.095,0,1,0,Fake
user_4408,147,49,22140,754,499797,26034,79,768069,32679,87,0.078,0,1,1,Fake
user_4409,305,25,20960,935,91815,27992,393,504083,3548,1867,0.194,0,1,1,Fake
user_4410,382,16,27926,279,466899,41593,35,684167,38519,2083,0.02,0,0,1,Fake
user_4411,11,37,5071,419,99811,43118,497,528434,17483,4239,0.101,1,1,1,Fake
user_4412,566,31,9859,706,56809,13710,141,966306,41553,2877,0.146,1,0,1,Fake
user_4413,568,40,20586,10,96969,10483,105,408877,45761,3788,0.266,0,1,1,Fake
user_4414,144,27,10187,425,439975,39173,319,208057,3429,1745,0.047,0,0,0,Fake
user_4415,126,28,23564,843,409120,48567,278,1149,17916,3545,0.249,0,1,0,Fake
user_4416,42,44,211,423,423141,20744,208,818133,9953,2691,0.284,1,1,0,Fake
user_4417,5,31,26398,386,429583,27139,104,631808,9981,2332,0.069,0,0,0,Fake
user_4418,586,46,15891,284,116930,15281,94,64464,42443,59,0.184,1,0,0,Fake
user_4419,403,26,20436,862,154366,17564,220,9038,45028,2384,0.003,1,1,0,Fake
user_4420,550,10,22537,922,409221,12123,298,464084,44243,2148,0.287,0,1,1,Fake
user_4421,560,9,6576,194,74077,29645,327,951477,19605,1059,0.229,0,1,0,Fake
user_4422,87,32,3758,836,406988,32637,75,86973,22340,3925,0.107,1,1,1,Fake
user_4423,312,8,2200,797,225378,31074,15,153539,25773,1513,0.18,1,1,1,Fake
user_4424,215,31,1,499,211923,20899,206,76738,20024,4211,0.041,1,0,1,Fake
user_4425,352,45,5014,259,295653,11173,223,50384,4666,473,0.209,1,0,1,Fake
user_4426,216,29,19785,614,293521,10486,213,867466,5157,81,0.255,0,1,1,Fake
user_4427,422,8,28832,10,491535,23507,47,148432,38910,1549,0.013,0,1,0,Fake
user_4428,524,45,3966,641,28716,37174,242,751124,40674,964,0.196,0,1,0,Fake
user_4429,145,32,17033,709,213814,10067,495,899205,10241,3700,0.295,0,1,0,Fake
user_4430,164,33,3174,404,326221,1149,486,292194,24335,4539,0.056,1,0,0,Fake
user_4431,188,7,8100,42,366832,27417,301,147652,24396,4145,0.18,0,0,0,Real
user_4432,226,44,6694,712,12038,5279,308,202859,5741,2005,0.168,1,0,1,Fake
user_4433,258,13,3394,785,292504,26172,218,309543,8624,3194,0.14,1,1,1,Real
user_4434,198,29,15523,459,247976,22891,100,707931,21020,2099,0.071,1,1,0,Fake
user_4435,117,30,807,131,81265,35568,106,304367,15241,2012,0.211,0,0,1,Fake
user_4436,185,2,27286,678,208663,5486,466,512606,33468,677,0.009,0,1,0,Fake
user_4437,580,47,16574,706,335669,9290,186,227128,2332,3506,0.025,0,0,0,Fake
user_4438,55,10,14542,228,61717,39622,203,931605,31871,4034,0.186,1,1,0,Fake
user_4439,562,35,12802,72,239694,8770,322,710735,33873,4253,0.181,0,0,1,Fake
user_4440,472,23,1823,652,400446,1820,312,54346,4939,2667,0.251,0,0,1,Fake
user_4441,562,7,3991,117,218997,42868,475,365742,38429,4117,0.091,0,1,1,Fake
user_4442,74,38,9827,118,467459,24175,465,774750,5972,2187,0.293,1,1,1,Fake
user_4443,297,26,13256,162,16001,37532,495,690641,16349,2138,0.082,0,0,0,Fake
user_4444,68,7,15850,923,336559,47521,317,506911,48022,2188,0.147,1,1,0,Fake
user_4445,256,7,6030,810,231729,10332,346,889995,22626,341,0.202,0,0,1,Fake
user_4446,100,23,26878,500,91181,9889,430,861563,1397,4512,0.196,1,1,1,Fake
user_4447,202,36,7698,68,392836,38831,89,725341,22891,4603,0.257,1,0,0,Fake
user_4448,594,18,27581,187,113197,18732,311,694382,46890,4690,0.011,1,0,0,Fake
user_4449,498,2,27778,549,162268,7669,478,468750,48688,2584,0.228,0,1,1,Fake
user_4450,338,33,17914,335,294471,4675,387,492464,14628,4813,0.286,0,0,0,Fake
user_4451,365,9,8528,171,494420,21140,318,98498,47790,1766,0.012,1,0,0,Fake
user_4452,131,7,26925,966,379794,26903,415,794182,45127,196,0.295,1,0,0,Fake
user_4453,240,23,20078,757,119595,14310,497,649114,20320,1637,0.138,0,0,1,Fake
user_4454,102,19,22325,262,272626,2755,385,874741,40058,1525,0.02,0,0,1,Fake
user_4455,291,23,14389,978,318101,9937,290,972994,16641,275,0.093,1,0,0,Fake
user_4456,71,19,28157,697,115551,38758,136,821772,49944,3777,0.247,1,1,1,Fake
user_4457,198,18,21566,732,170801,20823,120,746391,4481,3045,0.117,1,0,0,Fake
user_4458,325,31,20223,952,351349,20696,174,947169,40401,3569,0.258,0,0,1,Fake
user_4459,497,1,4036,711,347363,49640,394,447944,46723,41,0.172,0,0,1,Fake
user_4460,461,50,14167,407,315831,43570,293,980078,30831,2803,0.284,0,0,1,Fake
user_4461,336,9,4792,291,475980,45949,386,126153,7213,1265,0.07,1,0,0,Fake
user_4462,313,9,20846,549,189688,38113,254,710783,21835,3467,0.115,1,1,0,Fake
user_4463,598,50,709,293,340886,26360,452,607779,45351,443,0.234,1,0,1,Fake
user_4464,156,37,6055,291,127906,15243,214,610862,32585,1017,0.009,1,0,0,Fake
user_4465,579,26,4642,876,471084,28566,294,661543,49574,2962,0.06,1,0,0,Fake
user_4466,580,3,26822,583,498107,16014,273,497797,20582,1302,0.206,1,1,0,Fake
user_4467,373,19,24399,267,272739,30361,247,113598,23458,1693,0.006,0,1,0,Fake
user_4468,323,18,21543,111,72625,43802,373,394472,32517,309,0.141,0,1,1,Fake
user_4469,438,13,7886,779,344593,47199,263,382483,7947,1067,0.273,0,1,0,Fake
user_4470,172,11,5595,122,470320,10103,240,744254,25711,4972,0.12,0,0,1,Real
user_4471,4,47,16761,404,294205,42320,322,639541,28327,4899,0.271,0,0,1,Fake
user_4472,320,31,24302,842,396892,26778,105,455608,15113,3294,0.219,0,1,1,Fake
user_4473,252,0,22925,906,9174,11295,200,366862,11382,3121,0.029,0,1,1,Fake
user_4474,226,7,17913,905,438289,40791,479,809375,33746,1604,0.015,0,1,0,Fake
user_4475,446,35,6565,206,429272,47364,409,418131,41405,1793,0.26,0,0,1,Fake
user_4476,283,22,15602,973,149265,19441,232,422194,42571,174,0.006,0,0,0,Fake
user_4477,368,4,15743,88,434117,43521,16,807052,8615,4918,0.243,1,1,1,Fake
user_4478,137,2,9503,568,1610,11788,164,477373,18197,1352,0.212,1,0,0,Real
user_4479,339,26,9484,866,470417,2801,72,426476,26842,2014,0.149,0,0,1,Fake
user_4480,491,30,21873,509,180713,28276,136,310373,16123,2934,0.265,0,1,1,Fake
user_4481,473,36,3277,205,213632,24705,140,42668,1143,3273,0.129,1,1,0,Fake
user_4482,456,19,19292,130,465191,4980,278,636753,28218,2888,0.192,0,1,1,Fake
user_4483,367,36,16153,530,347908,21969,98,639002,7885,2168,0.267,0,1,1,Fake
user_4484,312,28,12036,36,61763,43466,35,758570,48823,26,0.01,1,1,1,Fake
user_4485,498,21,21879,480,74688,16987,277,714354,26903,2005,0.257,1,1,0,Fake
user_4486,564,50,9017,490,473038,40861,495,395971,8790,240,0.274,0,1,0,Fake
user_4487,111,24,12818,111,364455,33709,453,549469,4878,3605,0.242,1,1,0,Fake
user_4488,179,30,12642,114,296887,1773,423,896212,43997,4892,0.269,1,1,0,Fake
user_4489,83,46,22860,234,319819,42356,138,245921,43883,4859,0.151,0,0,0,Fake
user_4490,287,38,26209,38,227618,43831,468,204232,35156,961,0.238,0,1,0,Fake
user_4491,143,8,3517,853,178960,36125,321,301541,43065,2893,0.137,1,0,1,Fake
user_4492,551,48,15203,397,15697,22258,426,816818,23899,2254,0.136,1,0,1,Fake
user_4493,201,8,13660,188,287966,6363,136,278936,46931,492,0.021,1,0,1,Fake
user_4494,269,32,26656,85,421834,12748,58,16858,28349,1474,0.216,1,0,1,Fake
user_4495,78,40,13920,780,445105,13419,177,18313,15561,3792,0.286,0,1,0,Fake
user_4496,77,29,4855,710,411081,47438,112,644867,20705,1707,0.173,1,1,1,Fake
user_4497,19,48,916,825,77197,7010,318,748054,8612,1338,0.03,1,1,0,Fake
user_4498,519,28,9287,69,212982,14616,280,384455,606,210,0.096,0,0,0,Fake
user_4499,31,42,14977,247,309598,42906,391,159739,50,962,0.139,1,0,1,Fake
user_4500,595,28,3936,446,400086,35278,107,169320,30028,1195,0.069,0,0,1,Fake
user_4501,592,9,18488,630,188073,49825,401,981644,28561,4991,0.074,0,1,0,Fake
user_4502,414,46,12760,379,285475,2650,316,864152,4794,2926,0.229,1,0,0,Fake
user_4503,217,20,361,448,354709,2857,53,880411,20490,1761,0.036,0,0,1,Fake
user_4504,37,5,19023,756,76867,17865,89,295225,2722,765,0.079,1,0,0,Fake
user_4505,564,39,9920,146,227617,37610,74,990879,18950,4574,0.258,1,1,0,Fake
user_4506,266,42,1116,452,346511,35024,216,145133,10082,2673,0.132,1,0,1,Fake
user_4507,556,39,21138,611,139480,14709,15,707226,3587,35,0.167,1,0,0,Fake
user_4508,552,26,21313,787,49019,46161,25,398314,20604,180,0.214,0,0,1,Fake
user_4509,483,24,29269,42,410832,10291,12,715286,39787,2393,0.135,0,0,0,Fake
user_4510,152,14,21534,678,288680,4209,469,747263,36855,1048,0.274,0,1,1,Fake
user_4511,374,25,20312,956,200505,42098,44,382236,43222,1642,0.282,0,0,0,Fake
user_4512,401,21,14564,515,300371,5485,158,205810,25258,642,0.116,1,1,1,Fake
user_4513,228,34,1396,785,198336,11585,162,818236,32831,4355,0.243,1,1,1,Fake
user_4514,297,2,29756,997,180731,9950,35,481184,23494,1147,0.208,0,1,1,Fake
user_4515,137,42,29722,193,213345,6184,344,654461,43754,319,0.165,0,0,1,Fake
user_4516,475,28,11623,786,330486,11330,347,210020,42738,3149,0.02,0,0,0,Fake
user_4517,513,47,4564,215,38170,4998,367,728296,27526,4236,0.291,1,1,1,Fake
user_4518,522,17,15332,742,484159,24386,248,191154,39036,1034,0.252,1,0,1,Fake
user_4519,92,41,28915,325,434747,49098,486,133362,29189,454,0.176,0,1,1,Fake
user_4520,406,5,23693,44,113577,19403,214,878484,30184,2465,0.035,1,0,1,Fake
user_4521,372,10,15019,582,7829,33512,85,92530,5068,4328,0.255,1,1,1,Fake
user_4522,514,45,9073,14,294541,43433,440,607603,20058,1019,0.227,1,1,0,Fake
user_4523,10,1,298,971,252669,7382,325,79627,12441,266,0.187,1,0,0,Fake
user_4524,244,36,5187,156,424013,46611,380,797168,44947,4641,0.254,0,0,0,Fake
user_4525,169,40,11722,349,223322,24411,392,270923,14140,1945,0.153,1,1,1,Fake
user_4526,526,50,16404,880,51512,35279,493,255723,45398,458,0.274,1,0,0,Fake
user_4527,143,49,28044,973,352327,10069,44,654067,27686,2839,0.049,0,0,1,Fake
user_4528,456,45,28213,256,435481,28537,499,737589,1571,2435,0.173,1,1,1,Fake
user_4529,163,19,16489,943,359489,35614,415,13930,33107,4347,0.202,0,0,0,Fake
user_4530,183,35,6906,179,462572,27338,166,480934,2754,2358,0.019,1,0,0,Fake
user_4531,579,41,11430,358,76397,35113,389,22283,48834,3672,0.264,1,0,0,Fake
user_4532,579,7,29574,473,401862,32735,343,379422,38853,1781,0.008,1,0,0,Fake
user_4533,149,41,23141,205,99764,26310,348,726956,2486,4228,0.159,0,0,1,Fake
user_4534,495,35,17205,923,423222,19526,126,298334,7163,2940,0.03,0,1,0,Fake
user_4535,367,5,12799,659,277088,552,446,501471,2892,3632,0.209,1,0,1,Fake
user_4536,41,12,16811,57,164466,6814,27,704393,5154,3976,0.203,1,1,1,Fake
user_4537,224,39,2056,400,299634,38197,455,255062,18646,4915,0.168,1,0,1,Fake
user_4538,499,34,5717,389,176607,7191,155,441800,49434,3662,0.1,1,0,0,Fake
user_4539,237,36,21493,156,484350,34789,384,52500,27367,1675,0.11,0,0,1,Fake
user_4540,64,48,4961,969,393437,21411,489,799290,48020,4807,0.14,0,0,1,Fake
user_4541,270,3,11529,298,63012,17179,298,119556,6294,4304,0.068,0,1,0,Fake
user_4542,378,36,21493,517,132084,36455,46,350827,3280,1231,0.212,0,1,0,Fake
user_4543,239,33,23567,65,442136,35208,121,516782,48016,2219,0.083,0,0,1,Fake
user_4544,43,12,18453,230,100684,3833,163,826897,14191,2699,0.137,1,0,0,Fake
user_4545,211,48,11117,188,407486,25523,70,671654,39314,2682,0.125,1,0,1,Fake
user_4546,530,30,15056,642,140009,20270,18,615245,9751,1939,0.037,1,0,0,Fake
user_4547,369,32,23435,199,209018,20027,114,119841,31823,4311,0.096,1,0,0,Fake
user_4548,397,1,28136,343,283885,49157,274,86629,33649,859,0.17,0,0,0,Fake
user_4549,480,7,25778,673,78093,8753,425,951973,34370,3069,0.291,1,0,1,Fake
user_4550,465,42,4588,738,126144,44152,304,990573,32822,693,0.007,1,1,0,Fake
user_4551,47,34,9120,449,308077,62,263,344722,36521,4389,0.246,1,1,1,Fake
user_4552,40,11,25721,25,417481,2790,174,38946,6433,1284,0.131,0,0,1,Fake
user_4553,331,1,24989,892,405350,25445,87,781421,35254,3981,0.187,1,0,0,Fake
user_4554,105,17,21575,451,162918,11643,471,736204,38921,1190,0.077,0,1,1,Fake
user_4555,533,50,9926,71,445520,37356,335,100854,13574,1538,0.164,1,1,0,Fake
user_4556,280,13,12908,863,266878,32930,441,45986,2507,4220,0.277,0,1,1,Fake
user_4557,269,15,2235,251,142554,32625,288,72606,18418,1131,0.029,1,0,0,Real
user_4558,592,45,27503,616,328225,28982,250,416248,25607,3576,0.225,0,1,0,Fake
user_4559,557,37,21139,541,471331,41830,77,743271,43020,2248,0.001,0,1,0,Fake
user_4560,583,28,15851,294,21266,34368,26,869064,7509,1077,0.018,0,1,0,Fake
user_4561,178,5,12337,570,448075,31486,312,953711,25288,4807,0.22,0,1,1,Fake
user_4562,385,34,15458,164,15442,16026,323,158746,15930,2908,0.011,1,0,1,Fake
user_4563,387,38,19852,146,436485,20557,286,439415,36363,806,0.133,1,0,0,Fake
user_4564,374,20,21593,560,86111,34129,232,9346,34275,4132,0.123,0,0,1,Fake
user_4565,79,25,5910,987,250828,21449,339,32222,7463,2812,0.045,0,1,1,Fake
user_4566,529,37,18875,325,394439,48283,177,528397,26714,1512,0.232,1,1,0,Fake
user_4567,257,2,23216,58,117301,25409,436,34284,33309,2968,0.298,1,1,0,Fake
user_4568,385,31,16612,114,512,41799,353,141086,31007,2991,0.015,1,0,0,Fake
user_4569,228,1,25408,701,3414,26327,206,420820,46381,3825,0.127,1,1,0,Fake
user_4570,528,21,21591,66,350075,18466,162,365585,35104,3430,0.291,0,0,1,Fake
user_4571,415,27,17217,419,446802,26168,91,587753,48094,4324,0.012,0,1,0,Fake
user_4572,361,11,8494,530,269430,49082,390,599597,23089,4308,0.231,0,0,0,Fake
user_4573,353,26,4240,547,227671,20368,412,752634,5806,649,0.182,1,1,0,Fake
user_4574,498,1,22864,17,314778,48847,351,219084,34566,2756,0.048,0,0,1,Fake
user_4575,493,33,10619,633,204825,7782,491,701942,44895,2772,0.123,1,0,0,Fake
user_4576,6,20,19295,737,475706,39045,367,274364,23148,4847,0.222,1,0,1,Fake
user_4577,513,24,19029,173,464117,28530,79,885727,27555,336,0.053,0,1,0,Fake
user_4578,142,16,11406,741,204098,47462,161,491495,39051,1996,0.169,1,0,1,Fake
user_4579,450,5,19152,955,32823,8473,475,953926,2998,439,0.199,0,0,1,Fake
user_4580,169,7,20233,329,28914,14267,15,352598,22971,4204,0.099,1,0,1,Fake
user_4581,235,6,27193,379,61228,19411,178,626915,41137,1015,0.238,0,0,1,Fake
user_4582,78,34,13230,39,437104,43155,327,477851,2305,4711,0.046,0,1,1,Fake
user_4583,526,10,2214,146,400164,11815,373,905463,43308,3467,0.277,0,1,0,Fake
user_4584,287,18,1472,923,202997,7326,342,583328,38745,2689,0.223,1,0,1,Fake
user_4585,216,9,967,106,264188,40010,87,963131,25022,2484,0.078,0,1,0,Fake
user_4586,153,11,27919,700,105936,9234,38,895369,21893,2144,0.177,1,1,1,Fake
user_4587,191,16,24014,239,39351,46849,275,213183,26231,4110,0.146,1,0,0,Fake
user_4588,161,49,5215,6,42579,28581,103,231375,49725,3714,0.247,0,0,0,Fake
user_4589,370,5,7592,390,350389,9491,129,334122,36490,3175,0.18,0,0,0,Fake
user_4590,121,9,3163,3,101362,11733,182,303061,35147,846,0.269,0,0,0,Real
user_4591,235,19,21799,576,426934,4921,435,532257,49719,2773,0.112,1,1,0,Fake
user_4592,424,26,3480,59,320806,12668,128,524700,10506,122,0.239,0,1,0,Fake
user_4593,338,43,16365,833,175553,11994,25,748400,24916,2409,0.193,1,0,0,Fake
user_4594,116,10,22260,396,431782,1121,301,217072,31367,4198,0.179,1,1,0,Fake
user_4595,493,3,15611,787,431659,20030,487,375554,11540,4541,0.207,0,0,0,Fake
user_4596,490,39,10605,580,447977,45231,258,515895,34341,2307,0.244,0,1,0,Fake
user_4597,490,20,24900,122,13361,4191,228,937878,2246,4793,0.122,0,0,0,Fake
user_4598,215,11,7586,877,25121,2980,229,93594,788,943,0.247,1,0,1,Fake
user_4599,165,1,25288,229,495632,18633,321,629274,31402,2665,0.097,1,0,0,Fake
user_4600,420,45,26494,780,34719,10688,492,195969,10229,249,0.083,0,1,1,Fake
user_4601,22,3,24007,643,196708,40090,419,113033,46827,4181,0.22,1,1,0,Fake
user_4602,249,19,26070,36,276725,16576,62,297468,31999,4686,0.11,1,0,0,Fake
user_4603,44,24,7753,577,29352,34858,328,598165,10262,1115,0.27,1,0,0,Fake
user_4604,130,6,3454,558,320899,14218,492,422491,116,2091,0.138,0,0,0,Real
user_4605,587,20,29484,75,339888,7390,143,494921,47448,2360,0.168,0,0,0,Fake
user_4606,164,9,28860,20,146405,18442,296,597829,41832,3335,0.294,1,1,0,Fake
user_4607,137,26,5701,664,41997,48020,473,95724,36305,2379,0.2,0,1,1,Fake
user_4608,524,20,23860,843,153634,31824,327,857947,7357,336,0.218,1,1,0,Fake
user_4609,40,16,29244,932,330229,33494,215,264397,44120,1944,0.286,0,0,0,Fake
user_4610,586,24,12585,487,317998,37247,74,403076,43828,2723,0.145,1,1,1,Fake
user_4611,150,7,24766,959,38358,45876,478,254244,19030,219,0.02,1,0,1,Fake
user_4612,57,3,13764,585,449753,7334,490,939782,29322,3634,0.018,0,0,0,Fake
user_4613,170,12,2109,660,386783,5901,301,745412,10114,3383,0.21,0,1,1,Real
user_4614,264,15,2029,395,168502,30871,491,529905,41436,4879,0.056,1,1,1,Real
user_4615,184,48,20050,289,28481,40304,433,969017,12658,2958,0.176,0,1,0,Fake
user_4616,529,38,8207,702,237574,29262,407,433237,30022,2839,0.209,0,0,1,Fake
user_4617,415,37,3751,630,213799,10054,289,664346,13813,2886,0.106,0,0,1,Fake
user_4618,577,15,1226,396,405617,49830,481,406153,23049,4926,0.214,1,1,1,Fake
user_4619,19,31,27748,460,92898,26624,428,894502,27523,1723,0.017,0,1,1,Fake
user_4620,290,32,24573,932,452407,38543,27,297408,18528,3016,0.129,0,1,1,Fake
user_4621,87,48,2388,766,330058,39938,342,711751,1162,2724,0.242,0,0,0,Fake
user_4622,221,32,14468,243,273577,38932,448,872157,30546,4164,0.138,1,0,1,Fake
user_4623,459,24,25013,699,102707,40171,199,251726,33801,4184,0.167,1,0,1,Fake
user_4624,482,7,12265,502,457095,18198,215,851771,14632,637,0.059,1,0,0,Fake
user_4625,493,17,19874,627,305378,37707,283,163332,47654,507,0.12,0,0,1,Fake
user_4626,174,3,20686,256,497771,45262,77,24060,47476,4159,0.23,0,1,0,Fake
user_4627,224,20,27547,353,232424,34527,460,919177,46656,1098,0.032,0,1,0,Fake
user_4628,420,29,965,651,336631,6326,12,217756,1886,1249,0.087,1,1,1,Fake
user_4629,146,35,5703,465,215553,42709,53,96069,34961,3658,0.067,1,1,1,Fake
user_4630,596,26,10523,490,328716,10543,252,988189,14545,3593,0.006,1,1,1,Fake
user_4631,186,4,3527,941,75312,33665,347,995841,3258,2701,0.018,1,1,1,Fake
user_4632,523,30,22895,920,26371,45764,196,518893,26236,2457,0.277,1,0,1,Fake
user_4633,270,1,14729,156,382717,13052,135,726320,39561,3662,0.105,1,0,0,Fake
user_4634,171,26,12374,465,193127,7267,331,145446,29061,3702,0.286,1,1,0,Fake
user_4635,350,40,4365,549,115611,48192,488,856987,34106,4068,0.018,1,1,1,Fake
user_4636,464,14,20886,900,334235,36015,11,689333,49822,4039,0.088,1,0,1,Fake
user_4637,70,1,18801,368,146695,1304,239,427471,39217,2224,0.06,1,1,0,Fake
user_4638,235,17,18234,229,141621,3736,325,443843,38272,3048,0.03,1,0,0,Fake
user_4639,387,35,6544,147,8817,14374,219,382590,41209,4705,0.205,0,1,0,Fake
user_4640,394,37,6413,293,469614,28310,219,153357,37335,1473,0.254,1,0,0,Fake
user_4641,135,43,8273,652,259663,27672,61,816505,24328,3030,0.139,0,0,0,Fake
user_4642,111,6,16092,748,231027,26858,489,543631,6765,2325,0.044,1,0,0,Fake
user_4643,16,15,14336,178,232099,1372,279,148884,42044,962,0.233,1,0,1,Fake
user_4644,207,48,22244,986,313962,48332,230,325454,16731,1033,0.0,0,0,1,Fake
user_4645,535,35,9374,990,147587,45101,302,411928,22719,1776,0.033,0,1,1,Fake
user_4646,516,41,7389,397,204859,48832,180,564895,18615,4213,0.047,1,1,0,Fake
user_4647,429,50,6592,263,85098,11016,255,349251,39817,3664,0.134,0,1,1,Fake
user_4648,153,8,24318,903,30504,46283,88,276687,35954,1215,0.298,0,0,1,Fake
user_4649,98,19,5311,164,374506,139,397,900004,13396,2363,0.22,1,0,0,Fake
user_4650,181,36,14223,376,494367,4088,401,932154,26978,4807,0.141,1,1,0,Fake
user_4651,487,26,26667,757,235418,352,343,621013,30241,2034,0.132,0,1,1,Fake
user_4652,39,28,17318,21,464223,22795,478,945439,5205,3952,0.064,0,0,1,Fake
user_4653,544,5,26498,442,73259,12891,385,174531,17053,4883,0.287,1,0,1,Fake
user_4654,515,40,25886,824,380644,49020,338,755608,25397,3849,0.003,0,0,0,Fake
user_4655,120,32,6301,307,211403,10570,404,522253,31510,315,0.262,0,0,1,Fake
user_4656,95,13,2818,147,400014,35339,158,702347,17264,139,0.228,0,0,0,Real
user_4657,493,50,19074,43,452469,22063,444,134779,36981,4042,0.054,1,0,1,Fake
user_4658,133,9,794,470,215821,12674,443,304190,2314,508,0.209,1,1,1,Real
user_4659,552,23,20614,420,352003,35649,13,2740,28493,2334,0.047,0,0,0,Fake
user_4660,1,34,21910,727,68172,25954,168,41311,24832,2711,0.216,1,0,1,Fake
user_4661,441,10,3152,900,312639,12356,136,850231,34527,2983,0.275,0,0,1,Fake
user_4662,534,50,6669,554,71928,6315,417,36052,33757,4913,0.206,0,1,1,Fake
user_4663,430,15,1089,872,180643,252,490,722684,47396,2328,0.063,1,0,1,Fake
user_4664,379,34,26542,232,10203,21087,167,923354,27384,4484,0.164,1,0,1,Fake
user_4665,44,27,4605,411,291223,41406,261,770323,29454,2543,0.03,0,0,1,Fake
user_4666,542,35,29271,128,418731,3041,141,708104,24417,4662,0.273,0,0,1,Fake
user_4667,439,28,171,860,48270,21406,71,689783,4481,3408,0.122,0,1,1,Fake
user_4668,234,2,11782,641,391047,11761,373,148111,36777,3783,0.119,0,0,1,Fake
user_4669,493,0,25375,361,457414,17704,93,21801,22126,2172,0.28,1,1,1,Fake
user_4670,390,29,13370,213,257999,16008,172,572631,49994,864,0.05,1,1,1,Fake
user_4671,358,39,18621,964,380102,34698,125,410122,32205,3574,0.265,0,1,1,Fake
user_4672,589,18,17910,415,327884,15397,47,696328,6617,3492,0.01,0,1,1,Fake
user_4673,100,41,28327,431,433065,36033,346,52040,5505,1086,0.221,0,0,1,Fake
user_4674,435,10,2358,904,248585,46516,109,90555,27851,1617,0.094,1,0,0,Fake
user_4675,137,0,11164,427,483828,125,256,318970,19944,4617,0.285,0,1,0,Fake
user_4676,260,3,6072,471,201574,23283,348,698917,23220,2792,0.119,0,0,0,Real
user_4677,488,30,22359,751,483965,36251,326,782534,28253,3455,0.295,0,1,1,Fake
user_4678,238,17,23919,463,25005,45161,171,395302,2977,4002,0.07,1,0,1,Fake
user_4679,85,38,29851,454,84395,10606,445,828281,23009,961,0.02,0,0,0,Fake
user_4680,290,16,23864,975,296443,27389,217,18316,43832,1261,0.153,0,1,1,Fake
user_4681,556,43,21044,397,366624,40366,59,335155,39820,2702,0.299,1,1,0,Fake
user_4682,418,24,17306,474,488890,11201,16,90194,23949,2982,0.082,1,0,0,Fake
user_4683,263,22,16258,372,315515,43252,36,617850,26356,4801,0.145,0,0,0,Fake
user_4684,193,40,6230,345,35019,36998,264,25257,13580,1810,0.101,0,0,1,Fake
user_4685,5,13,27276,333,403236,40072,260,586655,19901,2814,0.016,0,0,0,Fake
user_4686,7,37,6798,681,407759,4092,263,802884,16314,244,0.085,0,0,0,Fake
user_4687,591,32,18689,408,138173,3908,110,354335,49184,1382,0.242,0,1,0,Fake
user_4688,535,18,27118,136,11919,29563,338,293395,5859,3689,0.297,1,0,1,Fake
user_4689,120,2,15523,740,208288,26090,96,218598,33015,3530,0.154,0,1,1,Fake
user_4690,532,10,16411,542,491034,34995,47,863923,3199,3659,0.294,0,1,1,Fake
user_4691,7,47,11537,210,274717,45711,264,150198,41013,2158,0.013,1,1,0,Fake
user_4692,384,34,11681,251,353701,28324,189,519577,42979,170,0.061,1,1,0,Fake
user_4693,210,36,20266,222,279726,10748,41,920032,28763,3076,0.186,1,0,1,Fake
user_4694,323,4,29483,729,137782,29975,125,120105,13730,2466,0.117,1,0,1,Fake
user_4695,418,19,18307,195,35210,49563,224,420106,38572,1015,0.272,0,0,1,Fake
user_4696,370,5,27964,582,102376,28583,54,683359,9604,1268,0.096,0,1,1,Fake
user_4697,109,25,4517,199,104039,15995,397,212775,1065,1253,0.239,0,1,1,Fake
user_4698,158,44,26266,970,106255,14885,304,765075,47170,4020,0.105,0,1,0,Fake
user_4699,436,7,2200,894,237956,11620,400,59789,2121,1208,0.199,1,0,1,Fake
user_4700,599,8,14381,746,121694,36425,349,921811,8827,3954,0.055,0,0,0,Fake
user_4701,259,46,14008,675,46759,13553,101,676294,22904,3254,0.273,1,0,1,Fake
user_4702,267,35,20495,802,491384,32872,33,729886,34685,2952,0.071,0,0,1,Fake
user_4703,548,17,12324,633,69555,39938,85,760732,22682,1616,0.009,1,1,1,Fake
user_4704,433,27,28638,372,488314,25255,365,207772,28083,514,0.187,0,1,0,Fake
user_4705,578,13,2322,921,164731,44117,180,245861,21710,2318,0.297,1,1,1,Fake
user_4706,374,39,18649,474,187631,13359,436,335825,49703,3013,0.068,1,0,0,Fake
user_4707,282,32,2560,561,374823,14056,328,942250,14019,927,0.26,1,1,0,Fake
user_4708,406,20,4167,883,487908,31696,391,441249,15743,1654,0.046,1,1,1,Fake
user_4709,208,43,25637,782,89783,26706,437,886063,30783,2263,0.231,1,1,0,Fake
user_4710,423,21,16949,811,106230,48954,308,687294,46104,845,0.017,1,1,0,Fake
user_4711,565,40,9772,418,180743,5459,315,953759,31248,4066,0.244,0,0,0,Fake
user_4712,570,16,3306,383,480153,33138,379,227614,31595,404,0.13,1,0,0,Fake
user_4713,494,48,3864,659,210403,22034,46,399915,15856,457,0.132,0,0,0,Fake
user_4714,183,45,16341,314,56997,41615,312,627334,1207,2776,0.122,1,1,0,Fake
user_4715,379,28,7555,218,244943,7474,111,747391,44368,2317,0.097,0,0,1,Fake
user_4716,572,17,1686,402,285572,41360,274,799672,13111,2986,0.197,1,1,1,Fake
user_4717,568,15,19709,144,486102,35542,257,873050,6515,2755,0.097,1,1,0,Fake
user_4718,495,42,17712,481,41497,49154,109,940322,24807,4552,0.221,1,0,0,Fake
user_4719,259,20,10843,111,243403,26377,117,210525,32448,1971,0.054,0,1,0,Fake
user_4720,314,21,738,555,5579,11602,245,851258,45056,2373,0.047,1,1,0,Fake
user_4721,591,13,7340,667,107435,26060,30,13488,36517,2893,0.291,0,1,1,Fake
user_4722,352,29,26913,463,445406,29810,107,93752,31524,2913,0.034,0,0,1,Fake
user_4723,407,38,9499,307,471394,6865,162,951136,7095,2754,0.259,1,1,1,Fake
user_4724,141,21,27136,926,475863,16241,384,61040,38790,2978,0.293,1,1,1,Fake
user_4725,121,1,8237,852,86126,28446,104,59626,10543,3564,0.083,1,0,0,Fake
user_4726,235,44,12793,978,355484,36185,424,757472,27242,1534,0.1,1,1,0,Fake
user_4727,457,8,23044,793,53297,19969,160,39548,7060,1007,0.21,1,0,0,Fake
user_4728,165,41,11727,890,41206,7121,446,617960,24325,3473,0.284,1,1,1,Fake
user_4729,102,0,2226,638,316107,53,168,54961,18557,4573,0.15,1,1,0,Real
user_4730,219,38,28588,422,85659,4874,150,551890,35881,1758,0.13,0,1,1,Fake
user_4731,520,30,28556,52,243,12443,443,860624,31489,1667,0.022,1,1,0,Fake
user_4732,410,0,5172,204,199140,10161,239,624100,44125,3055,0.165,0,1,0,Fake
user_4733,346,0,9439,222,59045,43504,156,617238,10072,3962,0.004,1,1,1,Fake
user_4734,563,43,2450,345,114751,33150,291,246201,826,3396,0.166,0,1,0,Fake
user_4735,53,11,17511,564,393393,10279,321,69170,6782,3397,0.02,0,1,0,Fake
user_4736,164,26,18853,911,221196,13180,10,579909,9409,4169,0.293,1,1,0,Fake
user_4737,398,35,7910,160,124766,14785,409,464904,17211,442,0.156,0,1,1,Fake
user_4738,5,44,27957,675,432625,46982,148,546351,43567,4591,0.286,0,1,1,Fake
user_4739,93,45,16965,393,269114,39896,262,119493,3773,2917,0.136,1,1,0,Fake
user_4740,148,31,20029,959,351080,9984,230,762438,9076,63,0.056,0,1,1,Fake
user_4741,482,48,16385,529,166595,6497,23,3724,24572,2470,0.067,1,0,1,Fake
user_4742,445,25,10231,442,69392,44107,237,848866,19010,4755,0.233,0,1,0,Fake
user_4743,90,34,13081,184,245224,35426,393,986198,22086,750,0.133,0,0,1,Fake
user_4744,65,5,20271,965,259914,33298,500,324767,21053,245,0.167,0,1,1,Fake
user_4745,269,50,1856,453,286320,47912,283,895072,1558,4118,0.281,0,1,1,Fake
user_4746,227,41,17889,24,300645,14667,222,863973,43134,3419,0.196,1,0,0,Fake
user_4747,379,41,22856,710,180861,22893,453,557522,3788,416,0.115,1,1,1,Fake
user_4748,81,4,29222,211,197122,12244,75,47033,22419,2406,0.107,1,1,1,Fake
user_4749,38,34,3633,395,63577,30217,406,181917,19384,1645,0.25,1,1,1,Fake
user_4750,393,1,19096,581,99817,48311,125,552313,38656,650,0.04,0,1,0,Fake
user_4751,410,42,15433,683,114427,39327,171,674965,2054,3880,0.033,1,1,0,Fake
user_4752,533,28,8619,176,234613,47731,43,994422,33245,727,0.036,0,0,1,Fake
user_4753,293,43,21405,279,38973,4148,482,241844,48783,3035,0.132,0,0,0,Fake
user_4754,58,7,982,763,467350,34626,463,352240,47180,2700,0.298,1,1,1,Real
user_4755,179,22,1057,696,350159,31252,12,732975,2390,3862,0.104,0,0,1,Fake
user_4756,506,24,11077,576,285835,21323,364,998075,43634,4580,0.11,0,1,1,Fake
user_4757,449,38,13808,787,155571,46415,438,292216,36935,2630,0.149,1,0,0,Fake
user_4758,10,22,8548,159,161007,48253,250,67600,38413,1299,0.109,1,1,1,Fake
user_4759,206,24,6570,656,138725,45895,221,351380,36081,765,0.287,0,1,0,Fake
user_4760,530,11,10962,411,310669,1296,174,570168,13682,4743,0.187,0,1,1,Fake
user_4761,292,49,29098,588,25786,26611,49,923565,37226,3742,0.112,1,0,1,Fake
user_4762,199,44,25058,800,380626,31606,408,989148,32504,4776,0.169,1,1,0,Fake
user_4763,34,0,1946,820,88444,32309,397,629288,26310,1896,0.159,0,0,1,Fake
user_4764,522,7,4564,202,453277,25273,321,792721,41359,1827,0.267,1,1,0,Fake
user_4765,528,29,6692,154,303461,6224,46,188440,30031,3202,0.08,0,1,1,Fake
user_4766,237,23,17926,421,169356,42640,412,655352,15525,4554,0.028,1,1,0,Fake
user_4767,173,12,26763,324,25053,2847,251,716117,34106,3143,0.232,0,1,1,Fake
user_4768,36,28,24047,479,73846,27688,332,53028,33423,378,0.103,0,1,1,Fake
user_4769,368,0,10800,251,453049,49513,27,651834,31346,1987,0.202,1,0,0,Fake
user_4770,244,14,24816,888,207402,41231,480,775521,8854,561,0.175,0,0,1,Fake
user_4771,0,47,21736,756,154149,47405,362,241293,20306,3442,0.255,0,1,0,Fake
user_4772,161,1,29894,133,267527,24263,295,51767,24740,295,0.21,1,1,1,Fake
user_4773,88,48,28779,780,22545,38142,446,968320,6382,4288,0.177,0,1,0,Fake
user_4774,282,17,2042,953,428585,10947,409,275263,25672,4716,0.197,0,0,1,Fake
user_4775,409,43,7720,498,49553,411,192,740585,14061,4240,0.28,1,1,0,Fake
user_4776,361,45,16172,323,226051,41602,55,231342,864,4146,0.095,0,0,0,Fake
user_4777,404,22,2389,625,144384,35273,257,664123,13251,4475,0.119,1,0,0,Fake
user_4778,415,12,26399,955,149296,34252,365,465024,18487,2869,0.045,1,1,0,Fake
user_4779,600,5,18476,781,27734,6583,132,437422,16300,200,0.12,0,0,0,Fake
user_4780,205,39,29632,627,123998,42872,346,445327,34481,720,0.094,1,1,1,Fake
user_4781,530,40,19988,543,236841,17458,95,92820,14402,273,0.007,0,0,1,Fake
user_4782,15,19,23038,752,107421,16211,452,254218,43991,3019,0.115,0,1,1,Fake
user_4783,70,45,27361,643,357589,4919,285,807733,3895,3045,0.056,0,0,1,Fake
user_4784,92,14,25086,896,131138,40708,313,437763,1802,4520,0.2,0,1,0,Fake
user_4785,562,14,26459,36,436207,8351,187,413042,1960,1613,0.019,0,1,0,Fake
user_4786,291,31,1158,692,53275,30611,50,178670,38028,4892,0.026,1,0,0,Fake
user_4787,572,23,11332,99,208855,39760,147,559718,5208,641,0.24,0,0,1,Fake
user_4788,596,2,2318,805,246624,29136,190,960694,19074,760,0.285,1,0,0,Fake
user_4789,356,17,13639,66,280065,26853,206,673916,14640,884,0.262,0,0,1,Fake
user_4790,355,31,19600,87,56771,7653,108,25933,20504,3026,0.134,0,0,0,Fake
user_4791,283,45,24225,21,486373,30188,140,536708,10314,1676,0.286,1,1,0,Fake
user_4792,231,45,20068,8,74330,32975,28,827189,40310,1418,0.023,1,0,1,Fake
user_4793,199,38,2640,942,474503,45533,319,850158,20133,358,0.176,0,0,1,Fake
user_4794,465,13,29082,882,242852,7252,426,86347,40531,1325,0.142,1,0,0,Fake
user_4795,413,0,18069,890,388453,23091,47,147147,14812,3325,0.156,0,0,0,Fake
user_4796,588,12,15688,54,414678,38890,295,143765,1163,2335,0.176,1,0,1,Fake
user_4797,4,40,4242,339,261964,27459,416,707137,32225,397,0.065,0,0,0,Fake
user_4798,267,25,8864,873,349844,37981,191,666044,45327,270,0.251,0,1,0,Fake
user_4799,179,7,23702,92,269164,34946,270,449932,46784,1555,0.052,0,1,0,Fake
user_4800,416,17,1367,320,89295,42156,10,545168,18217,1944,0.241,1,1,0,Fake
user_4801,518,36,3409,953,479812,16184,186,70023,6970,1778,0.08,1,0,0,Fake
user_4802,109,32,1166,923,97857,35456,187,365732,28683,4674,0.26,1,1,0,Fake
user_4803,572,31,16272,365,39415,45401,288,894487,37233,3550,0.242,0,1,0,Fake
user_4804,74,10,16633,207,7347,19589,389,907245,37119,1990,0.1,0,0,1,Fake
user_4805,515,35,7380,761,437234,22933,50,798000,42193,4094,0.194,1,1,0,Fake
user_4806,301,12,21310,154,84660,43302,383,599867,27051,4812,0.201,0,0,1,Fake
user_4807,348,42,11477,980,335052,32602,387,317823,20584,348,0.187,1,1,0,Fake
user_4808,119,47,14139,218,48375,11678,423,817689,17791,1515,0.148,1,1,0,Fake
user_4809,525,36,15649,314,460420,48131,58,481153,27086,19,0.206,1,1,1,Fake
user_4810,263,43,9942,860,257727,44273,174,937562,49453,1934,0.034,0,1,1,Fake
user_4811,550,43,25609,67,468853,1090,468,731284,25394,4451,0.281,1,0,0,Fake
user_4812,588,38,27847,371,430249,46936,437,268891,10001,4591,0.125,1,1,0,Fake
user_4813,256,36,28719,638,308802,47964,241,806463,33553,3666,0.027,0,0,1,Fake
user_4814,453,11,7463,931,281146,9874,143,480246,40579,4249,0.083,1,0,0,Fake
user_4815,386,4,702,323,433755,45973,148,887938,32540,1389,0.113,1,1,1,Fake
user_4816,576,37,1813,597,95625,25610,377,3927,45428,514,0.096,1,1,0,Fake
user_4817,495,8,863,926,53654,24698,419,914164,12756,4584,0.282,1,1,1,Fake
user_4818,249,47,25349,848,329392,24159,327,364361,23542,4360,0.241,1,0,1,Fake
user_4819,347,4,25618,457,101389,45608,210,955630,6538,1730,0.129,1,1,0,Fake
user_4820,469,8,26586,486,136890,26165,352,752675,34201,4327,0.101,0,0,1,Fake
user_4821,471,16,6428,346,272328,34987,197,230988,39690,2434,0.045,0,0,1,Fake
user_4822,600,36,17504,720,487894,25196,137,77227,24745,2321,0.042,0,1,1,Fake
user_4823,28,14,19927,179,220131,11194,318,868439,10273,3684,0.254,1,1,1,Fake
user_4824,493,33,28190,296,89978,40084,351,905093,9520,4257,0.237,1,0,1,Fake
user_4825,119,46,12431,310,300165,23193,69,92565,22074,813,0.271,0,1,1,Fake
user_4826,264,50,22345,103,286326,37666,481,38100,10171,3376,0.232,1,1,0,Fake
user_4827,69,17,22400,821,178330,6173,213,365797,29644,3709,0.012,1,0,0,Fake
user_4828,391,12,24180,575,385114,9067,34,713955,21450,3541,0.203,0,1,0,Fake
user_4829,225,43,592,163,435026,21212,341,575123,41408,3311,0.028,1,1,0,Fake
user_4830,235,1,18104,922,257585,29374,261,992873,26490,2035,0.297,0,0,1,Fake
user_4831,323,44,15799,901,411248,13378,430,222393,3649,2236,0.032,0,0,1,Fake
user_4832,422,43,1708,155,383374,20188,252,707100,273,1106,0.158,1,1,0,Fake
user_4833,361,34,12685,167,360070,40418,11,817632,10874,64,0.032,0,1,1,Fake
user_4834,528,39,25089,425,317977,33241,35,777709,8348,4453,0.175,0,0,1,Fake
user_4835,548,16,12361,121,229601,38874,155,256384,16371,1905,0.133,0,0,0,Fake
user_4836,9,43,22788,545,122612,37060,15,8773,2448,2449,0.185,0,0,1,Fake
user_4837,269,35,4103,932,397346,10650,310,903891,8496,4198,0.161,1,0,1,Fake
user_4838,254,29,14081,633,223357,22506,135,642643,14709,759,0.013,1,0,1,Fake
user_4839,294,0,22981,419,454339,21374,466,453666,18806,1520,0.252,1,0,0,Fake
user_4840,95,27,13986,162,433236,14648,434,521346,2552,2408,0.18,0,1,0,Fake
user_4841,408,41,18007,575,121440,39475,420,975037,24397,1526,0.29,1,1,0,Fake
user_4842,350,43,4514,565,458612,17880,16,212654,25050,3315,0.075,1,1,1,Fake
user_4843,77,41,3787,643,431250,43985,377,634032,48729,3563,0.134,1,0,0,Fake
user_4844,567,3,14350,480,282779,28518,169,469620,30677,2392,0.237,0,0,0,Fake
user_4845,182,20,3866,716,127417,41174,173,648789,29596,3938,0.091,0,0,1,Real
user_4846,487,27,29397,287,459613,41711,467,528312,6690,2278,0.2,1,0,1,Fake
user_4847,321,26,20173,706,60285,591,169,304313,12088,1219,0.275,0,1,1,Fake
user_4848,362,17,29607,868,444636,29120,70,146284,23555,3383,0.194,0,1,1,Fake
user_4849,223,7,12049,925,270165,48376,286,99262,5165,2514,0.246,0,0,0,Fake
user_4850,587,43,11527,255,92912,19520,151,584790,43207,2251,0.265,1,0,0,Fake
user_4851,275,33,6345,999,284956,8945,19,612923,24180,245,0.243,1,1,1,Fake
user_4852,187,29,11243,116,357318,37967,399,130853,33990,2110,0.268,1,0,1,Fake
user_4853,194,31,14304,679,166955,39834,137,783282,36953,3793,0.155,0,0,1,Fake
user_4854,510,23,1898,968,214132,1472,319,323406,48272,4577,0.146,0,0,0,Fake
user_4855,204,33,7804,150,15286,29166,482,146728,2849,1590,0.278,1,1,1,Fake
user_4856,240,48,7603,931,177456,17571,413,699679,17196,1363,0.075,0,0,0,Fake
user_4857,247,2,3014,455,120013,41117,374,442699,6703,4054,0.218,1,1,1,Real
user_4858,271,46,19287,99,300115,31141,289,635860,33854,4909,0.156,0,1,0,Fake
user_4859,211,14,329,773,393358,9353,86,244088,41224,3556,0.005,1,1,0,Real
user_4860,234,3,7442,40,235742,40458,101,497413,10879,3329,0.154,1,0,0,Real
user_4861,207,17,13535,138,387336,27001,51,428020,33216,1962,0.242,0,1,1,Fake
user_4862,255,26,24493,901,12015,27725,421,769074,784,3623,0.182,1,1,1,Fake
user_4863,364,34,24660,390,258382,38683,286,905460,22073,4865,0.004,0,0,0,Fake
user_4864,159,28,29108,484,411884,19956,22,373270,4551,2680,0.256,1,0,1,Fake
user_4865,109,20,26467,388,368479,4124,358,679098,27054,4245,0.273,0,1,1,Fake
user_4866,122,0,25990,488,308601,28696,117,30179,26381,761,0.152,0,1,1,Fake
user_4867,80,25,17570,174,285526,37623,311,794262,28269,4502,0.164,1,1,0,Fake
user_4868,504,12,18613,785,377058,40549,205,763859,2847,3886,0.08,0,0,1,Fake
user_4869,6,21,1500,20,333788,25975,211,108890,46506,3634,0.058,0,1,1,Fake
user_4870,554,5,26272,600,224756,31747,403,425235,35537,2476,0.085,0,1,1,Fake
user_4871,43,36,488,704,211173,1415,92,851752,7520,2233,0.252,0,1,1,Fake
user_4872,493,1,28614,837,356906,36859,402,509421,11776,4992,0.102,1,1,1,Fake
user_4873,380,47,23587,371,486070,252,491,447889,14254,4640,0.01,0,0,0,Fake
user_4874,322,14,8189,953,62387,36257,388,502201,37952,1382,0.252,0,0,0,Fake
user_4875,504,44,26627,451,237803,39012,384,723600,8328,2548,0.034,0,0,1,Fake
user_4876,588,27,1863,598,250778,29968,30,908878,31968,3179,0.217,0,1,0,Fake
user_4877,281,4,2510,585,367060,20119,132,103068,34550,4312,0.014,1,0,1,Real
user_4878,502,15,1856,186,32028,44957,273,533816,36262,3652,0.113,1,0,1,Fake
user_4879,187,12,4152,458,211109,44545,200,519296,19261,723,0.285,0,1,0,Real
user_4880,523,10,14370,915,451361,32638,478,501970,18049,2506,0.066,0,0,1,Fake
user_4881,286,21,5917,20,491884,16705,430,417467,31844,2107,0.287,0,0,1,Fake
user_4882,407,19,9260,993,260290,36644,288,911981,41607,3145,0.155,0,1,1,Fake
user_4883,227,4,1432,503,123705,23064,293,941560,40252,4995,0.247,1,1,1,Fake
user_4884,590,40,10293,969,472023,44930,214,131350,2204,1779,0.13,0,1,0,Fake
user_4885,131,40,11457,687,212381,40488,360,690174,38253,4661,0.241,0,0,1,Fake
user_4886,55,6,19739,580,271726,37419,495,556553,36495,2743,0.177,1,1,0,Fake
user_4887,538,1,21469,352,408884,18627,152,569054,25009,2042,0.19,1,1,1,Fake
user_4888,433,30,29177,906,423417,26583,331,849861,12694,752,0.288,1,0,0,Fake
user_4889,489,27,8003,347,76831,18074,365,227272,27281,2679,0.233,1,1,0,Fake
user_4890,553,1,9581,87,450940,4932,390,429042,5432,2705,0.3,1,1,1,Fake
user_4891,33,37,4250,907,415447,33361,20,971858,21389,3581,0.029,0,0,0,Fake
user_4892,514,40,19861,378,8106,12683,347,247660,9210,3304,0.21,1,1,1,Fake
user_4893,355,21,13035,70,191410,39863,237,453448,31040,2547,0.171,0,1,0,Fake
user_4894,403,16,15686,181,400837,33034,283,571208,25618,1181,0.125,1,0,1,Fake
user_4895,178,15,21547,138,1180,19809,286,551513,40075,1605,0.267,0,1,0,Fake
user_4896,468,6,4010,639,197193,7375,16,950064,21165,2286,0.288,0,0,1,Fake
user_4897,123,30,21515,307,283440,26932,87,697094,36153,83,0.023,0,0,0,Fake
user_4898,530,15,2516,693,75303,30280,210,699157,18471,1250,0.274,1,0,0,Fake
user_4899,471,21,2502,403,44225,15894,174,374902,19840,3103,0.264,0,1,1,Fake
user_4900,323,3,8198,938,345458,18938,90,25768,19852,4778,0.272,0,1,1,Fake
user_4901,8,21,17814,153,440758,30037,321,92045,10177,91,0.289,1,1,1,Fake
user_4902,12,33,6745,113,89621,34012,367,764107,970,4550,0.249,0,1,0,Fake
user_4903,215,50,16217,957,94607,41282,183,686545,9486,4631,0.233,0,0,0,Fake
user_4904,388,15,23109,809,117392,22502,56,415773,10490,3072,0.043,1,1,0,Fake
user_4905,594,4,24091,983,329868,13517,471,921800,17008,2197,0.034,1,1,1,Fake
user_4906,103,49,26654,684,183135,26127,205,813628,45487,4826,0.212,0,0,0,Fake
user_4907,333,38,11696,201,171909,48042,154,820318,36393,3183,0.217,0,1,0,Fake
user_4908,370,39,29413,984,353308,38110,364,670963,9776,3198,0.104,1,0,0,Fake
user_4909,265,28,29986,649,83475,35155,233,169308,16453,3426,0.157,0,1,1,Fake
user_4910,191,48,28139,328,45187,34944,373,482229,35172,4254,0.057,0,1,0,Fake
user_4911,561,6,7218,299,206232,7000,317,969218,35665,523,0.233,0,0,0,Fake
user_4912,269,40,14533,728,355858,24957,115,421022,25748,997,0.015,0,0,1,Fake
user_4913,242,28,23367,811,457939,19199,453,180247,12543,4405,0.245,0,1,1,Fake
user_4914,275,37,9919,971,345796,38291,114,620887,47460,1491,0.08,1,0,0,Fake
user_4915,482,7,12023,805,191910,34976,379,166634,4620,1139,0.153,1,0,1,Fake
user_4916,351,5,25565,85,7776,1832,131,193017,16011,4723,0.168,0,1,1,Fake
user_4917,374,3,18068,363,407522,17381,185,445764,30244,1195,0.252,1,0,0,Fake
user_4918,188,2,9590,617,175663,19006,379,453252,15381,1990,0.175,0,1,0,Real
user_4919,510,24,28474,818,282630,20711,223,456110,30279,1117,0.207,0,1,0,Fake
user_4920,434,20,21418,506,234504,647,77,465413,5033,2181,0.096,0,1,0,Fake
user_4921,215,44,8002,16,491288,39644,112,539726,19674,3143,0.022,1,1,1,Fake
user_4922,429,4,17263,636,54998,10922,38,871159,24051,4589,0.052,0,0,0,Fake
user_4923,381,50,29261,912,360053,43442,487,724702,2723,4019,0.001,1,1,0,Fake
user_4924,373,8,8766,604,138888,41943,107,539889,14834,1125,0.174,1,1,1,Fake
user_4925,410,3,10448,427,212302,33735,319,11736,4828,1521,0.0,1,0,0,Fake
user_4926,286,28,22864,173,298546,25853,249,597558,7200,429,0.067,0,1,0,Fake
user_4927,461,3,17741,373,78821,649,163,733203,34931,1855,0.217,0,0,0,Fake
user_4928,184,19,16496,871,384035,21408,144,721196,2068,3831,0.078,1,0,0,Fake
user_4929,585,39,3420,258,38200,11200,445,204174,45577,1702,0.13,1,1,1,Fake
user_4930,134,40,1769,196,274117,7750,20,469286,9994,1887,0.125,0,0,0,Fake
user_4931,589,27,11358,525,341469,2057,267,674843,24920,3981,0.206,1,1,1,Fake
user_4932,234,4,29505,286,403749,10749,474,416370,44501,4571,0.149,0,1,0,Fake
user_4933,102,6,13462,532,491293,26114,269,89784,24946,2210,0.27,1,1,0,Fake
user_4934,276,43,23117,925,91338,9144,470,995730,41372,436,0.036,1,0,1,Fake
user_4935,241,3,20377,937,38143,30060,37,414369,38480,3168,0.126,0,1,1,Fake
user_4936,568,35,15932,24,299168,2561,400,856710,7981,526,0.106,0,0,1,Fake
user_4937,442,3,9167,501,72741,25998,403,340645,17273,1669,0.255,1,0,0,Fake
user_4938,390,18,2570,326,171647,26228,440,177217,7964,4216,0.276,0,1,0,Fake
user_4939,200,24,6670,927,297725,18997,231,196357,39602,3388,0.19,0,1,0,Fake
user_4940,149,25,29886,170,208630,36233,259,577028,49953,4029,0.063,0,0,1,Fake
user_4941,153,6,4493,53,239455,39441,31,961310,16288,2464,0.086,1,0,0,Fake
user_4942,484,39,27571,664,395818,4011,268,671952,43878,4266,0.172,1,0,0,Fake
user_4943,9,48,17071,244,311516,1184,378,631480,37601,2676,0.104,0,0,0,Fake
user_4944,180,26,7554,717,20675,35675,319,708814,26788,4061,0.017,0,0,0,Fake
user_4945,431,14,9992,313,292304,11740,295,935320,419,4107,0.071,0,1,0,Fake
user_4946,511,38,24310,269,309661,17731,257,748815,25115,2003,0.15,1,0,1,Fake
user_4947,137,50,18119,459,280105,35038,31,563898,5588,421,0.203,0,0,0,Fake
user_4948,529,42,6906,443,405049,16558,315,638788,1606,2174,0.119,1,0,0,Fake
user_4949,546,39,4022,345,357492,23499,96,708,17281,2700,0.195,0,1,0,Fake
user_4950,323,0,12202,41,140780,34084,31,486329,29766,2685,0.119,0,1,0,Fake
user_4951,498,29,23753,279,123322,6840,357,305590,6063,4785,0.106,0,1,0,Fake
user_4952,307,24,26751,767,225423,14512,376,608992,32857,3154,0.159,0,0,1,Fake
user_4953,256,29,25819,777,326860,35,70,612087,37215,2666,0.043,1,1,1,Fake
user_4954,575,50,4651,672,319271,36456,316,253584,48782,3681,0.217,0,1,0,Fake
user_4955,581,27,1175,469,284089,35364,368,847693,8135,3271,0.28,1,0,1,Fake
user_4956,48,39,7703,675,151416,37560,324,333437,6680,3046,0.263,1,1,1,Fake
user_4957,407,39,22883,82,410700,36408,57,593075,38021,3771,0.057,1,1,0,Fake
user_4958,101,6,14427,340,286641,12448,286,561471,40346,4115,0.266,0,0,1,Fake
user_4959,167,21,21296,564,455122,43628,439,111329,8204,3156,0.231,1,1,1,Fake
user_4960,61,41,25041,32,8475,2696,380,142164,48079,4600,0.254,0,1,1,Fake
user_4961,220,43,14868,133,499692,21619,431,339171,20665,17,0.007,1,0,0,Fake
user_4962,260,50,3743,892,83014,31618,364,357982,24796,443,0.299,0,0,1,Fake
user_4963,487,1,697,948,66518,19996,332,652724,43108,2888,0.298,0,1,0,Fake
user_4964,98,29,16348,639,467757,43696,463,499773,44337,2763,0.268,0,1,1,Fake
user_4965,460,33,27404,10,481603,35445,154,503601,39272,549,0.294,0,1,0,Fake
user_4966,342,21,1106,752,19811,36114,453,487433,9372,1079,0.166,1,0,0,Fake
user_4967,266,37,8857,587,446102,15529,123,159691,19908,3240,0.147,0,0,1,Fake
user_4968,369,12,9108,19,173477,40557,50,454908,47597,3923,0.076,1,1,0,Fake
user_4969,368,6,19275,309,418583,38994,57,338392,31863,3476,0.275,1,1,0,Fake
user_4970,573,6,12588,389,17779,48293,112,632565,26817,2139,0.124,0,0,0,Fake
user_4971,570,0,9843,204,498807,31046,358,876552,36713,2092,0.268,0,0,0,Fake
user_4972,263,38,27104,926,317281,17164,448,520099,36189,4928,0.201,1,0,1,Fake
user_4973,352,45,2768,481,362698,48726,476,398649,43848,2162,0.171,1,0,0,Fake
user_4974,20,4,1956,389,382539,6945,84,310783,13855,1759,0.244,0,0,0,Real
user_4975,421,37,9145,397,120480,36263,425,26148,18970,3393,0.28,0,0,0,Fake
user_4976,124,50,28002,36,347243,22782,209,575715,4154,1836,0.109,0,0,1,Fake
user_4977,359,12,19980,711,441326,27262,203,879340,2966,1356,0.075,1,1,0,Fake
user_4978,203,36,12580,688,284312,15503,61,197091,14447,3824,0.163,1,1,0,Fake
user_4979,590,8,16231,276,227095,954,59,956442,17159,298,0.036,0,0,1,Fake
user_4980,589,40,617,713,377062,9789,181,584102,5144,3011,0.224,0,0,0,Fake
user_4981,551,32,28271,384,313641,29299,285,387299,18409,3367,0.206,1,0,1,Fake
user_4982,178,16,12536,343,375783,24284,151,778097,6110,879,0.257,1,0,1,Fake
user_4983,291,22,12604,375,362496,833,293,558053,12976,2091,0.06,1,1,0,Fake
user_4984,363,26,14549,822,131476,3096,183,25833,49520,3558,0.074,0,0,1,Fake
user_4985,332,30,1455,524,266003,41,297,332490,4571,2909,0.265,0,0,0,Fake
user_4986,522,46,7354,874,153022,13949,34,30750,33794,1580,0.011,1,1,1,Fake
user_4987,499,39,6741,802,339932,3009,185,969175,6792,2058,0.066,0,0,1,Fake
user_4988,457,28,12429,434,68151,44542,93,75958,7265,2074,0.081,0,1,0,Fake
user_4989,80,11,6043,416,156309,22604,419,963070,36855,1454,0.245,0,0,1,Fake
user_4990,390,15,21624,724,462679,47199,214,745099,41516,346,0.084,1,1,0,Fake
user_4991,293,8,14125,350,317507,25583,133,986909,6787,503,0.042,1,0,1,Fake
user_4992,474,2,17448,135,177063,49792,105,980489,20450,2390,0.192,1,0,0,Fake
user_4993,148,3,1712,965,443618,44487,346,305039,636,1236,0.154,0,1,1,Fake
user_4994,171,8,21640,354,385574,26430,71,130860,22400,719,0.106,0,1,1,Fake
user_4995,345,19,9999,736,319674,6673,67,810765,5631,4178,0.164,0,1,1,Fake
user_4996,431,37,1025,267,268543,38808,314,462229,45705,3533,0.153,0,0,0,Fake
user_4997,585,27,17745,565,290214,39088,345,114672,46128,3629,0.177,1,0,1,Fake
user_4998,414,32,25001,197,330047,23323,216,935268,15168,2048,0.005,0,1,0,Fake
user_4999,73,41,11396,500,34612,42273,26,993236,10261,3734,0.184,1,0,0,Fake
